ACCESSION_NUMBER	ID	PERSONSIGNATURE	PERSONTITLE	SIGNATUREDATE
0001665160-17-000723	1	Tarik Khribech	CEO, Principal Executive Officer and Director, Principal Financial Officer and Principal Accounting Officer	2017-12-29
0001665160-17-000720	1	Joachim Sandgaard	CEO, Director, Principal Executive Officer, Principal Financial Officer, and Principal Accounting Officer	2017-12-28
0001638829-17-000004	1	Graham Veysey	CEO	2017-12-20
0001638829-17-000004	2	Fisk Biggar	Head of Finance	2017-12-20
0001704837-17-000003	1	PEter B Gustis	CEO	2017-12-29
0001718385-17-000003	1	Nicholas Bouck	Co-founder, CEO	2017-10-19
0001719326-17-000006	1	Kevin Davis	CEO/President/Secretary/Director	2017-10-05
0001665160-17-000718	1	TARIK KHRIBECH	CEO	2017-12-28
0001665160-17-000718	2	ADAM CISEK	Director of Finance	2017-12-28
0001669191-17-000201	4	Olivier Grinda	Board Member	2017-10-03
0001669191-17-000201	3	Olivier Grinda	Principal Accounting Officer	2017-10-05
0001669191-17-000201	1	Olivier Grinda	Principal Executive Officer	2017-10-03
0001669191-17-000201	2	Olivier Grinda	Principal Financial Officer	2017-10-05
0001726190-17-000001	1	/s/ Justin Thibualt	Principal Financial Officer / Principal Accounting Officer	2017-10-30
0001726190-17-000001	2	/s/ Cathrine Thibault	Board Member	2017-10-31
0001723477-17-000002	1	Isabel Berney	COO	2017-12-27
0001724862-17-000001	1	Han Hu	Director	2017-12-26
0001665160-17-000716	1	George B. Brown	CEO, Principal Executive Officer and Director, Principal Financial Officer and Principal Accounting Officer	2017-12-26
0001665160-17-000714	1	Ryan Oliges	CEO, Principal Executive Officer and Director, Principal Financial Officer and Principal Accounting Officer	2017-12-26
0001665160-17-000713	1	Eric Ralls	Founder, CEO, Treasurer, Secretary, Director, Principal accounting officer, Principal financial officer	2017-12-26
0001670254-17-000392	1	Anne L Maleady	Director	2017-12-21
0001670254-17-000392	2	Demetri Coupounas	CEO	2017-12-21
0001705954-17-000008	2	Austen Weinhart	Manager	2017-12-22
0001705954-17-000008	1	Oliver Thornton	Manager	2017-12-22
0001705954-17-000006	1	Martha Hernandez	Director	2017-12-22
0001705954-17-000005	1	Ankur Garga	Manager	2017-12-22
0001705954-17-000005	2	Ash Kumra	Manager	2017-12-22
0001705954-17-000003	1	Martha Hernandez	CEO, President, CFO and Director	2017-12-22
0001705954-17-000002	1	Martha Hernandez	CEO, President, CFO and Director	2017-12-22
0001722152-17-000003	1	Patricia Hertling	Director, Chief Executive Officer, and President	2017-12-22
0001722152-17-000003	2	Robert Abraham Stevens	Director, VP, and Chief Technology Officer	2017-12-22
0001722152-17-000003	3	Nikolas Gambaroff Moeller	Director and Chief Financial Officer	2017-12-22
0001722152-17-000003	4	Thymaya Paine	Director, Secretary and VP of Operations	2017-12-22
0001665160-17-000712	1	Peter F Travers	CEO and Managing Member, Principal Financial Officer and Principal Accounting Officer	2017-09-28
0001724467-17-000001	1	Crystal Etienne	CEO	2017-12-22
0001719970-17-000004	1	Robert Cefail	President	2017-12-22
0001670254-17-000389	2	Gregory Shohat	Founder and CEO	2017-12-21
0001670254-17-000388	1	Dustin Windham	CEO	2017-12-21
0001670254-17-000387	1	Michael Rosenberg	President	2017-12-21
0001670254-17-000387	2	Marta Mendizabal	VP & COO	2017-12-21
0001670254-17-000390	1	Timothy Taylor	CEO	2017-12-20
0001670254-17-000389	1	Eloy Lopez	COO and President	2017-12-21
0001670254-17-000386	2	Karlene Hunter	Cofounder and CEO	2017-12-21
0001724453-17-000004	1	Sohrob Farudi	Founder & CEO	2017-12-11
0001665160-17-000710	1	Ryan Oliges	CEO, Principal Executive Officer and Director, Principal Financial Officer and Principal Accounting Officer	2017-12-21
0001665160-17-000708	1	Ryan Oliges	CEO, Principal Executive Officer and Director, Principal Financial Officer and Principal Accounting Officer	2017-12-19
0001670254-17-000386	1	MARK TILSEN	PRESIDENT	2017-12-21
0001726073-17-000001	1	Scott Bachman	Manager of Crudefunders	2017-12-21
0001670254-17-000385	6	Amy Everhart	Director	2017-12-20
0001670254-17-000385	5	Clifton Olle	Director	2017-12-20
0001670254-17-000385	4	Jonathon Gins	Co-founder	2017-12-20
0001670254-17-000385	3	Char Hu	Director	2017-12-20
0001670254-17-000385	2	Frank (Dick) Moeller	Board Chair	2017-12-20
0001670254-17-000385	1	Elena White	Director	2017-12-20
0001670254-17-000385	7	Ian Davis	Co-Founder and CEO	2017-12-20
0001679373-17-000003	2	Scott Stewart Thompson	Director	2017-12-21
0001679373-17-000003	1	Brandi LeAnn DeCarli	Director	2017-12-21
0001670254-17-000384	2	Theodore Muftic	CFO	2017-12-20
0001670254-17-000384	1	Marcus Slater	VP of Marketing	2017-12-20
0001670254-17-000384	3	Mario Costanz	CEO	2017-12-20
0001670254-17-000383	1	Jared Heyman	CEO	2017-12-19
0001670254-17-000381	2	Joseph Hyman	Co-Founder and CEO	2017-12-20
0001670254-17-000381	1	Alexandr Wing	Co-Founder and COO	2017-12-20
0001593780-17-000005	1	Bill Gross	CEO and Director	2017-12-20
0001593780-17-000005	4	Carl Sheldon	Director	2017-12-20
0001593780-17-000005	3	Steven Dietz	Director	2017-12-20
0001593780-17-000005	2	Tom McGovern	Director	2017-12-20
0001718528-17-000004	1	Robert Steele	Chairman and Member	2017-12-20
0001718528-17-000004	2	Kevin Chow	CEO, Comptroller, Chief Financial Officer, and Member	2017-12-20
0001670254-17-000379	1	Hideaki Yoshimura	Mr	2017-12-03
0001665160-17-000701	1	Tabyna Khan	CEO, Principal Executive Officer and Director, Principal Financial Officer and Principal Accounting Officer	2017-12-19
0001665160-17-000706	1	Kirk Maust	CEO, Principal Executive Officer and Manager, Principal Financial Officer and Principal Accounting Officer	2017-12-19
0001670254-17-000377	1	Bernard Loyd	President	2017-12-19
0001665160-17-000698	1	Cory Faulkner	CEO, Principal Executive Officer and Director, Principal Financial Officer, and Principal Accounting Officer	2017-12-19
0001670254-17-000379	2	Iker Ibanez Banor	Mr	2017-12-03
0001670254-17-000379	3	Sean Gunasekera	Mr	2017-12-03
0001670254-17-000379	4	Adam Neat	Founder	2017-11-29
0001665160-17-000707	1	Christopher D. White	CEO, Principal Executive Officer and Director, Principal Financial Officer and Principal Accounting Officer	2017-10-03
0001665160-17-000704	1	Ryan Oliges	CEO, Principal Executive Officer and Director, Principal Financial Officer and Principal Accounting Officer	2017-12-19
0001665160-17-000695	1	Kirk Maust	CEO, Principal Executive Officer and Manager, Principal Financial Officer and Principal Accounting Officer	2017-12-19
0001669191-17-000193	4	Nick DeGeorge	Board Member	2017-09-12
0001669191-17-000193	3	Scott Hansbury	Principal Accounting Officer	2017-09-12
0001669191-17-000193	2	Scott Hansbury	Principal Financial Officer	2017-09-12
0001669191-17-000193	1	Frank DeGeorge	Principal Executive Officer	2017-09-12
0001669191-17-000193	5	Frank DeGeorge	Board Member	2017-09-12
0001669191-17-000193	6	Scott Hansbury	Board Member	2017-09-12
0001669191-17-000192	6	Eric Forman	Board Member	2017-10-06
0001669191-17-000192	5	Jon Spencer	Board Member	2017-10-09
0001669191-17-000192	4	Jen Forman	Board Member	2017-10-06
0001669191-17-000192	3	Jen Forman	Principal Accounting Officer	2017-10-06
0001669191-17-000192	2	Jen Forman	Principal Financial Officer	2017-10-06
0001669191-17-000192	1	Jen Forman	Principal Executive Officer	2017-10-06
0001665160-17-000693	1	David Fennema	CEO, Principal Executive Officer, Principal Financial Officer, Principal Accounting Officer, Manager	2017-12-18
0001719977-17-000002	2	Dustin Hemesath	President	2017-12-18
0001719977-17-000002	1	Will Anderson	Chief Operating Officer	2017-12-18
0001719977-17-000002	3	Carson Goodale	Chief Executive Officer	2017-12-18
0001670254-17-000376	1	Albert Dahan	CEO	2017-06-22
0001665160-17-000692	1	Mark Lyle	CEO, CTO, Principal Executive Officer and Director, Principal Financial Officer and Principal Accounting Officer	2017-12-18
0001665160-17-000691	1	Lisa Machat	Director	2017-12-18
0001665160-17-000691	2	Michael Machat	CEO, Principal Executive Officer and Director, Principal Financial Officer and Principal Accounting Officer	2017-12-18
0001708151-17-000007	1	Wai Lun Pun	COO	2017-12-18
0001708151-17-000006	1	Wai Lun Pun	COO	2017-12-18
0001708151-17-000005	1	Wai Lun Pun	COO	2017-12-18
0001723348-17-000001	1	Melissa Horst	Owner	2017-12-15
0001665160-17-000690	1	Marlin Miller	CFO and Principal Accounting Officer	2017-09-26
0001665160-17-000690	4	Frank Kocsis	Board Director	2017-09-26
0001665160-17-000690	3	Gerald Marxman	Board Director	2017-09-26
0001665160-17-000690	2	Randy Paynter	CEO and Board Director	2017-09-26
0001718518-17-000005	1	Mychal Simka	Director	2017-10-10
0001665160-17-000689	1	Channing Porter	CEO, Principal Executive Officer and Director, Principal Financial Officer and Principal Accounting Officer	2017-12-15
0001724833-17-000001	3	/s/ Tom Rogers	Board Member	2017-12-06
0001724833-17-000001	2	/s/ Deborah Wallister	Board Member	2017-12-06
0001724833-17-000001	1	/s/ Deborah Wallister	CEO/financial officer/accounting officer	2017-12-06
0001669654-17-000001	1	Gabe Zichermann	CEO	2017-11-27
0001669654-17-000001	2	Adam Singer	CTO	2017-11-27
0001724091-17-000003	1	Lian Pham	Partner of the general partner	2017-12-14
0001724091-17-000003	2	Lam Mai	Partner of the general partner	2017-12-14
0001724091-17-000001	1	Lian Pham	Partner of the general partner	2017-12-14
0001724091-17-000001	2	Lam Mai	Partner of the general partner	2017-12-14
0001665160-17-000688	2	David Fogel	Chief Financial Officer, Principal Accounting Officer	2017-12-14
0001665160-17-000688	1	Michael Burtov	Chief Executive Officer and Director	2017-12-14
0001670254-17-000375	2	James Hyde	Vice-Chairman	2017-12-10
0001670254-17-000375	3	Brian Van Flandern	Board Member	2017-12-10
0001670254-17-000375	4	Glenn Pohs	Director	2017-12-09
0001670254-17-000375	5	Ronald H. Miller	President/CEO and Co Vice Chairman	2017-12-09
0001670254-17-000375	6	Steven Heller	secretary	2017-12-09
0001670254-17-000375	7	Steven Relis	CFO and Treasurer	2017-12-08
0001670254-17-000375	1	James	Hyde	2017-12-10
0001670254-17-000375	9	Steve Vanechanos	Executive Chairman of the Board	2017-12-08
0001670254-17-000375	8	Steve Vanechanos	Executive Chairman of the Board	2017-12-08
0001718518-17-000004	1	Mychal Simka	Director	2017-10-10
0001722007-17-000001	1	Naomi Homison	Managing Director	2017-12-14
0001139685-17-000004	1	Jonathan Cohen	President and CEO	2017-12-14
0001723949-17-000001	1	Kent Hardman	CEO	2017-12-13
0001710013-17-000003	1	Michael Smock	President	2017-12-12
0001665160-17-000687	1	John Cascarano	CEO, Principal Executive Officer and Manager, Principal Financial Officer and Principal Accounting Officer	2017-12-12
0001665160-17-000684	1	Leslie Hernandez	CEO, Principal Executive Officer and Director, Principal Financial Officer and Principal Accounting Officer	2017-12-12
0001724453-17-000003	1	Sohrob Farudi	Founder & CEO	2017-12-11
0001708151-17-000004	1	Wai Lun Pun	COO	2017-12-12
0001669191-17-000189	1	Robert Chunn	Principal Executive Officer	2017-11-07
0001669191-17-000189	5	Rodney Hare	Board Member	2017-11-07
0001669191-17-000189	4	Robert Chunn	Board Member	2017-11-07
0001669191-17-000189	2	Rodney Hare	Principal Financial Officer	2017-11-07
0001669191-17-000189	3	Rodney Hare	Principal Accounting Officer	2017-11-07
0001665160-17-000676	1	Rod Smith	CEO, Principal Executive Officer and Director, Principal Financial Officer and Principal Accounting Officer	2017-12-11
0001665160-17-000678	1	Eskil Nordhaug	CEO, Principal Executive Officer and Manager, Principal Financial Officer and Principal Accounting Officer	2017-12-11
0001665160-17-000675	1	Rod Smith	CEO, Principal Executive Officer and Director, Principal Financial Officer and Principal Accounting Officer	2017-12-11
0001665160-17-000674	1	Gary Jurman	CEO, Principal Executive Officer and Director, Principal Financial Officer and Principal Accounting Officer	2017-12-11
0001724453-17-000001	1	Sohrob Farudi	Founder & CEO	2017-12-11
0001665160-17-000672	1	Gary Jurman	Principal Executive Officer and Director, Principal Financial Officer and Principal Accounting Officer	2017-12-11
0001665160-17-000670	1	Jamie Garelli	CEO, Principal Executive Officer and Director, Principal Financial Officer and Principal Accounting Officer	2017-12-11
0001665160-17-000670	2	Don DiCostanzo	Director	2017-12-11
0001665160-17-000670	3	Gregory L. Hirsch	Director	2017-12-11
0001665160-17-000669	1	David Goodman	Principal Executive Officer and Director, Principal Accounting Officer, Principal Financial Officer	2017-12-11
0001724740-17-000003	1	YouNow Inc.	Managing Member	2017-12-11
0001724740-17-000003	2	Crowd Include LLC	Securities Member	2017-12-11
0001670254-17-000374	1	Peter Nevenglosky	Co-CEO	2017-12-01
0001670254-17-000374	2	Nathan Whitehouse	CEO	2017-11-30
0001724740-17-000001	1	YouNow, Inc.	Managing Member	2017-12-08
0001724740-17-000001	2	Crowd Include LLC	Securities Member	2017-12-08
0001722152-17-000001	1	Patricia Hertling	President	2017-11-22
0001720905-17-000001	1	Yung-Chih Chen	President	2017-12-08
0001723843-17-000001	3	Roie Edery	CEO	2017-12-08
0001723843-17-000001	2	Aleksey Klempner	Founder	2017-12-08
0001723843-17-000001	1	Eran Peery	Founder	2017-12-08
0001670254-17-000372	1	Todd Schechter	COO & co-founder	2017-12-06
0001665160-17-000666	1	Eric Ralls	Founder, CEO, Treasurer, Secretary, Director, Principal accounting officer, Principal financial officer	2017-12-07
0001670254-17-000372	2	Noel Weinstein	Board Member	2017-12-04
0001670254-17-000372	3	Chelsea Brownridge	CEO and Founder	2017-12-03
0001665160-17-000665	1	Atara Dzikowski	CEO and Director	2017-12-07
0001665160-17-000665	2	David Dahan	Principal Financial Officer and Principal Accounting Officer	2017-12-07
0001724637-17-000001	1	Rassul Zarinfar	President/CEO of sole member	2017-12-07
0001720880-17-000003	1	Melissa Jane Stapley	Founder and CEO	2017-12-07
0001665160-17-000663	6	David Heyman	Director of Applied Philosophy Lab, P.B.C., as sole member of Indeco, LLC	2017-12-07
0001665160-17-000663	5	Jeff Hembrock	Director of Applied Philosophy Lab, P.B.C., as sole member of Indeco, LLC	2017-12-07
0001665160-17-000663	4	Paul Feldman	Director of Applied Philosophy Lab, P.B.C., as sole member of Indeco, LLC	2017-12-07
0001665160-17-000663	3	Denise Denson	Director of Applied Philosophy Lab, P.B.C., as sole member of Indeco, LLC	2017-12-07
0001665160-17-000663	1	David Levine	Principal Executive Officer, Principal Accounting Officer, and Director of Applied Philosophy Lab, P.B.C., as sole member of Indeco, LLC	2017-12-07
0001665160-17-000663	2	Russell Bruemmer	Director of Applied Philosophy Lab, P.B.C., as sole member of Indeco, LLC	2017-12-07
0001717257-17-000003	1	/s/ Elaine Brodsky	Board Member	2017-12-07
0001716818-17-000004	2	Carlo Bizzotto	Director	2017-12-07
0001716818-17-000004	1	Benjamin Hossein-Zadeh	Director	2017-12-07
0001716818-17-000004	3	Andrew Raisman	Director	2017-12-07
0001708151-17-000003	1	Wai Lun Pun	COO	2017-12-06
0001665160-17-000662	1	Ruben Cortez	CEO, Principal Executive Officer and Director, Principal Financial Officer and Principal Accounting Officer	2017-09-12
0001665160-17-000662	4	Dmitriy Smirnov	Director	2017-09-12
0001665160-17-000662	3	Igor Efremov	Director	2017-09-12
0001665160-17-000662	2	Mark Rizzo	Chief Technology Officer, Secretary, and Director	2017-09-12
0001722182-17-000001	1	Emily Dong	CEO	2017-11-20
0001670254-17-000369	1	Michael Kanter	CEO	2017-12-05
0001670254-17-000370	1	Sheila R. W. Copeland	VP of Government Licensing  and Greek Organization	2017-11-30
0001670254-17-000370	2	Vanessa Braxton	CEO & President	2017-11-30
0001620525-17-000002	1	Graham Dodge	Co-Founder and CEO	2017-12-05
0001620525-17-000002	2	James Sajor	Co-Founder and COO	2017-12-05
0001620525-17-000002	3	Michael Belt	Co-Founder and CTO	2017-12-05
0001670254-17-000368	1	Stacy Lowery	President	2017-11-03
0001670254-17-000368	2	Alex Hall	CEO	2017-11-03
0001670254-17-000366	1	Jeanene Morgan	Chief Financial Officer	2017-12-02
0001670254-17-000366	2	Hayden Michael Moeller	Chief Operating Officer	2017-11-29
0001670254-17-000366	3	Klaus Moeller	Founder	2017-11-29
0001720033-17-000001	1	Vico Neve Enterprises Ltd.	Managing Member	2017-12-05
0001670254-17-000365	1	Jeanene Morgan	Chief Financial Officer	2017-12-02
0001670254-17-000365	2	Hayden Michael Moeller	Chief Operating Officer	2017-11-30
0001665160-17-000661	5	Russell Bruemmer	Director	2017-12-04
0001665160-17-000661	4	Jeff Hembrock	Director	2017-12-04
0001665160-17-000661	3	Paul Feldman	Director	2017-12-04
0001670254-17-000365	3	Klaus Moeller	Founder	2017-11-30
0001665160-17-000661	1	David Levine	Principal Accounting Officer and Director	2017-12-04
0001665160-17-000661	2	Denise Denson	Director	2017-12-04
0001670254-17-000363	2	Hayden Michael Moeller	Chief Operating Officer	2017-11-29
0001670254-17-000363	3	Klaus Moeller	Founder	2017-11-29
0001670254-17-000363	1	Jeanene Morgan	Chief Financial Officer	2017-12-02
0001670254-17-000362	1	Daniel Schmachtenberger	Chief Strategy Officer	2017-12-05
0001670254-17-000362	3	Jordan Greenhall	CEO	2017-12-05
0001670254-17-000362	2	James Schmachtenberger	President	2017-12-05
0001669191-17-000188	2	Brad Ziajor	Principal Financial Officer	2017-08-28
0001669191-17-000188	3	Brad Ziajor	Principal Accounting Officer	2017-08-28
0001669191-17-000188	1	Brad Ziajor	Principal Executive Officer	2017-08-28
0001669191-17-000185	2	Francis Huynh	Principal Financial Officer	2017-08-28
0001669191-17-000185	3	Francis Huynh	Principal Accounting Officer	2017-08-28
0001669191-17-000185	1	Francis Huynh	Principal Executive Officer	2017-08-28
0001669191-17-000183	2	Mark Jennings	Principal Financial Officer	2017-11-30
0001669191-17-000183	1	Mark Jennings	Principal Executive Officer	2017-11-30
0001669191-17-000183	3	Mark Jennings	Principal Accounting Officer	2017-11-30
0001669191-17-000183	4	Mark Jennings	Board Member	2017-11-30
0001718354-17-000003	1	Shiva Kashalkar	CEO	2017-12-04
0001669191-17-000180	4	Jessica Hyejin Lee	Board Member	2017-09-17
0001669191-17-000180	3	Jessica Hyejin Lee	Principal Accounting Officer	2017-09-17
0001669191-17-000180	2	Jessica Hyejin Lee	Principal Financial Officer	2017-09-17
0001669191-17-000180	1	Jessica Hyejin Lee	Principal Executive Officer	2017-09-17
0001723487-17-000001	1	Charles Feltman	President/CEO	2017-12-04
0001670254-17-000361	2	Joseph Cotropia	CSO	2017-12-01
0001670254-17-000361	3	Charles Cotropia	CEO	2017-12-01
0001664526-17-000009	1	Brian Monnin	CEO	2017-12-01
0001670254-17-000361	1	Paul D. Fellegy	CFO	2017-12-01
0001665160-17-000660	2	Richard Cuoto	Chief Financial Officer, Principal Accounting Officer	2017-12-01
0001665160-17-000660	1	Michael Burtov	Chief Executive Officer and Director	2017-12-01
0001664526-17-000008	1	Brian Monnin	Chief Executive Officer	2017-11-01
0001718971-17-000003	1	Erick Opeka	Co-Founder	2017-10-13
0001718971-17-000003	2	Jason Connell	Co-Founder - President	2017-10-13
0001665160-17-000658	1	Steve Nauert	CEO, Principle Executive Officer and Director, Principle Financial Officer and Principle Accounting Officer	2017-12-01
0001708151-17-000002	1	Wai Lun Pun	COO	2017-11-30
0001665160-17-000656	2	Jeremy Belchinsky	Principal Executive Officer and Director	2017-11-30
0001665160-17-000656	1	Brad Kifferstein	CEO	2017-11-30
0001665160-17-000656	3	Brad Shanahan	Principal Accounting Officer and Principal Financial Officer	2017-11-30
0001644600-17-000172	1	Koushalah Sunder	Principal Executive Officer, Principal Financial Officer and Director	2017-11-30
0001644600-17-000172	2	Sunder Nadarajah	Controller	2017-11-30
0001723677-17-000001	1	Maria Alexandra Jaton	CCO and Co-Founder	2017-11-30
0001723677-17-000001	2	Sven Ernst	Director and Co-Founder	2017-11-30
0001723677-17-000001	3	Alexander Klein	CEO and Co-Founder	2017-11-30
0001723677-17-000001	4	Eduard Sachava	CTO	2017-11-30
0001670254-17-000359	2	Marcus Slater	VP of Marketing	2017-11-15
0001670254-17-000359	3	Mario Costanz	CEO	2017-11-15
0001715007-17-000003	1	Seema Lindskog	Founder & CEO	2017-11-29
0001670254-17-000359	1	Theodore Muftic	CFO	2017-11-15
0001670254-17-000360	1	Kevin Strom	CEO	2017-11-18
0001718414-17-000005	2	Daniel Twyman	Managing Partner	2017-11-29
0001718414-17-000005	1	Brian Gettelfinger	Managing Partner	2017-11-29
0001665160-17-000655	5	Tim Larson	SVP - Distribution	2017-11-29
0001665160-17-000655	4	Dan Zifkin	President and CEO	2017-11-29
0001665160-17-000655	3	Jessica Hoyt	VP Program Acquisitions	2017-11-29
0001715813-17-000004	1	/s/ Cheryl Clements	Chief Executive Officer	2017-11-29
0001665160-17-000655	1	Jon Bottorff	CFO	2017-11-29
0001665160-17-000655	2	James Betesh	SVP - Operations	2017-11-29
0001649856-17-000004	3	Todd Horowitz	Board of Director	2017-11-28
0001649856-17-000004	4	Bradley Harrison	Board of Director	2017-11-28
0001649856-17-000004	1	Edward B. Hopper, III	CEO	2017-11-28
0001670254-17-000358	1	Benjamin Bondar	CEO & Founder	2017-11-28
0001665160-17-000653	1	Aaron Itzkowitz	CEO, President, Chairman, Director, Principal Executive Officer	2017-11-28
0001665160-17-000653	2	Ron Erickson	Director	2017-11-28
0001665160-17-000653	3	David Markowski	Principal Financial Officer, Principal Accounting Officer	2017-11-28
0001649856-17-000004	2	Mrinali Vaswani	CFO & COO	2017-11-28
0001665160-17-000649	1	Frank Erik Banks	CEO, Principal Executive Officer and Director, Principal Financial Officer and Principal Accounting Officer	2017-11-28
0001665160-17-000645	1	Brad Rego	CEO, Principal Executive Officer and Manager, Principal Financial Officer and Principal Accounting Officer	2017-11-28
0001716174-17-000003	1	Anand (Andy) Pandharikar	Founder and CEO	2017-09-18
0001670254-17-000357	4	Emily Montoya	Chief Brand Officer	2017-11-22
0001670254-17-000357	5	Corvas Brinkerhoff	Chief Technology Officer	2017-11-22
0001670254-17-000357	6	Damian Taggart	Chief Business Development Officer	2017-11-22
0001670254-17-000357	7	Peter Andrew Zandan	Board Member	2017-11-22
0001670254-17-000357	8	Vince Kadlubek	CEO	2017-11-21
0001670254-17-000357	2	Andrew Tulchin	Chief Financial Officer	2017-11-27
0001670254-17-000357	1	Matthew King	Chief Creative Officer	2017-11-27
0001670254-17-000357	3	Sean Di Ianni	COO	2017-11-27
0001670254-17-000355	5	Roger Baer	CEO	2017-11-17
0001670254-17-000355	4	Daniel Johnson	President	2017-11-17
0001670254-17-000355	3	Robert Nowaczyk	Founder/Chairman	2017-11-17
0001670254-17-000355	2	Christopher Allender	Promotions Director	2017-11-17
0001670254-17-000355	1	Thomas Nikosey	CCO/Branding	2017-11-19
0001670254-17-000355	6	David Johnson	COO/CFO	2017-11-17
0001715704-17-000003	1	Neeraj Sharma	CEO, Comptroller, Chief Financial Officer, and Director	2017-11-27
0001715704-17-000003	2	Deep Shikha Vashisth	Director	2017-11-27
0001665160-17-000641	1	Robert Taylor Hughes	CEO, Principal Executive Officer, and Director	2017-11-27
0001665160-17-000641	2	Richard Friedberg	Principal Financial Officer, Principal Accounting Officer, Manager	2017-11-27
0001705496-17-000008	1	Lu Yany	Managing Member	2017-11-27
0001665160-17-000638	1	Kanwar Singh	CEO, Principal Executive Officer	2017-11-27
0001665160-17-000638	3	Gabriela Vidal-Corrales	Managing Member, Director	2017-11-27
0001665160-17-000638	2	Stuart Kramer	CFO, Principle Financial Officer, Principle Accounting Officer	2017-11-27
0001723146-17-000002	1	Jay Noland	CEO	2017-11-27
0001718414-17-000004	1	Brian Gettelfinger	Managing Partner	2017-11-24
0001718414-17-000004	2	Daniel Twyman	Managing Partner	2017-11-24
0001665160-17-000636	1	Aike Muller	Principal Executive Officer and President	2017-11-22
0001665160-17-000636	2	Friso Schmid	Principal Executive Officer and Director, Principal Financial Officer and Principal Accounting Officer	2017-11-22
0001669191-17-000174	1	Jen Forman	Principal Executive Officer	2017-10-06
0001669191-17-000174	6	Eric Forman	Board Member	2017-10-06
0001669191-17-000174	5	Jon Spencer	Board Member	2017-10-09
0001669191-17-000174	4	Jen Forman	Board Member	2017-10-06
0001669191-17-000174	3	Jen Forman	Principal Accounting Officer	2017-10-06
0001669191-17-000174	2	Jen Forman	Principal Financial Officer	2017-10-06
0001690909-17-000005	2	Ravi Patel	Director	2017-11-22
0001690909-17-000005	1	Aristotle Loumis	Director	2017-11-22
0001716818-17-000003	2	Carlo Bizzotto	Director	2017-11-22
0001716818-17-000003	3	Andrew Raisman	Director	2017-11-22
0001716818-17-000003	1	Benjamin Hossein-Zadeh	Director	2017-11-22
0001665160-17-000634	1	Michael Kolb	President, Principal Executive Officer and Director, Principal Financial Officer and Principal Accounting Officer	2017-11-22
0001665160-17-000632	1	David Fennema	CEO, Principal Executive Officer, Principal Financial Officer, Principal Accounting Officer, Manager	2017-11-22
0001665160-17-000631	1	David Fennema	CEO, Principal Executive Officer, Principal Financial Officer, Principal Accounting Officer, Manager	2017-11-22
0001690909-17-000004	1	Aristotle Loumis	Director	2017-11-21
0001670254-17-000354	2	Gary Mekikian	Co-founder and CTO	2017-11-20
0001665160-17-000621	1	Brig Taylor	Founder and CEO	2017-11-21
0001665160-17-000621	2	Michelle Taylor	President and Creative Director	2017-11-21
0001665160-17-000621	3	Rick Lilley	Chief Operations Officer	2017-11-21
0001665160-17-000621	4	Navi Singh	Chief Financial Officer	2017-11-21
0001665160-17-000621	5	Cameron Diegle	Financial Controller	2017-11-21
0001674439-17-000010	1	Ralf-Rainer von Albedyhll	CEO	2017-11-21
0001665160-17-000627	1	David Fennema	CEO, Principal Executive Officer, Principal Financial Officer, Principal Accounting Officer, Manager	2017-10-31
0001670254-17-000354	1	Tigarn Mekikian	Board Member	2017-11-20
0001665160-17-000622	1	Rick Medlen	CEO, Principal Executive Officer and Director, Principal Financial Officer and Principal Accounting Officer	2017-11-21
0001665160-17-000623	1	Andrew Ochoa	CEO, Principal Executive Officer, Director, Principal Financial Officer, Principal Accounting Officer	2017-11-21
0001690909-17-000004	2	Ravi Patel	Director	2017-11-21
0001690909-17-000004	3	John Roa	Director	2017-11-21
0001665160-17-000629	1	Gary Fenton	Principal Executive Officer and Managing Partner, Principal Financial Officer and Principal Accounting Officer	2017-11-21
0001665160-17-000625	1	David Fennema	CEO, Principal Executive Officer, Principal Financial Officer, Principal Accounting Officer, Manager	2017-10-31
0001665160-17-000620	1	Tim Bradford	CTO/Director	2017-09-27
0001716298-17-000004	3	Leslie Smith	Chairman of the Board and Chief Operating Officer	2017-11-17
0001716298-17-000004	4	Maria Del Mar Gomez Viela	Director	2017-11-17
0001716298-17-000004	2	Emily Levy	Director and Chief Executive Officer	2017-11-17
0001716298-17-000004	1	Yousef Al-Humaidhi	Director and Chief Financial Officer	2017-11-17
0001722475-17-000001	1	Dwight Orbin Johnson	CEO	2017-11-21
0001665160-17-000619	1	Eric Vaughn	CEO, Principle Executive Officer and Director, Principal Financial Officer, and Principal Accounting Officer	2017-11-21
0001719326-17-000004	1	Kevin Davis	CEO/President/Secretary/Director	2017-10-05
0001665160-17-000616	1	Robert Laing	CEO, Principal Executive Officer and Director, Principal Financial Officer and Principal Accounting Officer	2017-11-20
0001718518-17-000003	1	Mychal Simka	Director	2017-10-10
0001719488-17-000001	1	Nick Apostolopoulos	Sole owner of the sole member of the Issuer	2017-11-20
0001670254-17-000351	1	Tara Gardner	Director	2017-11-15
0001670254-17-000351	2	Lowrie B. Fawley	Managing Member	2017-11-15
0001670254-17-000350	1	Robin Cooper	Chief Academic Officer	2017-11-17
0001670254-17-000350	2	Ladie Malek	Co-Founder and President	2017-11-17
0001690888-17-000008	3	Arshad Hisham	Chief Accounting Officer	2017-11-20
0001690888-17-000008	4	Arshad Hisham	Director	2017-11-20
0001690888-17-000008	2	Anurag Pal	Chief Financial Officer	2017-11-20
0001690888-17-000008	1	Arshad Hisham	Principle Executive Officer	2017-11-20
0001690888-17-000008	5	Anurag Pal	Director	2017-11-20
0001670254-17-000347	2	Ladie Malek	Co-Founder and President	2017-11-17
0001670254-17-000347	1	Robin Cooper	Chief Academic Officer	2017-11-17
0001670254-17-000345	2	Jennifer Stanchak	Cofounder & CTO	2017-11-17
0001670254-17-000345	3	Chris Stanchak	Cofounder & CEO	2017-11-17
0001670254-17-000345	1	Gabriel Weinberg	Director	2017-11-17
0001665160-17-000613	1	David Laiderman	Principal Executive Officer and Director, Principal Financial Officer, and Principal Accounting Officer	2017-07-25
0001670254-17-000341	1	Robin Cooper	Chief Academic Officer	2017-11-17
0001670254-17-000341	2	Ladie Malek	Co-Founder and President	2017-11-17
0001670254-17-000339	4	Richard Yanda	President	2017-11-16
0001670254-17-000339	3	Paul Thorvald Rygaard	VP of Engineering	2017-11-16
0001670254-17-000339	2	Mark J Stephenson	Director	2017-11-17
0001670254-17-000339	1	Raymond P Medeiros	Executive Vice President	2017-11-17
0001665160-17-000604	1	Stacie A. Claytor	CEO, Principal Executive Officer and Director, Principal Financial Officer and Principal Accounting Officer	2017-11-15
0001665160-17-000607	1	George Giovanis	CEO, Principal Executive Officer and Director, Principal Financial Officer and Principal Accounting Officer	2017-11-17
0001720822-17-000001	1	Janet WU	CEO	2017-11-17
0001670254-17-000343	1	Paul Buijs	Vice President Operations	2017-11-17
0001670254-17-000343	2	Alexander Nicholas	Founder and CEO	2017-11-17
0001665160-17-000612	1	Michael Licamele	CEO, Principal Executive Officer and Sole Director, Principal Financial Officer and Principal Accounting Officer	2017-11-17
0001719326-17-000003	1	Kevin Davis	CEO/President/Secretary/Director	2017-10-05
0001719882-17-000001	2	Justin Stewart	Member	2017-11-17
0001719882-17-000001	1	Meade Lewis	Member	2017-11-17
0001716298-17-000001	4	Maria Del Mar Gomez Viela	Director	2017-11-17
0001716298-17-000001	3	Leslie Smith	Chairman of the Board and Chief Operating Officer	2017-11-17
0001716298-17-000001	2	Emily Levy	Director and Chief Executive Officer	2017-11-17
0001716298-17-000001	1	Yousef Al-Humaidhi	Director and Chief Financial Officer	2017-11-17
0001713410-17-000003	1	/s/ Sean Rimokh	Chief Executive Officer	2017-11-17
0001598982-17-000003	1	Sandra Gault	Director and Chief Executive Officer	2017-11-17
0001598982-17-000003	2	Jennifer Tegan	Director	2017-11-17
0001598982-17-000003	3	Julian Sanchez	Director and Vice President of Operations	2017-11-17
0001665160-17-000601	1	Stephen T Sorenson	CEO, Principal Executive Officer and Director, Principal Financial Officer and Principal Accounting Officer	2017-11-16
0001665160-17-000598	1	Paul Wagner	CEO, Principal Executive Officer, Director, Principal Financial Officer, Principal Accounting Officer	2017-11-15
0001710782-17-000001	1	Khadijeh Hindi	Managing Partner	2017-11-17
0001715013-17-000004	1	Shaun Masavage	Managing Member	2017-11-17
0001719970-17-000002	1	Robert Cefail	President	2017-11-17
0001715007-17-000001	1	Devesh Sharma	President, CFO and Director	2017-11-16
0001665160-17-000595	1	Andrew Ochoa	CEO, Principal Executive Officer, Director, Principal Financial Officer, Principal Accounting Officer	2017-11-16
0001670254-17-000337	2	Alec Jhangiani	Founder & CEO	2017-11-16
0001670254-17-000337	1	Ramtin Nikzad	Founder & CEO	2017-11-16
0001670254-17-000336	1	Leanne Mai-ly Hilgart	President	2017-11-09
0001670254-17-000335	1	klaus moeller	founder	2017-11-16
0001670254-17-000335	2	Jeanene Morgan	Chief Financial Officer	2017-11-16
0001670254-17-000335	3	Mike Meader	Co-Founder/President	2017-11-16
0001722994-17-000001	1	/s/ Cara DesJardins	Board Member	2017-11-16
0001670254-17-000334	2	James Schmachtenberger	President	2017-11-09
0001670254-17-000334	3	Jordan Greenhall	CEO	2017-11-09
0001670254-17-000334	1	Daniel Schmachtenberger	Chief Strategy Officer	2017-11-09
0001670254-17-000333	1	Michael Kanter	CEO	2017-11-16
0001670254-17-000332	1	Martijn van Halen	CTO	2017-11-16
0001670254-17-000332	2	Norman Ortiz	CEO	2017-11-15
0001720486-17-000008	3	Calvin Fan	Secretary and Director	2017-11-16
0001720486-17-000008	4	Toren Kutnik	Director	2017-11-16
0001720486-17-000008	2	Jordan McKim	Vice President, Production and Director	2017-11-16
0001720486-17-000008	1	Mark Mahoney	CEO, President and Director	2017-11-16
0001690447-17-000003	1	Ron Hupp	Director	2017-11-16
0001690447-17-000003	2	Aaron Selverston	Director	2017-11-16
0001690447-17-000003	3	Wei Tao	Director	2017-11-16
0001715895-17-000003	1	Oliver Thornton	Manager	2017-11-16
0001715895-17-000003	2	Austen Weinhart	Manager	2017-11-16
0001720486-17-000005	1	Jordan McKim	Vice President, Production and Director	2017-11-15
0001720486-17-000005	3	Toren Kutnick	Director	2017-11-15
0001720486-17-000005	2	Calvin Fan	Secretary and Director	2017-11-15
0001720486-17-000004	3	Toren Kutnick	Director	2017-11-15
0001720486-17-000004	2	Calvin Fan	Secretary and Director	2017-11-15
0001720486-17-000004	1	Jordan McKim	Vice President, Production and Director	2017-11-15
0001665160-17-000586	1	Bryan Lorden	CEO	2017-11-15
0001665160-17-000592	2	Christian Broce	Principal Financial Officer and Principal Accounting Officer	2017-11-15
0001665160-17-000587	1	Bryan Lorden	CEO	2017-11-15
0001665160-17-000586	2	Christian Broce	CTO	2017-11-15
0001665160-17-000587	2	Christian Broce	CTO	2017-11-15
0001722191-17-000002	2	Chris Lewis	CFO; Director	2017-11-15
0001665160-17-000592	1	Bryan Lorden	CEO, Principal Executive Officer and Director	2017-11-15
0001670254-17-000330	2	Raja Rahman	CEO	2017-11-11
0001670254-17-000330	1	Jarrett Parker	Director	2017-11-11
0001722191-17-000002	1	Will Boyle	CEO; Director	2017-11-15
0001715749-17-000005	2	Joshua White	CDO, Secretary	2017-09-09
0001715749-17-000005	3	Daniel Arroyo	CTO, President, Treasurer	2017-09-09
0001715749-17-000005	1	Andrew Taylor	CEO	2017-09-09
0001679372-17-000005	2	Ankur Garga	Manager	2017-11-15
0001679372-17-000005	1	Ash Kumra	Manager	2017-11-15
0001670254-17-000328	1	Sean Diana	Founder & CEO	2017-11-09
0001670254-17-000326	2	Darren Smith	Founder & CEO	2017-11-08
0001670254-17-000326	1	Jesse Mastro	COO	2017-11-08
0001690447-17-000001	2	Aaron Selverston	Director	2017-11-14
0001690447-17-000001	1	Ron Hupp	Director	2017-11-14
0001690447-17-000001	3	Wei Tao	Director	2017-11-14
0001665160-17-000585	1	Jacob Isham	CEO, Managing Member, Principal Financial Officer and Principal Accounting Officer	2017-11-06
0001670254-17-000323	2	Menachem Genut	Co Founder	2017-11-09
0001670254-17-000323	3	Hemi Re'em	President & Co-Founder	2017-11-09
0001670254-17-000323	1	David Freidenberg	CEO	2017-11-09
0001665160-17-000583	1	Eric Ralls	Founder, CEO, Treasurer, Secretary, Director, Principal accounting officer, Principal financial officer	2017-11-14
0001721517-17-000001	1	/s/ Jim Holley	Board Member	2017-11-14
0001665160-17-000581	3	Jeff Bentley	Director	2017-11-13
0001665160-17-000581	4	Steve Jugan	Principal Executive Office and Director	2017-11-13
0001665160-17-000581	1	Jim Riley	Jim Riley	2017-11-13
0001665160-17-000581	2	Eric Morley	Principal Financial Officer and Principal Accounting Officer	2017-11-13
0001717408-17-000001	1	Akshay Gupta	COO	2017-11-13
0001717408-17-000001	2	Rabi Gupta	CEO	2017-11-13
0001665160-17-000582	8	Chris J. Davis	Chief Technology Officer	2017-11-13
0001665160-17-000582	7	Elvis Williams	VP of Sound	2017-11-13
0001665160-17-000582	6	Corey Hertz	Chief Product Officer	2017-11-13
0001665160-17-000582	5	Peter Bowers	Chief Content Officer	2017-11-13
0001665160-17-000582	4	Patrick Read Johnson	EVP Development	2017-11-13
0001665160-17-000582	3	Bob Giargiari	Chief Financial Officer	2017-11-13
0001665160-17-000582	2	Bryan Hertz	Executive Chairman	2017-11-13
0001665160-17-000582	1	Ian LeWinter	President	2017-11-13
0001665160-17-000582	9	Kevin Hertz	Chief Technology Consultant	2017-11-13
0001669191-17-000172	4	Robert Chunn	Board Member	2017-11-07
0001669191-17-000172	3	Rodney Hare	Principal Accounting Officer	2017-11-07
0001669191-17-000172	2	Rodney Hare	Principal Financial Officer	2017-11-07
0001669191-17-000172	1	Robert Chunn	Principal Executive Officer	2017-11-07
0001669191-17-000172	5	Rodney Hare	Board Member	2017-11-07
0001608695-17-000006	1	Brendon Strause	Managing Director	2017-11-13
0001665160-17-000580	1	Charles Zwebner	CEO, Principal Executive Officer, Principal Financial Officer and Principal Accounting Officer	2017-11-13
0001665160-17-000579	1	Zack Fleishman	Principal Executive Officer and Director, Principal Financial Officer and Controller	2017-11-13
0001669191-17-000171	7	Matthew Sheppard	Board Member	2017-11-02
0001669191-17-000171	5	Jonathan Romanowski	Board Member	2017-11-02
0001669191-17-000171	4	Emily Rotolo	Board Member	2017-11-02
0001669191-17-000171	3	Emily Rotolo	Principal Accounting Officer	2017-11-02
0001669191-17-000171	2	Emily Rotolo	Principal Financial Officer	2017-11-02
0001669191-17-000171	1	Emily Rotolo	Principal Executive Officer	2017-11-02
0001669191-17-000171	6	Diana Le	Board Member	2017-11-02
0001718354-17-000001	1	/s/ Shiva Kashalkar	Chief Executive Officer	2017-11-13
0001715895-17-000001	1	Oliver Thornton	Manager	2017-11-13
0001715895-17-000001	2	Austen Weinhart	Manager	2017-11-13
0001715417-17-000003	1	Erin Paruszewski	President	2017-11-09
0001715417-17-000003	2	Anthony Paruszewski	Member	2017-11-09
0001665160-17-000578	1	Benjamin Harris	Principal Financial Officer, Principal Accounting Officer and Director	2017-11-09
0001665160-17-000578	2	Ashley Harris	CEO, Principal Executive Officer and Director	2017-11-09
0001665160-17-000576	1	Jacob Isham	CEO, Managing Member, Principal Financial Officer and Principal Accounting Officer	2017-11-06
0001712565-17-000003	1	/Alice Cheng/	Director, Chief Executive Officer	2017-11-09
0001665160-17-000574	7	David Heyman	Director	2017-11-09
0001665160-17-000574	1	Joseph Tutela	Principal Executive Officer and Director	2017-11-09
0001665160-17-000574	2	David Levine	Principal Accounting Officer	2017-11-09
0001665160-17-000574	3	Russell Bruemmer	Director	2017-11-09
0001665160-17-000574	6	Jeff Hembrock	Director	2017-11-09
0001665160-17-000574	4	Denise Denson	Director	2017-11-09
0001665160-17-000574	5	Paul Feldman	Director	2017-11-09
0001669191-17-000168	4	Robert Chunn	Board Member	2017-11-07
0001669191-17-000168	3	Rodney Hare	Principal Accounting Officer	2017-11-07
0001669191-17-000168	2	Rodney Hare	Principal Financial Officer	2017-11-07
0001669191-17-000168	1	Robert Chunn	Principal Executive Officer	2017-11-07
0001669191-17-000168	5	Rodney Hare	Board Member	2017-11-07
0001665160-17-000572	1	Eskil Nordhaug	CEO, Principal Executive Officer and Director, Principal Financial Officer and Principal Accounting Officer	2017-11-09
0001665160-17-000571	1	Cristian Arnou	CEO, Principal Executive Officer and Director, Principal Financial Officer and Principal Accounting Officer	2017-11-09
0001665160-17-000571	2	Randy Jones	Director	2017-11-09
0001665160-17-000569	3	Igor Efremov	Director	2017-11-09
0001665160-17-000569	1	Ruben Cortez	CEO, Principal Executive Officer and Director, Principal Financial Officer and Principal Accounting Officer	2017-11-09
0001665160-17-000569	2	Mark Rizzo	Chief Technology Officer, Secretary, and Director	2017-11-09
0001665160-17-000569	4	Dmitriy Smirnov	Director	2017-11-09
0001711875-17-000004	3	Ryan Middleton	Director	2017-11-09
0001711875-17-000004	2	Fatima Dicko	Director	2017-11-09
0001711875-17-000004	1	Lawrence Morris	Director	2017-11-09
0001665160-17-000567	2	Zhanna Barseghyan	Principal Financial Officer	2017-11-08
0001665160-17-000564	1	Jamie Garelli	CEO, Principal Executive Officer and Director, Principal Financial Officer and Principal Accounting Officer	2017-11-08
0001665160-17-000564	2	Don DiCostanzo	Director	2017-11-08
0001665160-17-000564	3	Gregory L. Hirsch	Director	2017-11-08
0001665160-17-000567	1	Vigen Sanahyan	CEO, Principal Executive Officer and Director and Principal Accounting Officer	2017-11-08
0001715599-17-000003	1	Jacob Iest	CFO	2017-11-08
0001720880-17-000002	1	Melissa Jane Stapley	Founder and CEO	2017-11-08
0001665160-17-000563	1	Jacob Isham	CEO, Managing Member, Principal Financial Officer and Principal Accounting Officer	2017-11-06
0001719701-17-000001	1	Martin Molina	CEO	2017-11-08
0001670254-17-000321	1	Mary Jo Cook	Board Chair	2017-11-08
0001670254-17-000321	4	Srinivas Artham	Co-founder	2017-11-07
0001670254-17-000321	3	Hannah Freeman	Co-Founder	2017-11-07
0001670254-17-000321	2	Matthew Rogers	Board Member	2017-11-08
0001704090-17-000007	1	Lori Daugherty	President	2017-11-08
0001644600-17-000169	2	Robert Nistico	Principal Executive Officer and Director	2017-11-08
0001644600-17-000169	3	Justin Yorke	Director	2017-11-08
0001644600-17-000169	1	Jim Sjoerdsma	Principal Financial Officer and Principal Accounting Officer and Director	2017-11-08
0001669191-17-000165	5	Rick Dansey	Board Member	2017-08-04
0001669191-17-000165	4	Jacob Dansey	Board Member	2017-08-04
0001669191-17-000165	3	Jacob Dansey	Principal Accounting Officer	2017-08-04
0001669191-17-000165	2	Chad Bell	Principal Financial Officer	2017-08-04
0001669191-17-000165	1	Jacob Dansey	Principal Executive Officer	2017-08-04
0001720880-17-000001	1	Melissa Jane Stapley	Founder and CEO	2017-11-07
0001680729-17-000010	1	Alex Bullington	Co-Founder and CEO	2017-07-31
0001680729-17-000010	2	Greg DiNardo	Co-Founder and COO	2017-07-31
0001665160-17-000562	3	Richard Warwick	COO	2017-11-07
0001665160-17-000562	4	Brad Kayton	Director	2017-11-07
0001665160-17-000562	2	Glen Burchers	Director and Officer	2017-11-07
0001665160-17-000562	1	Utz Baldwin	CEO, Principal Executive Officer and Director, Principal Financial Officer and Principal Accounting Officer	2017-11-07
0001704205-17-000014	1	Kirk Kjellberg	CEO	2017-11-07
0001670254-17-000320	1	Alan Safahi	CEO	2017-10-07
0001670254-17-000319	1	Michael J. Rosenberg	President	2017-10-31
0001670254-17-000319	2	Marta Mendizabal	VP & COO	2017-10-31
0001670254-17-000318	1	Paul D. Fellegy	Chief Financial Officer	2017-11-01
0001670254-17-000318	2	Joseph Cotropia	CSO	2017-11-01
0001670254-17-000318	3	Charles Cotropia	CEO	2017-11-01
0001670254-17-000316	3	Anatoliy Zhuravlev	President & CEO	2017-11-03
0001670254-17-000316	2	Dmitry Zhuravlev	Director	2017-11-03
0001670254-17-000316	1	Svetlana Zhuravleva	Secretary, Tresurer, Director	2017-11-03
0001665160-17-000560	1	Jacob Isham	CEO, Managing Member, Principal Financial Officer and Principal Accounting Officer	2017-11-06
0001690888-17-000006	1	Arshad Hisham	Principal Executive Officer	2017-11-06
0001690888-17-000006	3	Arshad Hisham	Chief Accounting Officer	2017-11-06
0001690888-17-000006	2	Anurag Pal	Chief Financial Officer	2017-11-06
0001690888-17-000006	4	Arshad Hisham	Director	2017-11-06
0001690888-17-000006	5	Anurag Pal	Director	2017-11-06
0001665160-17-000558	1	Eric Ralls	Founder, CEO, Treasurer, Secretary, Director, Principal accounting officer, Principal financial officer	2017-11-06
0001665160-17-000556	1	Eric Ralls	Founder, CEO, Treasurer, Secretary, Director, Principal accounting officer, Principal financial officer	2017-11-06
0001705975-17-000001	2	Andy Aweida	Partner	2017-11-06
0001705975-17-000001	1	Brian Ching	Manager	2017-11-06
0001705975-17-000001	3	Mohammad Baratizadeh	Partner	2017-11-06
0001669191-17-000163	2	Emily Rotolo	Principal Financial Officer	2017-11-02
0001669191-17-000163	3	Emily Rotolo	Principal Accounting Officer	2017-11-02
0001669191-17-000163	5	Jonathan Romanowski	Board Member	2017-11-02
0001669191-17-000163	6	Diana Le	Board Member	2017-11-02
0001669191-17-000163	7	Matthew Sheppard	Board Member	2017-11-02
0001669191-17-000163	1	Emily Rotolo	Principal Executive Officer	2017-11-02
0001669191-17-000163	4	Emily Rotolo	Board Member	2017-11-02
0001670254-17-000311	3	Mario Costanz	CEO	2017-11-03
0001670254-17-000311	2	Marcus Slater	VP of Marketing	2017-11-03
0001670254-17-000311	1	Theodore Muftic	CFO	2017-11-03
0001670254-17-000313	3	Brian Bourgerie	CFO, Crowdfunding	2017-11-02
0001670254-17-000313	2	Bryson C. Hill	CEO	2017-11-02
0001670254-17-000313	1	Kevin L. Hill	Chief Operating Officer	2017-11-02
0001670254-17-000306	3	Jeffrey Isquith	President & CEO	2017-11-03
0001670254-17-000306	2	Alan Bignall	CFO	2017-11-03
0001670254-17-000306	1	Gene M Perez	COO	2017-11-03
0001670254-17-000315	5	Brian Bourgerie	CFO, Crowdfunding	2017-11-03
0001670254-17-000315	3	Bryson C. Hill	CEO	2017-11-03
0001670254-17-000315	2	Josh Isabell	Director	2017-11-03
0001670254-17-000315	1	Cory Torgesen	CGO	2017-11-03
0001717904-17-000001	2	Michael Lui	Director	2017-11-03
0001717904-17-000001	1	James Buck Jordan	Director	2017-11-03
0001665160-17-000554	1	Dan Mueller	Principal Executive Officer and Director, Principal Financial Officer and Principal Accounting Officer	2017-11-03
0001665160-17-000553	4	Jim Caccavo	Director	2017-11-03
0001665160-17-000553	3	Ralene Cavataio	CFO	2017-11-03
0001665160-17-000553	2	Kate Nowlan	Founder and COO	2017-11-03
0001665160-17-000553	1	Kimberly Caccavo	Founder and CEO	2017-11-03
0001670254-17-000315	4	Kevin Hill	Chief Operating Officer	2017-11-03
0001680729-17-000009	2	Greg DiNardo	Co-Founder and COO	2017-07-31
0001680729-17-000009	1	Alex Bullington	Co-Founder and CEO	2017-07-31
0001715749-17-000003	3	Daniel Arroyo	CTO, President, Treasurer	2017-09-09
0001715749-17-000003	2	Joshua White	CDO, Secretary	2017-09-09
0001715749-17-000003	1	Andrew Taylor	CEO	2017-09-09
0001665160-17-000552	1	C. Jibril Sulaiman II	Principal Executive Officer and Director, Principal Financial Officer and Principal Accounting Officer	2017-11-03
0001712328-17-000001	1	Robert Head	CEO	2017-11-03
0001711429-17-000006	1	Earl Benjamin	President, CEO	2017-07-06
0001665160-17-000551	3	Brad Kayton	Director	2017-11-02
0001665160-17-000551	2	Richard Warwick	COO	2017-11-02
0001665160-17-000551	1	Glen Burchers	Director and Officer	2017-11-02
0001665160-17-000551	4	Utz Baldwin	CEO, Principal Executive Officer and Director, Principal Financial Officer and Principal Accounting Officer	2017-11-02
0001665160-17-000548	1	Megan Haines	CEO, Principal Executive Officer and Director, Principal Financial Officer and Principal Accounting Officer	2017-11-02
0001664526-17-000007	1	Brian Monnin	Chief Executive Officer	2017-11-01
0001720051-17-000001	1	Seungwhan Chang	Sole Member	2017-11-01
0001720051-17-000001	2	Jason Liao	Executive Chef & Operations Manager	2017-11-01
0001670254-17-000304	1	Rudolph J. Fritsch	Secretary	2017-10-31
0001670254-17-000304	2	Ivana Karamitsos	CIO & Communications Director	2017-10-31
0001670254-17-000304	3	Eric J. Lerner	President and Chief Scientist	2017-10-31
0001665160-17-000546	1	Brian Burt	President, CEO, Secretary, Board Chair, Principal Executive Officer and Director, Principal Financial Officer	2017-10-31
0001665160-17-000546	2	Julian Martinez	Principal Accounting Officer and Director	2017-10-31
0001665160-17-000546	3	Christopher Kyle	Director	2017-10-31
0001665160-17-000533	1	Melissa Meister	CEO, Principal Executive Officer and Director, Principal Financial Officer and Principal Accounting Office	2017-10-31
0001670254-17-000303	1	wilburn kelly hudson jr	Board Chairman	2017-10-31
0001670254-17-000303	2	Janice Dunn	Controller	2017-10-31
0001670254-17-000303	3	Douglas G Mancosky	CEO	2017-10-31
0001665160-17-000537	1	Eskil Nordhaug	CEO, Principal Executive Officer and Director, Principal Financial Officer and Principal Accounting Officer	2017-10-31
0001665160-17-000541	1	Robert Young	President and Director	2017-10-31
0001665160-17-000541	2	Mark Poling	CEO, Principal Executive Officer, CFO, Principal Financial Officer and Principal Accounting Officer and Director	2017-10-31
0001669191-17-000162	3	Brian Curcio	Principal Accounting Officer	2017-07-28
0001669191-17-000162	1	Brian Curcio	Principal Executive Officer	2017-07-28
0001669191-17-000162	2	Brian Curcio	Principal Financial Officer	2017-07-28
0001670254-17-000302	1	Bernard Loyd	President	2017-10-27
0001670254-17-000301	1	Ken Pryde	CFO	2017-10-30
0001670254-17-000301	2	Aaron Kleiner	Director	2017-10-30
0001670254-17-000301	5	Stephen Marsh	President and Founder	2017-10-30
0001670254-17-000301	3	Arthur I. Anderson	Director	2017-10-30
0001670254-17-000301	4	Phil Huyck	Chairman	2017-10-30
0001670254-17-000299	5	Stephen Marsh	President and Founder	2017-10-30
0001670254-17-000299	4	Phil Huyck	Chairman	2017-10-30
0001670254-17-000299	2	Aaron Kleiner	Director	2017-10-30
0001670254-17-000299	1	Ken Pryde	CFO	2017-10-30
0001670254-17-000299	3	Arthur I. Anderson	Director	2017-10-30
0001665160-17-000530	1	Eric Ralls	CEO	2017-03-17
0001665160-17-000531	2	Anson Sims	Senior Vice President and Director	2017-10-30
0001665160-17-000531	1	Jay Smith	CEO, Principal Executive Officer and Director, Principal Financial Officer and Principal Accounting Officer	2017-10-30
0001665160-17-000528	1	Marlon Schulman	Principal Executive Officer, Principal Financial Officer and Principal Accounting Officer, Director	2017-10-30
0001139685-17-000003	1	Marc Gordon, CPA	Controller	2017-10-13
0001139685-17-000003	2	John G. Compton, Ph.D.	Chairman of the Board	2017-10-13
0001664957-17-000013	2	Sam Yagan	Director	2017-10-30
0001664957-17-000013	1	Desiree Vargas Wrigley	Director	2017-10-30
0001665160-17-000525	1	Jean J. Borno	Principal Executive Officer, Principal Financial Officer and Principal Accounting Officer, Director	2017-10-30
0001445866-17-001492	1	Bryson Hill	Chief Executive Officer	2017-10-27
0001664957-17-000011	2	Sam Yagan	Director	2017-10-27
0001673558-17-000003	1	April Spears	CEO	2017-10-27
0001670254-17-000297	4	Andrew Adelman	CEO	2017-10-27
0001670254-17-000297	3	Vincent Serpico	CFO	2017-10-27
0001670254-17-000297	2	Michael Calleja	COO	2017-10-27
0001670254-17-000297	1	Robert Jones	Board Member	2017-10-27
0001664957-17-000011	1	Desiree Vargas Wrigley	Director	2017-10-27
0001706031-17-000004	2	David Fay	Partner	2017-10-27
0001706031-17-000004	1	Ian Tucker	President & Chief Executive Officer	2017-10-27
0001679372-17-000003	2	Ankur Garga	Manager	2017-10-27
0001679372-17-000003	1	Ash Kumra	Manager	2017-10-27
0001665160-17-000523	1	Helena Fogarty	CEO and Founder	2017-04-20
0001717883-17-000005	1	John Cascarano	CEO	2017-10-27
0001718335-17-000001	2	Jeremy Feldman	Co-Founder & CTO	2017-10-26
0001718335-17-000001	1	Serge Amouzou	Co-Founder & CEO	2017-10-26
0001665160-17-000521	1	Jeffrey S. Greenberger	President, CEO, Principal Executive Officer and Director, Principal Financial Officer and Principal Accounting Officer	2017-10-26
0001665160-17-000517	2	Philip Magri	Director	2017-10-26
0001665160-17-000517	1	Christopher Tompkins	Principle Executive Officer, Principle Financial officer, Principle Accounting Officer, Director	2017-10-26
0001665160-17-000514	3	Robert L. Kent	Director	2017-10-26
0001665160-17-000514	2	S.K Chan	Principal Financial Officer and Principal Accounting Officer	2017-10-26
0001665160-17-000514	1	Esmond Goei	Principle Executive officer and Director	2017-10-26
0001665160-17-000515	3	Julian Martinez	Director	2017-10-26
0001665160-17-000515	2	Christopher Kyle	Director	2017-10-26
0001665160-17-000515	1	Brian Burt	C.E.O. and President	2017-10-26
0001670254-17-000296	1	Leanne Mai-ly Hilgart	President	2017-10-26
0001493152-17-012106	1	/s/Ajay Yadav	Ajay Yadav	2017-10-26
0001665160-17-000513	1	Steve Orosco	CEO, Principal Executive Officer and Director, Principal Financial Officer and Principal Accounting Officer	2017-10-26
0001680729-17-000008	2	Greg DiNardo	Co-Founder and COO	2017-07-31
0001680729-17-000008	1	Alex Bullington	Co-Founder and CEO	2017-07-31
0001665160-17-000512	1	Chris Anthony	Principal Executive Officer and Director	2017-10-26
0001705517-17-000003	3	/s/ Brian Gass	Board Member	2017-10-26
0001705517-17-000003	2	/s/ Whitney Gass	Board Member	2017-10-26
0001705517-17-000003	1	/s/ Barton Hamilton	Board Member	2017-10-26
0001705517-17-000003	4	/s/ Steven Smith	Board Member	2017-10-26
0001665160-17-000510	3	Cathy Bunke	Controller, Director	2017-10-25
0001665160-17-000510	1	Jose Gildo Beleski	CEO, Principle Financial Officer, Director	2017-10-25
0001665160-17-000510	2	Ana  D'Arace	Director	2017-10-25
0001670254-17-000295	2	Dan Selis	President, Founder, CEO	2017-10-13
0001670254-17-000295	1	John Egan	Head Brewer	2017-10-13
0001719522-17-000001	1	Sameer Patel	Manager of WPCK, LLC, the manager of the Issuer	2017-10-24
0001704090-17-000006	1	Thomas Murphy	CEO	2017-10-25
0001670254-17-000294	1	Chris Yerbey	Founder & CEO	2017-10-25
0001670254-17-000293	1	Heather Gillette	CEO	2017-10-24
0001670254-17-000292	3	Mario Costanz	CEO	2017-10-20
0001670254-17-000292	1	Theodore Muftic	CFO	2017-10-20
0001670254-17-000292	2	Marcus Slater	VP of Marketing	2017-10-20
0001716791-17-000006	1	/s/ Ketan Anjaria	President/Treasurer/Secretary	2017-10-24
0001716791-17-000004	1	/s/ Ketan Anjaria	President/Treasurer/Secretary	2017-10-24
0001640709-17-000011	1	Payam Safa	Director	2017-10-24
0001640709-17-000010	1	Payam Safa	Director	2017-10-24
0001670254-17-000291	2	Chandramouli Srinivasan	CEO	2017-10-23
0001670254-17-000291	1	Kavitha Gopalan	Co-founder and CMO	2017-10-23
0001669191-17-000160	1	Gray Frederickson	Principal Executive Officer	2017-08-02
0001669191-17-000160	7	David Greene	Board Member	2017-08-03
0001669191-17-000160	6	Brent Green	Board Member	2017-08-03
0001669191-17-000160	5	Gray Frederickson	Board Member	2017-08-02
0001669191-17-000160	4	John  Simonelli	Board Member	2017-08-02
0001669191-17-000160	3	David Greene	Principal Accounting Officer	2017-08-03
0001669191-17-000160	2	David Greene	Principal Financial Officer	2017-08-03
0001665160-17-000508	2	Emmanuele Spera	CEO	2017-10-23
0001665160-17-000508	1	Tommaso Gecchelin	CTO	2017-10-23
0001695657-17-000006	1	Thom Gambaro	Manager	2017-10-23
0001695657-17-000005	1	Troy Helming	Predident	2017-10-23
0001670254-17-000290	1	David Willis	Director / Writer / Producer	2017-10-20
0001665160-17-000507	3	Herbert Hanson	Founder and CEO	2017-10-20
0001665160-17-000507	2	Robert Fiumara	Director	2017-10-20
0001665160-17-000507	1	Judy O. Buttler	Director	2017-10-20
0001718414-17-000003	2	Daniel Twyman	Managing Partner	2017-10-20
0001718414-17-000003	1	Brian Gettelfinger	Managing Partner	2017-10-20
0001665160-17-000506	1	Michael McKeon	Principal Executive Officer and Director, Principal Financial Officer and Principal Accounting Officer	2017-10-20
0001665160-17-000506	2	Daniel Sills	Director	2017-10-20
0001713167-17-000005	1	Emmanuel Sant-Martin	CEO	2017-08-10
0001710938-17-000009	1	Dan Yashiv	Managing Manger	2017-07-19
0001670254-17-000288	2	Alex Hall	CEO	2017-10-13
0001665160-17-000505	3	Monir Jalili	Director	2017-10-19
0001665160-17-000505	1	Eemaan Jalili	CEO and Director	2017-10-19
0001665160-17-000505	2	Houshang Jalili	Secretary, CFO, Director	2017-10-19
0001670254-17-000288	1	Stacy Lowery	President	2017-10-13
0001665160-17-000504	1	Dr. Okan Erol	CEO, Principal Executive Officer and Director, Principal Financial Officer and Principal Accounting Officer	2017-10-19
0001669191-17-000158	3	Olivier Grinda	Principal Accounting Officer	2017-10-05
0001669191-17-000158	4	Olivier Grinda	Board Member	2017-10-03
0001669191-17-000158	2	Olivier Grinda	Principal Financial Officer	2017-10-05
0001669191-17-000158	1	Olivier Grinda	Principal Executive Officer	2017-10-03
0001718385-17-000001	1	Nicholas Bouck	Co-founder, CEO	2017-10-19
0001670254-17-000287	1	Kevin Strom	CEO	2017-10-13
0001670254-17-000286	1	Benjamin Bondar	CEO & Founder	2017-10-16
0001718203-17-000001	1	Barry Markman	Director	2017-10-18
0001718203-17-000001	2	Lee Miller	CEO	2017-10-18
0001718414-17-000001	2	Daniel Twyman	Managing Partner	2017-10-18
0001718414-17-000001	1	Brian Gettelfinger	Managing Partner	2017-10-18
0001704090-17-000005	1	Thomas Murphy	CEO	2017-10-18
0001665160-17-000500	1	Neil Rothenberg	CEO, Principal Executive Officer and Director, Principal Financial Officer and Principal Accounting Officer	2017-10-17
0001665160-17-000502	1	Michael Burtov	Chief Executive Officer	2017-10-17
0001665160-17-000502	2	Richard Cuoto	Chief Financial Officer, Principal Accounting Officer	2017-10-17
0001718971-17-000001	1	Erick Opeka	Co-Founder	2017-10-13
0001718971-17-000001	2	Jason Connell	Co-Founder - President	2017-10-13
0001719326-17-000001	1	Kevin Davis	CEO/President/Secretary/Director	2017-10-05
0001593780-17-000003	4	Carl Sheldon	Director	2017-10-17
0001593780-17-000003	3	Steven Dietz	Director	2017-10-17
0001593780-17-000003	2	Tom McGovern	Director	2017-10-17
0001593780-17-000003	1	Bill Gross	CEO and Director	2017-10-17
0001718720-17-000002	2	Craig Douglass	CEO	2017-10-17
0001718720-17-000002	1	Tom Buchanan	Chief Product Officer	2017-10-17
0001684984-17-000002	2	David J. Prilutski	Director	2017-10-16
0001684984-17-000002	3	Alvaro Vaselli	Founder and CEO	2017-10-16
0001684984-17-000002	1	John Sykes	Director	2017-10-16
0001665160-17-000498	1	Alan Scholz	CEO, Principal Financial Officer and Principal Accounting Officer	2017-10-16
0001669191-17-000156	4	Joe  Pacheco	Board Member	2017-07-10
0001669191-17-000156	3	Joe  Pacheco	Principal Accounting Officer	2017-07-10
0001669191-17-000156	2	Joe  Pacheco	Principal Financial Officer	2017-07-10
0001669191-17-000156	1	Franz  Almeida	Principal Executive Officer	2017-07-10
0001670254-17-000283	3	Randy Ritchie	CEO	2017-10-13
0001665160-17-000498	2	Hanna Scholz	President, Principal Executive Officer and Director	2017-10-16
0001670254-17-000283	1	Colum Riley	President	2017-10-13
0001670254-17-000285	2	Mario Costanz	CEO	2017-10-13
0001670254-17-000285	1	Theodre Muftic	CFO	2017-10-13
0001670254-17-000283	2	Irene C Byrne	CFO	2017-10-13
0001213900-17-010600	1	/s/ Hemi Reem	President	2017-10-04
0001638829-17-000001	2	Fisk Biggar	Head of Finance	2017-10-16
0001638829-17-000001	1	Graham Veysey	CEO	2017-10-16
0001665160-17-000497	1	Zack Fleishman	Principal Executive Officer and Director, Principal Financial Officer and Controller	2017-10-16
0001719648-17-000001	1	/c/ Charles Potter	Board Member	2017-10-16
0001719671-17-000001	1	/s/ Zach Liptak	Board Member	2017-10-13
0001718752-17-000001	1	David Reed	Chief Technology Officer	2017-10-15
0001718752-17-000001	2	Matthew Laffer	CEO & Founder	2017-10-15
0001139685-17-000001	1	Marc Gordon, CPA	Controller	2017-10-13
0001139685-17-000001	2	John G. Compton, Ph.D.	Chairman of the Board	2017-10-13
0001718528-17-000002	1	Robert Steele	Chairman and Member	2017-10-13
0001718528-17-000002	2	Kevin Chow	CEO, Comptroller, Chief Financial Officer, and Member	2017-10-13
0001640709-17-000009	1	Payam Safa	Director	2017-10-13
0001665160-17-000496	1	Darnell Henderson	CEO, Principal Executive Officer and Director, Principal Financial Officer and Principal Accounting Officer	2017-10-12
0001670254-17-000281	1	Dave Gottesmann	CEO	2017-10-11
0001715013-17-000003	1	Shaun Masavage	Managing Member	2017-10-12
0001719434-17-000001	1	/s/ David Trujillo	Board member	2017-10-12
0001718186-17-000001	1	/s/ Joe Mindak	Board Member	2017-10-12
0001718547-17-000002	3	Mehfuz Hossain	CEO and Co-Founder	2017-10-11
0001718547-17-000002	2	Joseph Holguin	CPO and Co-Founder	2017-10-11
0001718547-17-000002	1	Jean-Mark Ly	CMO and Co-Founder	2017-10-11
0001718547-17-000002	4	Jeffrey Broer	COO and Co-Founder	2017-10-11
0001665160-17-000494	1	Darnell Henderson	CEO, Principal Executive Officer and Director, Principal Financial Officer and Principal Accounting Officer	2017-10-12
0001670254-17-000280	2	Oleksii Vynogradov	Founder and CEO	2017-10-11
0001670254-17-000280	1	Dmytro Fedkov	co-founder	2017-10-11
0001665160-17-000490	3	Scott Hankinson	CEO, Principal Executive Officer and Director	2017-10-11
0001665160-17-000490	2	Robert J Fenton	Principal Financial Officer, Principal Accounting officer and Director	2017-10-11
0001665160-17-000490	1	Robert Stokely	Director	2017-10-11
0001719220-17-000003	1	/s/ Austin Wright	Board member	2017-10-11
0001715237-17-000003	1	Jonathan Kesselman	Managing Member	2017-10-10
0001710903-17-000007	2	Kaiwei Tang	Director	2017-10-11
0001710903-17-000007	1	Joseph Hollier	Director	2017-10-11
0001517560-17-000012	4	Sam G Rubenstein	Director	2017-10-11
0001517560-17-000012	5	Paul Feldman	Director	2017-10-11
0001517560-17-000012	1	David Levine	Director	2017-10-11
0001517560-17-000012	2	Xanthe Larsen	Director	2017-10-11
0001517560-17-000012	3	Lisa Younis	Director	2017-10-11
0001517560-17-000012	6	John Greer	Director	2017-10-11
0001669191-17-000154	3	Olivier Grinda	Principal Accounting Officer	2017-10-05
0001669191-17-000154	4	Olivier Grinda	Board Member	2017-10-03
0001665160-17-000487	1	Atara Dzikowski	CEO and Director	2017-10-10
0001665160-17-000487	2	David Dahan	Principal Financial Officer and Principal Accounting Officer	2017-10-10
0001669191-17-000154	2	Olivier Grinda	Principal Financial Officer	2017-10-05
0001669191-17-000154	1	Olivier Grinda	Principal Executive Officer	2017-10-03
0001670254-17-000278	2	Alex Vinogradov	Founder and CEO	2017-10-09
0001670254-17-000278	1	Dmytro Fedkov	CMO	2017-10-09
0001665160-17-000485	4	Jim Caccavo	Director	2017-10-10
0001665160-17-000485	3	Ralene Cavataio	CFO	2017-10-10
0001665160-17-000485	2	Kate Nowlan	Founder and COO	2017-10-10
0001665160-17-000485	1	Kimberly Caccavo	Founder and CEO	2017-10-10
0001705496-17-000007	1	Lu Yang	Managing Member	2017-10-10
0001717883-17-000004	1	John Cascarano	CEO	2017-10-10
0001705496-17-000004	1	Lu Yang	Managing Member	2017-10-10
0001715237-17-000001	1	Jonathan Kesselman	Managing Member	2017-10-10
0001708099-17-000003	1	Scott Bachman	CFO	2017-10-10
0001680729-17-000007	1	Alex Bullington	Co-Founder and CEO	2017-07-31
0001680729-17-000007	2	Greg DiNardo	Co-Founder and COO	2017-07-31
0001705496-17-000003	1	Lu Yang	Managing Member	2017-10-10
0001669191-17-000147	3	Jen Forman	Principal Accounting Officer	2017-10-06
0001669191-17-000147	6	Eric Forman	Board Member	2017-10-06
0001669191-17-000147	4	Jen Forman	Board Member	2017-10-06
0001669191-17-000147	1	Jen Forman	Principal Executive Officer	2017-10-06
0001669191-17-000147	2	Jen Forman	Principal Financial Officer	2017-10-06
0001669191-17-000147	5	Jon Spencer	Board Member	2017-10-09
0001665160-17-000483	1	Joshua W. Sims	Managing Partner	2017-10-10
0001665160-17-000483	2	Jon Graham	CEO and Director, Principal Financial Officer and Principal Accounting Officer	2017-10-10
0001669191-17-000146	4	Mark Snyder	Board Member	2017-06-28
0001669191-17-000146	3	Mark Snyder	Principal Accounting Officer	2017-06-28
0001669191-17-000146	2	Mark Snyder	Principal Financial Officer	2017-06-28
0001669191-17-000146	1	Mark Snyder	Principal Executive Officer	2017-06-28
0001669191-17-000146	5	Monte Snyder	Board Member	2017-06-28
0001718518-17-000001	1	Mychal Simka	Director	2017-10-10
0001669191-17-000145	1	Jen Forman	Principal Executive Officer	2017-10-06
0001669191-17-000145	2	Jen Forman	Principal Financial Officer	2017-10-06
0001669191-17-000145	3	Jen Forman	Principal Accounting Officer	2017-10-06
0001669191-17-000145	4	Jen Forman	Board Member	2017-10-06
0001669191-17-000145	5	Jon Spencer	Board Member	2017-10-09
0001669191-17-000145	6	Eric Forman	Board Member	2017-10-06
0001717257-17-000001	1	/s/ Elaine Brodsky	Board Member	2017-10-10
0001517560-17-000011	4	Sam G Rubenstein	Director	2017-10-06
0001517560-17-000011	5	Paul Feldman	Director	2017-10-06
0001517560-17-000011	6	John Greer	Director	2017-10-06
0001665160-17-000480	3	Robert L. Kent	Director	2017-10-06
0001517560-17-000011	2	Xanthe Larsen	Director	2017-10-06
0001665160-17-000480	1	Esmond Goei	Principle Executive officer and Director	2017-10-06
0001665160-17-000480	2	S.K Chan	Principal Financial Officer and Principal Accounting Officer	2017-10-06
0001517560-17-000011	3	Lisa Younis	Director	2017-10-06
0001517560-17-000011	1	David Levine	Director	2017-10-06
0001708189-17-000004	1	Yu Lun Kao	Chief Creative Officer	2017-10-06
0001708189-17-000004	2	Matt Davis	Chief Executive Officer	2017-10-06
0001710938-17-000008	1	Dan Yashiv	Managing Manger	2017-07-19
0001670254-17-000275	1	Steven Relis	CFO	2017-10-05
0001670254-17-000277	1	Kavitha Gopalan	Co-founder and CMO	2017-10-05
0001670254-17-000277	2	Chandramouli Srinivasan	CEO	2017-10-05
0001670254-17-000275	4	Ronald H. Miller	Co Vice Chairman	2017-09-27
0001670254-17-000275	3	Glenn Pohs	Director	2017-09-27
0001670254-17-000275	2	James Hyde	Vice Chairman	2017-09-27
0001670254-17-000275	5	Steve Vanechanos	Executive Chairman of the Board	2017-09-27
0001716818-17-000001	1	Benjamin Hossein-Zadeh	Director	2017-10-05
0001716818-17-000001	3	Andrew Raisman	Director	2017-10-05
0001716818-17-000001	2	Carlo Bizzotto	Director	2017-10-05
0001704205-17-000013	1	Kirk Kjellberg	CEO	2017-10-05
0001665160-17-000475	5	Tim Larson	SVP - Operations	2017-10-04
0001665160-17-000478	1	Helena Fogarty	CEO and Founder	2017-10-04
0001665160-17-000477	3	Jeff Bentley	President	2017-10-04
0001665160-17-000475	1	Jon Bottorff	CFO	2017-10-04
0001665160-17-000477	1	Jim Riley	President	2017-10-04
0001665160-17-000477	2	Eric Morley	Principal Financial Officer and Principal Accounting Officer	2017-10-04
0001665160-17-000475	3	Jessica Hoyt	VP Program Acquisitions	2017-10-04
0001665160-17-000475	2	James Betesh	SVP - Operations	2017-10-04
0001665160-17-000475	4	Dan Zifkin	CEO and President	2017-10-04
0001665160-17-000476	1	David Laiderman	Principal Executive Officer and Director, Principal Financial Officer, and Principal Accounting Officer	2017-10-04
0001669753-17-000002	2	Felix Addison	COO and Co-Founder	2017-10-03
0001669753-17-000002	1	Nikita Korablin	CTO and Co-Founder	2017-10-03
0001669753-17-000002	3	Camellus Ofornedu Ezeugwu Jr.	CEO and Co-Founder	2017-10-03
0001665160-17-000474	1	Joseph M. Baliva	Principal Executive Officer and Director, Principal Financial Officer Principal Accounting Officer	2017-10-04
0001670254-17-000274	2	Chandramouli Srinivasan	CEO	2017-10-03
0001665160-17-000473	1	Jamie Garelli	CEO, Principal Executive Officer and Director, Principal Financial Officer and Principal Accounting Officer	2017-10-03
0001665160-17-000473	2	Don DiCostanzo	Director	2017-10-03
0001665160-17-000473	3	Gregory L. Hirsch	Director	2017-10-03
0001665160-17-000465	1	Christopher D. White	CEO, Principal Executive Officer and Director, Principal Financial Officer and Principal Accounting Officer	2017-10-03
0001665160-17-000470	1	Aike Muller	Principal Executive Officer and President	2017-10-03
0001665160-17-000469	1	Tommaso Gecchelin	CTO	2017-10-03
0001665160-17-000469	2	Emmanuele Spera	CEO	2017-10-03
0001665160-17-000470	2	Friso Schmid	Principal Executive Officer and Director, Principal Financial Officer and Principal Accounting Officer	2017-10-03
0001665160-17-000471	1	Zack Fleishman	Principal Executive Officer and Director, Principal Financial Officer and Controller	2017-10-03
0001665160-17-000468	1	Jean-Marc Touch	President and Director	2017-10-03
0001665160-17-000468	2	Ana Quintana	Director	2017-10-03
0001665160-17-000468	3	Jon Kraft	Interim Principal Executive Officer and Director	2017-10-03
0001670254-17-000274	1	Kavitha Gopalan	Co-founder and CMO	2017-10-03
0001665160-17-000472	1	Saiful Khandaker	Principal Executive Officer, Financial Controller, Principal Financial Officer, Director	2017-10-03
0001665160-17-000468	4	Ryan Britt	Principal Financial Officer and Principal Accounting Officer, Secretary and Director	2017-10-03
0001665160-17-000467	1	Michael McKeon	Principal Executive Officer and Director, Principal Financial Officer and Principal Accounting Officer	2017-10-03
0001665160-17-000467	2	Daniel Sills	Director	2017-10-03
0001717883-17-000001	1	John Cascarano	CEO	2017-10-03
0001704837-17-000001	1	Peter B Gustis	CEO - Investment Manager	2017-10-03
0001665160-17-000463	1	David Goodman	Principal Executive Officer and Director, Principal Accounting Officer, Principal Financial Officer	2017-10-03
0001670254-17-000273	3	Robert Leckinger	President & CEO	2017-09-28
0001670254-17-000273	2	Freeman A Ford	Chairman	2017-09-28
0001670254-17-000273	1	Bruce McCaul	Director	2017-09-29
0001670254-17-000271	1	Michael Luczaj	CEO	2017-10-02
0001665160-17-000461	3	Edwin Williams	CEO, Director and Principal Executive Officer	2017-10-02
0001665160-17-000461	2	Matt Mayfield	COO and Director	2017-10-02
0001665160-17-000461	1	Robert Pryately	CEO, Director, and Principal Financial Officer	2017-10-02
0001665160-17-000459	1	Eric Vaughn Meyers	Principal Executive Officer and Director, Principal Financial Officer and Principal Accounting Officer, Founder	2017-10-02
0001670254-17-000269	2	Sarah Selis	Vice President	2017-09-29
0001665160-17-000457	1	Michael Azzarello	CEO, Principal Executive Officer and Director, Principal Financial Officer, Principal Accounting Officer	2017-09-29
0001670254-17-000269	1	John Egan	Head Brewer	2017-09-29
0001670254-17-000269	3	Dan Selis	President, Founder, CEO	2017-09-29
