ACCESSION_NUMBER	ID	ISSUER	ISSUERSIGNATURE	ISSUERTITLE
0001670254-18-000328	1	Parvenu Fundraising, Inc	Patrick Hoban	Co-founder & CEO
0001665160-18-000639	1	Cryptid LLC	Brad Rego	CEO, Principal Executive Officer and Manager, Principal Financial Officer and Principal Accounting Officer
0001669191-18-000330	1	Woodpecker Technologies, LLC	Alex Melehy	Principal Executive Officer
0001742118-18-000004	1	Abeille Beaute LLC	Alyssa Fine	Owner
0001665160-18-000638	1	STRYD	Nyajah Bass	CEO, Principal Executive Officer and Director, Principal Financial Officer and Principal Accounting Officer
0001665160-18-000633	1	IJUZE Corp	Esmond Goei	CEO, Principal Executive Officer and Director
0001665160-18-000634	1	Real Bloody Mary Co., LLC	Michael Machat	CEO, Principal Executive Officer and Director, Principal Financial Officer and Principal Accounting Officer
0001670254-18-000327	1	Cleveland Whiskey LLC	Tom Lix	CEO
0001665160-18-000632	1	IJUZE Corp	Esmond Goei	CEO, Principal Executive Officer and Director
0001665160-18-000631	1	LIFE RECOVERY SYSTEMS HD LLC	Robert J Freedman	CEO, Principal Executive Officer and Manager
0001665160-18-000630	1	Flont, Inc.	Cormac Kinney	CEO, Principal Executive Officer and Director, Principal Financial Officer and Principal Accounting Officer
0001665160-18-000628	1	Whetstone International Network, LLC	John W Whetstone	CEO, Principal Executive Officer and Manager, Principal Financial Officer and Principal Accounting Officer
0001665160-18-000627	1	Bioclonetics Immunotherapeutics, Inc.	Charles S. Cotropia	CEO, Principal Executive Officer and Director, Principal Financial Officer and Principal Accounting Officer
0001669191-18-000328	1	Maingear, Inc.	Wallace Santos	Principal Executive Officer
0001669191-18-000326	1	ChoiceTrade Holdings, Inc.	Neville Golvala	Principal Executive Officer
0001745081-18-000001	1	Little Bear LLC	/s/ Christopher Greer	CEO
0001669191-18-000324	1	Stodo Technologies LLC	Adam  Lopez	Principal Executive Officer
0001669191-18-000322	1	Kingscrowd LLC	Christopher Lustrino	Principal Executive Officer
0001665160-18-000626	1	Abstract Tube Inc.	Sarbojeet Jana	CEO, Principal Executive Officer and Director, Principal Financial Officer and Principal Accounting Officer
0001665160-18-000624	1	MicroGen Vet LLC	Kurt Dombkowski	CEO, Principal Executive Officer, Manager
0001665160-18-000622	1	TotalSource Solutions, Inc	George B. Brown	CEO, Principal Executive Officer and Director, Principal Financial Officer and Principal Accounting Officer
0001744818-18-000001	1	Inside.com, Inc.	Austin Smith	President
0001670254-18-000326	1	Hospitality Innovated, LLC	Yannis Moati	CEO and Co-Founder
0001722197-18-000005	1	Indeco Financial Syndicate	/s/David Levine	Chief Executive Officer and President
0001665160-18-000620	1	Flower Turbines LLC	Mark Daniel Farb	CEO, Principal Executive Officer and Director, Principal Financial Officer and Principal Accounting Officer
0001653582-18-000002	1	EF Resources, Inc.	Casey Minshew	CEO, Principal Executive Officer, Principal Accounting Officer, Principal Financial Officer
0001731189-18-000005	1	3451 Benning LLC	Adrian Washington	CEO of Manager, The Neighborhood Development Company, LLC
0001731189-18-000004	1	3451 Benning LLC	Adrian Washington	CEO of Manager, The Neighborhood Development Company, LLC
0001739408-18-000003	1	Tall Pines Distillery LLC	Lisa Welsh	Owner
0001665160-18-000617	1	Shark Wheel LLC	Zack Fleishman	Chief Operating Officer, Principal Executive Officer and Director, Principal Financial Officer and Controller
0001665160-18-000618	1	Rhino Hide LLC	Jason Giddings	CEO, Principal Executive Officer and Manager, Principal Financial Officer and Principal Accounting Officer
0001665160-18-000615	1	General Presence Inc.	Frank Erik Banks	CEO, Principal Executive Officer and Director, Principal Financial Officer and Principal Accounting Officer
0001740120-18-000004	1	JWJTWO LLC	William Patterson	Member
0001693411-18-000002	1	GoFish Cam, Inc.	Brandon Austin	CEO, Principal Executive Officer, Principal Accounting Officer, Principal Financial Officer
0001669191-18-000320	1	Kingscrowd LLC	Christopher Lustrino	Principal Executive Officer
0001665160-18-000613	1	Overland ATS, LLC	Ryan Oliges	CEO, Principal Executive Officer and Director, Principal Financial Officer and Principal Accounting Officer
0001665160-18-000611	1	Overland ATS, LLC	Waldemar F. Kissel Jr.	CEO, Principal Executive Officer and Manager, Principal Financial Officer and Principal Accounting Officer
0001739714-18-000001	1	Certifiably, INC	Anne Chambers	CEO
0001742134-18-000005	1	Item Banc	Virginia Robertson	CEO and Director
0001665160-18-000609	1	Genlines.com, LLC	Eric Swick	CEO, Principal Executive Officer and Manager, Principal Financial Officer and Principal Accounting Officer
0001738944-18-000006	1	Pixilated LLC	Nicolas China	CEO and Manager
0001744554-18-000001	1	Fragrance of Heaven LLC	Terri Arthur	Owner & CEO
0001670254-18-000324	1	Solstar Space Company.	M. Brian Barnett	Founder & CEO
0001736304-18-000003	1	Primo Wind, Inc.	Edward McMahon	Founder/CEO
0001665160-18-000606	1	Mola Foods, Inc	Jeannette Bryant	CEO, Principal Executive Officer and Director, Principal Financial Officer and Principal Accounting Officer
0001735494-18-000005	1	Nicci Willis & Co	Jameen Willis	Managing Director
0001665160-18-000604	1	Unicoin Blockchain, Inc.	Chris Anthony	Principal Executive Officer and Director, Principal Financial Officer
0001702784-18-000002	1	CHRGR Inc.	John Mullin	CEO
0001665160-18-000603	1	Denim LA, Inc.	Corey Epstein	Co-CEO, Principal Executive Officer and Director
0001670254-18-000322	1	SST-Technologies LLC	Spencer Trotter	CEO/Founder
0001670254-18-000323	1	Industry Water Filtration, Inc.	Richard Yanda	President
0001665160-18-000597	1	Powell Development Group Inc.	Charles Powell	CEO, Principal Executive Officer and Director, Principal Financial Officer and Principal Accounting Officer
0001665160-18-000599	1	Citizen Health Project, Inc.	Brennen Hodge	CEO, Principal Executive Officer and Director, Principal Financial Officer and Principal Accounting Officer
0001665160-18-000598	1	Keezel, Inc.	Aike Muller	Principal Executive Officer and President
0001665160-18-000601	1	Orbis Law Corp	Mark Lichtshein	CEO and Principal Executive Officer
0001665160-18-000602	1	EDSO Inc.	Terry Marshall	CEO, Principal Executive Officer and Director, Principal Financial Officer and Principal Accounting Officer
0001693411-18-000001	1	GoFish Cam, Inc.	Brandon Austin	CEO and Director
0001665160-18-000595	1	Quila Marias Tequila Ria LLC	Jesse Lee Carrigan	CEO, Manager, Principal Financial Officer and Principal Accounting Officer
0001665160-18-000592	1	Baja United Imports, Inc.	Jim Riley	President
0001741753-18-000001	1	Local Choice Inc.	Paula Dezzutti Hewlette	Director, President, Chief Executive Officer
0001742065-18-000006	1	DHG Partners, LLC	Sherree Goldstein	Owner
0001743808-18-000001	1	Flatlay Inc	Blake Tengberg	Attorney
0001670254-18-000317	1	Yolo Rum, LLC	Philip Guerin	Managing Member
0001742118-18-000003	1	Abeille Beaute LLC	Alyssa Fine	Owner
0001669191-18-000316	1	Lipidomics, Inc.	Michael Tippie	Principal Executive Officer
0001670254-18-000321	1	Coppertino Inc	Ivan Ablamskyi	Founder and CEO
0001670254-18-000320	1	ZYPPAH, Inc.	Jonathan Greenburg	CEO
0001670254-18-000318	1	Dog Parker, Inc.	Chelsea Brownridge	CEO and Founder
0001739405-18-000002	1	Oxalis Food, LLC	Steve Wong	Managing member of Redwood Hospitality LLC, the managing member
0001669191-18-000313	1	Kare Mobile Incorporated	Kwane Watson	Principal Executive Officer
0001742230-18-000001	1	MJ2, LLC	Michael Tolkin	CEO
0001669191-18-000310	1	Subba Media Inc	Mark Jennings	Principal Executive Officer
0001670254-18-000315	1	Newchip Inc.	Ryan Rafols	Founder & CEO
0001739576-18-000003	1	Coinvest Labs LLC	Dzuy (Damon) Nam Huynh	CEO
0001669191-18-000307	1	Stodo Technologies LLC	Adam  Lopez	Principal Executive Officer
0001665160-18-000587	1	Natural Dynamic Systems	Nathan Schreibfeder	CEO, Principal Executive Officer and Director, Principal Financial Officer and Principal Accounting Officer
0001665160-18-000590	1	YouStake, Inc.	Frank DeGeorge	CEO, Principal Executive Officer and Director
0001739571-18-000003	1	Crab Corner II, LLC	John Smolen	Owner
0001731158-18-000005	1	Ten Thousand, Inc.	Keith B. Nowak	CEO and Director
0001725941-18-000003	1	Mugatunes Inc.	Andrew Meagher	CEO
0001741462-18-000002	1	Armored Citizen, LLC.	Aaron K Gilbert	President & CEO
0001712427-18-000003	1	Kookaburra Sustainable Solutions Inc	Michael Schieck	President
0001743775-18-000002	1	Organic Living Inc.	Jai McFall	Chief Executive Officer
0001665160-18-000585	1	Security Biometrics Corporation	Joseph Gangi	CEO, Principal Executive Officer and Director, Principal Financial Officer and Principal Accounting Officer
0001665160-18-000582	1	Orbis Law Corp.	Mark Lichtshein	CEO and Principal Executive Officer
0001670254-18-000310	1	Naia, Inc.	Chris Tan	CEO and Co-Founder
0001743949-18-000001	1	Jar Goods	Melissa Vitelli	Co-Founder & CEO
0001736388-18-000003	1	R3 Printing, Inc.	Daniel Downs	President
0001737477-18-000004	1	WorkDone Inc.	Joseph T. Rogers	CEO
0001648770-18-000003	1	Balloonr, Inc.	Amanda Greenberg	President, Treasurer and Secretary
0001735522-18-000003	1	Squirrel Capital Investments Inc.	Byron Stepner	CEO
0001702607-18-000005	1	Streaming Television Inc	Simon Bray Jr	CEO
0001731158-18-000004	1	Ten Thousand, Inc.	Keith B. Nowak	CEO and Director
0001742846-18-000001	1	BelleIQ,Inc.	Nu Dao	Co-Founder/CEO, Executive Chariman
0001743482-18-000001	1	Polymath Labs, Inc.	Matt Wilkerson	CEO
0001743775-18-000001	1	Organic Living Inc.	Jai McFall	Chief Executive Officer
0001742134-18-000004	1	Item Banc	Virginia Robertson	CEO and Director
0001665160-18-000580	1	General Presence Inc.	Frank Erik Banks	CEO, Principal Executive Officer and Director, Principal Financial Officer and Principal Accounting Officer
0001670254-18-000308	1	The Clement Street Brewpub, LLC	Ivan Hopkinson	Founder
0001670254-18-000305	1	'Laine's Bake Shop LLC, BG Consortium LLC	Rachel E. Bernier-Green	Owner
0001729427-18-000002	1	CNS Pharmaceuticals, Inc.	John Climaco	Chief Executive Officer
0001741620-18-000001	1	LOOK OPTIC, LLC	Jonathan Saven	Founder, Member
0001665160-18-000578	1	Trait, Inc	Mohammad Ghumman	CEO, Principal Executive Officer and Director, Principal Financial Officer and Principal Accounting Officer
0001665160-18-000575	1	Denim.LA, Inc.	Corey Epstein	Co-CEO, Principal Executive Officer and Director
0001741462-18-000001	1	Armored Citizen, LLC.	Aaron K Gilbert	President & CEO
0001669191-18-000304	1	PropertyClub, Inc.	Andrew  Weinberger	Principal Executive Officer
0001670254-18-000304	1	Ohos, Inc.	Dave Needham	CEO, Founder
0001670254-18-000303	1	Four Step Marketing Consultants Inc.	Matt Law	CEO
0001665160-18-000572	1	NOVA AERO TECHNOLOGY, INC	Essam Tawfik Marcus	CEO, Principal Executive Officer and Director, Principal Financial Officer and Principal Accounting Officer
0001670254-18-000302	1	Yolo Rum, LLC	Philip Guerin	Managing Member
0001665160-18-000571	1	MAGNABID, INC.	Pez Zarifianr	CEO, Principal Executive Officer and Director, Principal Financial Officer and Principal Accounting Officer
0001665160-18-000569	1	Wise Power Inc	Kevin J. Williams	CEO, Principal Executive Officer and Director, Principal Financial Officer and Principal Accounting Officer
0001579693-18-000003	1	Paul Evans LLC	Evan Fript	CEO and Managing Member
0001665160-18-000568	1	Contenders Clothing, LLC	Jonathan Snyder	CEO, Principal Executive Officer and Director, Principal Financial Officer and Principal Accounting Officer
0001665160-18-000565	1	AMPERE ELECTRIC CARS, INC	Tony Chan	CEO, Principal Executive Officer and Director, Principal Financial Officer and Principal Accounting Officer
0001665160-18-000566	1	Magnabid	Pez Zarifian	CEO, Principal Executive Officer and Director, Principal Financial Officer and Principal Accounting Officer
0001665160-18-000567	1	Magnabid	Pez Zarifian	CEO, Principal Executive Officer and Director, Principal Financial Officer and Principal Accounting Officer
0001722152-18-000001	1	NPTA Spirits	Patricia Hertling	President
0001665160-18-000564	1	Farr Hotels & Resorts, Inc	Kenneth Farr	CEO, Principal Executive Officer and Director, Principal Financial Officer and Principal Accounting Officer
0001669191-18-000299	1	ZENII, LLC	Michael Nelson	Principal Executive Officer
0001665160-18-000563	1	ElectroniXiQ, Inc.	Karlos Walkes	CEO, Principal Executive Officer and Director, Principal Financial Officer and Principal Accounting Officer
0001665160-18-000562	1	NETSTAIRS.COM INC.	Ahmad Moradi	Principal Founder, Chairman, CEO, President, Chief Science Officer, Principal Executive Officer and Director
0001665160-18-000558	1	Zoptiks LLC	Hari Kunduru	CEO, Principal Executive Officer and Manager, Principal Financial Officer and Principal Accounting Officer
0001665160-18-000560	1	Zoptiks LLC	Hari Kunduru	CEO, Principal Executive Officer and Director, Principal Financial Officer and Principal Accounting Officer
0001742065-18-000005	1	DHG Partners, LLC	Sherree Goldstein	Owner
0001665160-18-000555	1	WWW.NEWTUBEVIDEO.COM LLC	Joel Cineas	CEO, Principal Executive Officer and Director, Principal Financial Officer and Principal Accounting Officer
0001731540-18-000003	1	WolfPack Systems, Inc	Jonathan Chashper	President and CEO
0001730741-18-000004	1	When it Changed Inc.	Charles Broskoski	Chief Executive Officer
0001670254-18-000297	1	Elliott Group Communications Interests CA LLC	Jerry Elliott	CEO
0001665160-18-000550	1	Xcraft Enterprises, LLC	JD Claridge	CEO and Co-Founder
0001670254-18-000298	1	Elliott Group Communications Interests CA LLC	Jerry Elliott	CEO
0001670254-18-000300	1	Smoked Ribs Inc, DBA Xoobies	Dennis Robinson	CoFounder & COO
0001665160-18-000552	1	Mycroft AI Inc.	Joshua Montgomery	CEO, Principal Executive Officer and Director, Principal Financial Officer and Principal Accounting Officer
0001670254-18-000299	1	Martingale LLC	Chris Taylor	Producer / Writer
0001665160-18-000545	1	Crooru Corporation	Wilson Encarnacion	CEO, Principal Executive Officer and Director, Principal Financial Officer and Principal Accounting Officer
0001737017-18-000004	1	Uncle Billy's Taproom, LLC	Robert A. Leggett	Managing Partner of UBGP, LLC, sole manager of Uncle Billy's Taproom, LLC
0001665160-18-000543	1	North Country Showcase Inc	Anthony Diagostino	Treasurer, Principal Financial Officer, Principal Accounting Officer and Director
0001665160-18-000542	1	Curaite, Inc	Arif Ferda Kertmelioglu	Chairman, Principal Executive Officer and Director, Principal Financial Officer and Principal Accounting Officer
0001670254-18-000295	1	Van Cleave Dry Goods LLC	Adam Van Cleave	President & CEO
0001670254-18-000294	1	Black Momma Tea and Cafe, Inc	Vanessa Braxton	CEO & President
0001670254-18-000293	1	Texas Brewer Support, LLC	Davis Sean Tucker	President/Founder
0001669191-18-000297	1	ZENII, LLC	Michael Nelson	Principal Executive Officer
0001665160-18-000540	1	American Ultimate Disc League, LLC	Steven T Gordon	Principal Executive Officer and Manager
0001669191-18-000295	1	Subba Media Inc	Mark Jennings	Principal Executive Officer
0001670254-18-000292	1	MoJoe Brewing Company, LLC	Joseph Hyman	Co-Founder and CEO
0001665160-18-000539	1	Atlis Motor Vehicles Inc	Mark Hanchett	CEO, Principal Executive Officer and Director, Principal Financial Officer and Principal Accounting Officer
0001683872-18-000001	1	Sondors Electric Car Co	/Storm Sondors/	CEO
0001720033-18-000003	1	Vico Neve LLC	David S. Noto	Member
0001683168-18-001607	1	C. Meyers Feldman & Company	/s/ Charles Feltman	President
0001730905-18-000007	1	Williamsburg Distillery	William S. Dodson, Jr.	Director, President, Secretary, and Treasurer
0001665160-18-000538	1	Dashing Corp	Alaxander Villmann	CEO, Principal Executive Officer and Director
0001665160-18-000536	1	Dashing Corporation	Alaxander Villmann	CEO, Principal Executive Officer and Director
0001568609-18-000003	1	Cuddle Clones LLC	Jennifer Williams	CEO
0001668287-18-000064	1	earthdog, GP	David Colella	Partner
0001682510-18-000004	1	Splash Wines, Inc	Rob Imeson	CEO, Principal Executive Officer, Principal Accounting Officer, Principal Financial Officer
0001665160-18-000534	1	POUNDWISHES INC.	John Hussey	CEO, Principal Executive Officer and Director, Principal Financial Officer and Principal Accounting Officer
0001665160-18-000532	1	Ampere Electric Cars Inc	Tony Chan	CEO, Principal Executive Officer and Director, Principal Financial Officer and Principal Accounting Officer
0001675773-18-000003	1	RadioPublic PBC	/s/ Jake Shapiro	CEO and President and Director
0001723949-18-000017	1	Fatwood LLC	Robert Dames	President
0001723949-18-000016	1	Fatwood LLC	Robert Dames	President
0001670254-18-000290	1	Hospitality Innovated, LLC	Yannis Moati	CEO and Co-Founder
0001665160-18-000528	1	Digital Direct IR, Inc.	Peter Kaufman	CEO, Principal Executive Officer and Director, Principal Financial Officer and Principal Accounting Officer
0001739626-18-000003	1	Access Network Labs, Inc.	Michael Costa	Director, President, Secretary and CEO
0000921895-18-001862	1	Coinvest Labs LLC	Dzuy (Damon) Nam Huynh	CEO
0001668287-18-000061	1	Bum Butt Corporation	Mark Hayes	Owner
0001669191-18-000292	1	City Windmills Inc.	David Mapley	Principal Executive Officer
0001669191-18-000290	1	Leo Aerospace LLC	Dane Rudy	Principal Executive Officer
0001726635-18-000005	1	theCut LLC	Obi Omile Jr	CEO
0001740484-18-000003	1	TEST Foundation, Inc.	Rafael Ferreira	Secretary and Director
0001740484-18-000001	1	TEST Foundation, Inc.	Rafael Ferreira	Secretary and Director
0001742118-18-000001	1	Abeille Beaute LLC	Alyssa Fine	Owner
0001665160-18-000524	1	SupportMarket Inc.	Ankit Chaudhari	CEO, Principal Executive Officer and Director, Principal Financial Officer and Principal Accounting Officer
0001665160-18-000522	1	Starrtup.com LLC	Nadav Cornberg	CEO, Principal Executive Officer and Director, Principal Financial Officer and Principal Accounting Officer
0001665160-18-000517	1	Monte Cristo Productions, LLC	Avi Bernard	CEO, Principal Executive Officer and Director, Principal Financial Officer and Principal Accounting Officer
0001737909-18-000003	1	Dash Labs, Inc.	Jamyn Edis	Director
0001728855-18-000005	1	Boon VR LLC	Satya Ridhima Parvathaneni	Chief Executive Officer
0001702607-18-000004	1	Streaming Television Inc	Simon Bray Jr	CEO
0001670254-18-000287	1	Altcoin Exchange, Inc.	Andrew Gazdecki	CEO and Co-Founder
0001665160-18-000515	1	YouStake, Inc.	Frank DeGeorge	Principal Executive Officer
0001732447-18-000012	1	Onward Method, Inc.	Gabe Zichermann	CEO
0001668287-18-000056	1	Of The North Beverage International Inc	Gordon Woodland	President
0001732447-18-000011	1	ReGrained, Inc.	Jordan Schwartz	COO and Cofounder
0001732447-18-000010	1	Unlimited Tomorrow, Inc.	Easton LaChappelle	CEO
0001732447-18-000009	1	Gather Voices, Inc.	Michael Hoffman	CEO
0001732447-18-000008	1	Pawprint, Inc.	Emily Dong	President
0001732447-18-000007	1	NPTA SPIRITS	Patricia Hertling	President
0001732447-18-000006	1	FanFood, Inc.	Carson Goodale	CEO / Cofounder
0001732447-18-000005	1	Hackrod Inc	Michael McCoy	Chief Executive Officer
0001732447-18-000004	1	Krav Maga NYC, LLC	Matan Gavish	Managing Member
0001669191-18-000288	1	Pet & Tie, Inc.	Diego Mendes Alves	Principal Executive Officer
0001668287-18-000054	1	English for a Song, Inc.	Joshua Harrison	Owner
0001737909-18-000001	1	Dash Labs, Inc.	Jamyn Edis	Director
0001725245-18-000005	1	Preemadonna Inc.	Herpreet Walia	CEO & President
0001742065-18-000003	1	Abeille Beaute LLC	Alyssa Fine	Owner
0001742065-18-000001	1	DHG Partners, LLC	Sherree Goldstein	Owner
0001668287-18-000052	1	Michael Ray Galleries	Michael Ray Eamotte	Owner
0001580960-18-000003	1	Pigeonly, Inc.	Frederick Hutson	Chief Executive Officer
0001665160-18-000512	1	WISE LLC	Kevin J. Williams	CEO, Principal Executive Officer and Director, Principal Financial Officer and Principal Accounting Officer
0001739626-18-000001	1	Access Network Labs Inc.	Michael Costa	Director, President, Secretary and CEO
0001669191-18-000286	1	Stodo Technologies LLC	Adam  Lopez	Principal Executive Officer
0001702607-18-000003	1	Streaming Television Inc	Simon Bray Jr	CEO
0001669191-18-000284	1	Verdant Power Inc.	John Banigan	Principal Executive Officer
0001665160-18-000514	1	Wise Power, Inc.	Kevin J. Williams	CEO, Principal Executive Officer and Director, Principal Financial Officer and Principal Accounting Officer
0001665160-18-000511	1	Eclipse Diagnostics Inc	Luka Fajs	CEO, Principal Executive Officer and Director, Principal Financial Officer and Principal Accounting Officer
0001665160-18-000506	1	TrustaBit LLC	Saritta Hines	CEO, Principal Executive Officer and Director, Principal Financial Officer and Principal Accounting Officer
0001670254-18-000285	1	Blue World Voyages LLC	Hal Gassenheimer	CFO
0001670254-18-000283	1	GLG Pharma, LLC	Richard Gabriel	COO and Co-Founder
0001665160-18-000509	1	Shield Devices LLC	Eric Larabee	CEO, Principal Executive Officer and Director, Principal Financial Officer and Principal Accounting Officer
0001665160-18-000503	1	Vini Vidi Vici LLC	Ben Mayer	CEO, Principal Executive Officer and Director, Principal Financial Officer and Principal Accounting Officer
0001665160-18-000501	1	Bioclonetics Immunotherapeutics, Inc.	Charles S. Cotropia	CEO, Principal Executive Officer and Director, Principal Financial Officer and Principal Accounting Officer
0001665160-18-000500	1	General Presence Inc.	Frank Erik Banks	CEO, Principal Executive Officer and Director, Principal Financial Officer and Principal Accounting Officer
0001670254-18-000281	1	Grit Grocery, LLC	Dustin Windham	CEO
0001670254-18-000280	1	Loveseat, Inc	Chris Stanchak	Cofounder & CEO
0001670254-18-000279	1	Texas Beer Company LLC	Ian Davis	Co-Founder and CEO
0001670254-18-000278	1	Avua Corporation	Nathan Whitehouse	CEO
0001670254-18-000277	1	LAWRENCEVILLE PLASMA PHYSICS, INC.	Eric J. Lerner	President and Chief Scientist
0001670254-18-000276	1	Modbook Inc.	Andreas Haas	CEO & Lead Engineer
0001670254-18-000275	1	SpaceFab.US, Inc.	Randall Chung	CEO/Co-Founder
0001670254-18-000274	1	Orthogonal Thinker Inc.	Helene Servillon	Director
0001729481-18-000004	1	Apex Farms Corp.	Alexander M. Woods-Leo	Chief Executive Officer
0001733819-18-000003	1	City Griddle, LLC	Sameer Patel	Manager of APRB, LLC, the manager
0001735180-18-000003	1	Travis Midtown, LLC	Joseph Arbeely	Manager & Co-Founder
0001665160-18-000498	1	Farr Hotels and Resorts, Inc	Kenneth Farr	CEO, Principal Executive Officer and Director, Principal Financial Officer and Principal Accounting Officer
0001738942-18-000002	1	Beauty Park Group Inc.	Brian Wookun Park	CEO and Director
0001736304-18-000002	1	Primo Wind, Inc.	Edward McMahon	Founder/CEO
0001738944-18-000005	1	Pixilated LLC	Nicolas China	CEO and Manager
0001730905-18-000006	1	Williamsburg Distillery	William S. Dodson, Jr.	Director, President, Secretary, and Treasurer
0001665160-18-000496	1	Baja United Imports, Inc.	Jim Riley	CEO and Principal Executive Officer and Director
0001665160-18-000494	1	Baja United Imports, Inc	Jim Riley	CEO and Principal Executive Officer and Director
0001735090-18-000002	1	Crowdfind, Inc.	Jay Sebben	Chief Executive Officer
0001712427-18-000002	1	Kookaburra Sustainable Solutions Inc	Michael Schieck	President
0001665160-18-000490	1	Novo Aero Technology, Inc.	Essam Tawfik Marcus	CEO, Principal Executive Officer and Director, Principal Financial Officer and Principal Accounting Officer
0001665160-18-000486	1	StorEn Technologies Inc.	Carlo Brovero	CEO, Principal Executive Officer and Director, Principal Financial Officer and Principal Accounting Officer
0001669191-18-000282	1	Finnest, Inc.	Clemens Grave	Principal Executive Officer
0001665160-18-000471	1	Locking Line Barriers Corporation dba WATERBLOCKS	Joseph Daniluk	CEO, Principal Executive Officer and Director, Principal Financial Officer, Secretary, and Principal Accounting Officer
0001665160-18-000482	1	Time Token, Inc.	Greg Nelson	CEO, Principal Executive Officer and Director
0001665160-18-000477	1	Junto Bicycle Works, Ltd	Brian Powell	CEO and Principal Executive Officer
0001665160-18-000473	1	IBTY LLC	Krishna Ramnath	Chief Executive Manager, Principal Executive Officer and Manager, Principal Financial Officer and Principal Accounting Officer
0001670254-18-000273	1	Oneva, Inc.	Anita Gardyne	CEO and Co-Founder
0001665160-18-000479	1	Junto Bicycle Works, Ltd.	Brian Powell	CEO and Principal Executive Officer
0001726539-18-000003	1	Halo Cures, Inc.	Amy Kabaria	Legal counsel
0001669191-18-000278	1	Swoon City Music LLC	Maureen Lloren	Principal Executive Officer
0001669191-18-000275	1	Maingear, Inc.	Wallace Santos	Principal Executive Officer
0001665160-18-000467	1	EscoBoss, Inc.	Juliet Andriassian	CEO, Principal Executive Officer and Director, Principal Financial Officer and Principal Accounting Officer
0001665160-18-000464	1	LGBT Media, Inc.	Jordan Weiss	Co-CEO, Principal Executive Officer and Director, Principal Financial Officer and Accounting Officer
0001669191-18-000273	1	ChoiceTrade Holdings, Inc.	Neville Golvala	Principal Executive Officer
0001669191-18-000271	1	4Gen Technology Group, Inc.	Jacob Clifton	Principal Executive Officer
0001737933-18-000002	1	Emmer & Co LLC	Jesse Solomon	CEO, Principal Executive Officer, Principal Accounting Officer, Principal Financial Officer
0001731189-18-000003	1	3451 Benning LLC	Adrian Washington	CEO of Manager, The Neighborhood Development Company, LLC
0001665160-18-000462	1	Cyrus The Great Production Company, Inc	Alan Bailey	CEO, Principal Executive Officer and Director, Principal Financial Officer and Principal Accounting Officer
0001665160-18-000461	1	FireBot, Inc.	Mark Baldino	CEO, Principal Executive Officer and Director, Principal Financial Officer and Principal Accounting Officer
0001739576-18-000001	1	Coinvest Labs LLC	Dzuy (Damon) Nam Huynh	CEO
0001670254-18-000269	1	KAILO Energy, Inc	Ryan Shepherd	President
0001670254-18-000271	1	ATAxe LLC	Daniel Poane	Owner
0001740800-18-000001	1	Martenero, Inc.	John Tarantino	CEO
0001737490-18-000004	1	Ourotech, Inc.	/s/ Duleek Ranatunga	CEO, Board Member
0001665160-18-000459	1	Solar Direct LLC	Kirk Maust	CEO, Principal Executive Officer and Manager, Principal Financial Officer and Principal Accounting Officer
0001669191-18-000269	1	Pet & Tie, Inc.	Diego Mendes Alves	Principal Executive Officer
0001665160-18-000457	1	American Ultimate Disc League, LLC	Steven T Gordon	Principal Executive Officer and Manager
0001665160-18-000453	1	Green Valley Adventures, LLC	Daniel Whittemore	CEO, Principal Executive Officer and Director, Principal Financial Officer and Principal Accounting Officer
0001715007-18-000002	1	FreshMynd Inc.	Seema Lindskog	Founder & CEO
0001670254-18-000268	1	My Trail Company, PBC	Demetri Coupounas	CEO
0001670254-18-000266	1	Oneva, Inc.	Anita Gardyne	CEO and Co-Founder
0001740120-18-000003	1	JWJTWO LLC	William Patterson	Member
0001734217-18-000005	1	1476 Magazine LLC	Charles Rutledge	Manager of Manager, Magazine Race LLC
0001734217-18-000004	1	1476 Magazine LLC	Charles Rutledge	Manager of Manager, Magazine Race LLC
0001665160-18-000451	1	CEN INC	James Tagg	CEO, Principal Executive Officer and Director, Principal Financial Officer and Principal Accounting Officer
0001737017-18-000003	1	Uncle Billy's Taproom, LLC	Robert A. Leggett	Managing Partner of UBGP, LLC, sole manager of Uncle Billy's Taproom, LLC
0001737477-18-000002	1	WorkDone Inc.	Joseph T. Rogers	CEO
0001670254-18-000265	1	Industry Water Filtration, Inc.	Richard Yanda	President
0001670254-18-000264	1	Amulet Group Holdings, Inc.	Jeffrey Isquith	President and CEO
0001665160-18-000449	1	Livingway, Inc.	Jules Trasleglise	CEO, Principal Executive Officer and Director, Principal Financial Officer and Principal Accounting Officer
0001674439-18-000003	1	NextRX Inc.	Ralf-Rainer von Albedyhll	CEO
0001723949-18-000015	1	Fatwood LLC	Robert Dames	President
0001665160-18-000446	1	Cen Inc.	James Tagg	CEO, Principal Executive Officer and Director, Principal Financial Officer and Principal Accounting Officer
0001735494-18-000004	1	Nicci Willis & Co	Jameen Willis	Managing Director
0001665160-18-000443	1	Grove Works Inc.	Loren Robert Baum	CEO, Principal Executive Officer and Director, Principal Financial Officer and Principal Accounting Officer
0001670254-18-000262	1	Legion M Entertainment, Inc.	Paul Scanlan	Co-Founder, Chief Executive Officer, Chief Financial Officer and Treasurer, Director
0001670254-18-000261	1	GlobeChat, Inc.	Kevin Strom	CEO
0001665160-18-000441	1	Atmos Home Inc.	Mark Lyle	CEO, CTO, Principal Executive Officer and Director, Principal Financial Officer and Principal Accounting Officer
0001665160-18-000440	1	FRtoken Inc.	Joseph Pitluck	CEO, Principal Executive Officer and Director, Principal Financial Officer and Principal Accounting Officer
0001728560-18-000004	1	SynTouch, Inc.	David Groves	CEO
0001728560-18-000003	1	SynTouch, Inc.	David Groves	CEO
0001663577-18-000223	1	Smoke Cartel, Inc.	/s/ Sean Geng	CEO, Principal Executive Officer and Director
0001670254-18-000259	1	Dufrane Productions, LLC	Dean Silvers	Producer
0001710938-18-000001	1	Franklin & Cortlandt Vinyl LLC	/s/Dan Yashiv	Managing Member
0001738944-18-000004	1	Pixilated LLC	Nicolas China	CEO and Manager
0001738944-18-000003	1	Pixilated LLC	Nicolas China	CEO and Manager
0001669191-18-000265	1	Undercurrent VR INC	Andrew  Moore	Principal Executive Officer
0001669191-18-000263	1	Movatic, Inc.	Ansgar Strother	Principal Executive Officer
0001731813-18-000003	1	SWEAT COSMETICS INC	Emily Hines	CFO, Founder, Board Member
0001740120-18-000001	1	JWJTWO LLC	William Patterson	Owner
0001670254-18-000255	1	SuperdopeTV, Inc.	Mychal Simka	CEO
0001670254-18-000252	1	MOBODEXTER INC	Chandramouli Srinivasan	CEO
0001670254-18-000257	1	Oneva, Inc.	Anita Gardyne	CEO and Co-Founder
0001670254-18-000250	1	Legion M Entertainment, Inc.	Paul Scanlan	CEO
0001712565-18-000002	1	Taxdrop Inc.	Alice Cheng	President & CEO
0001670254-18-000247	1	KOHA, LLC	Janet I. Alikpala	CEO, Co-Founder
0001739374-18-000001	1	SolarSI Costa Rica LLC	Barend Goossens	Manager
0001670254-18-000246	1	Haint Blue Brewing Company LLC	Keith Sherrill	President
0001693311-18-000002	1	Hustle Con Media	Samuel Parr	CEO
0001665160-18-000439	1	EventJoin Inc.	Shalini Kasliwal	CEO, Principal Executive Officer and Director, Principal Financial Officer and Principal Accounting Officer
0001665160-18-000437	1	EventJoin Inc.	Shalini Kasliwal	CEO, Principal Executive Officer and Director, Principal Financial Officer and Principal Accounting Officer
0001703835-18-000006	1	Sidekick Technologies, Inc.	Andrew Austin	Co-Founder & Treasurer
0001684715-18-000001	1	Sugar Refinery, LLC	Amrita Karnani	President
0001726073-18-000006	1	Woodland Rockwell No. 1 GP	Manfred Sternberg	President of ACSI, General Partner
0001738944-18-000001	1	Pixilated LLC	Nicolas China	CEO and Manager
0001665160-18-000435	1	Waverly Labs Inc	Andrew Ochoa	CEO, Principal Executive Officer, Director, Principal Financial Officer, Principal Accounting Officer
0001700426-18-000001	1	Flickswitch LLC	Christian Jennewein	CEO
0001670254-18-000244	1	Martingale LLC	Chris Taylor	Producer / Writer
0001644600-18-000026	1	GeoOrbital Inc.	Michael Burtov	Chief Executive Officer
0001736304-18-000001	1	Primo Wind, Inc.	Edward McMahon	Founder/CEO
0001681334-18-000001	1	SecurShade INC	GORDON Murray Clements	President
0001739206-18-000001	1	Meg Media Inc.	Patrick Davis Jones	Chief Executive Officer
0001644600-18-000024	1	Legion M Entertainment, Inc.	Paul Scanlan	Co-Founder, Chief Executive Officer, Chief Financial Officer and Treasurer, Director
0001665160-18-000432	1	Eliport, Inc	Dmitry Skorinko	CEO, Principal Executive Officer and Director, Principal Financial Officer and Principal Accounting Officer
0001670254-18-000242	1	M & M Media, Inc.	Gary Mekikian	Co-founder and CEO
0001701184-18-000001	1	Bat Country, LLC	Sky Wegman	Chief Executive Officer
0001669191-18-000257	1	Subba Media Inc	Mark Jennings	Principal Executive Officer
0001665160-18-000431	1	WISE LLC	Kevin J. Williams	CEO, Principal Executive Officer and Director, Principal Financial Officer and Principal Accounting Officer
0001716298-18-000003	1	Mighty Well Inc.	/s/Yousef Al-Humaidhi	Chief Financial Officer
0001723477-18-000002	1	Vacayo, Inc.	Truth Oladapo	CEO
0001669753-18-000004	1	Whoseyourlandlord, Inc.	Camellus Ofornedu Ezeugwu Jr.	Chief Executive Officer
0001726537-18-000004	1	Pistil & Pollen, LLC	Amy Dannemiller	Chief Executive Officer
0001724091-18-000005	1	Bravery Chef Hall, LP	Lian Pham	Partner of the general partner
0001665160-18-000430	1	APPARENT ENERGY, INC	William Patridge	President, CEO, Principal Executive Officer and Director, Principal Financial Officer and Principal Accounting Officer
0001665160-18-000429	1	Kind Katie Movie Partners, LLC	Jon Graham	CEO and Director, Principal Financial Officer and Principal Accounting Officer
0001725458-18-000004	1	California 88, LLC	Eric Hsu	Managing Member
0001739109-18-000002	1	UBIF Tech Solutions Inc	MICHAEL W PIERCE	PRESIDENT
0001670254-18-000240	1	Calroo, Inc.	Elena Krasnoperova	Co-founder, CEO
0001669191-18-000253	1	Kare Mobile Incorporated	Kwane Watson	Principal Executive Officer
0001725124-18-000005	1	Rhymella, Inc.	Megan McElroy Rzezutko	Chief Executive Officer, Director and Co-Founder
0001716298-18-000002	1	Mighty Well, Inc.	Yousef Al-Humaidhi	Director and Chief Financial Officer
0001704090-18-000004	1	Gulf Coast Canna Meds, Inc.	Lori Daugherty	CEO
0001717904-18-000002	1	RMR Laboratories, Inc	Michael Lui	Chief Executive Officer and Director
0001705359-18-000004	1	WindowMirror Inc.	Sean Fahey	Founder
0001669191-18-000249	1	Ao1 Solutions Inc.	Tyrre Burks	Principal Executive Officer
0001669191-18-000246	1	ICEBREAKER, INC.	Kevin Murray	Principal Executive Officer
0001665160-18-000428	1	Firebot Inc	Mark Baldino	CEO, Principal Executive Officer and Director, Principal Financial Officer and Principal Accounting Officer
0001670254-18-000236	1	Dufrane Productions, LLC	Dean Silvers	Producer
0001665160-18-000426	1	Cyrus The Great Production Company, Inc	Alan Bailey	CEO, Principal Executive Officer and Director, Principal Financial Officer and Principal Accounting Officer
0001670254-18-000234	1	Amulet Group Holdings, Inc.	Jeffrey Isquith	President and CEO
0001670254-18-000238	1	Saranac Lake Community Store, Inc.	Melinda Little	Founding Board Member and President
0001737933-18-000001	1	Emmer & Co LLC	Jesse Solomon	CEO, Principal Executive Officer, Principal Accounting Officer, Principal Financial Officer
0001669191-18-000244	1	Rapunzl Investments, LLC	Brian Curcio	Chief Executive Officer
0001644600-18-000021	1	Wellhub Inc.	Jacob Corley	CEO, Principal financial officer, principal accounting officer
0001493152-18-006229	1	ROOMI INC.	/s/ Alex Larsen	Chief Operating Officer
0001730905-18-000005	1	Williamsburg Distillery	William S. Dodson, Jr.	Director, President, Secretary, and Treasurer
0001730905-18-000004	1	Williamsburg Distillery	William S. Dodson, Jr.	Director, President, Secretary, and Treasurer
0001665160-18-000423	1	JWL.COM, Inc.	David Zinberg	CEO, Principal Executive Officer and Director
0001735180-18-000001	1	Travis Midtown, LLC	Joseph Arbeely	Manager & Co-Founder
0001665160-18-000416	1	LIFE RECOVERY SYSTEMS HD LLC	Robert J Freedman	CEO, Principal Executive Officer and Manager
0001670254-18-000232	1	Vera Roasting Company, Inc.	Evan Young	Director of Finance and Operations
0001670254-18-000230	1	One Pet World, Inc.	Dan Wiesel	CEO/Founder
0001665160-18-000420	1	Titomirov Vodka LLC	Alexander Titomirov	CEO, Principal Executive Officer and Director, Principal Financial Officer and Principal Accounting Officer
0001670254-18-000233	1	Hops and Grain Production, LLC	Josh Hare	Founder & President
0001670254-18-000228	1	DonorSee, LLC	Gret Glyer	CEO
0001638829-18-000002	1	MANCAN WINE, LLC	Graham Veysey	CEO
0001737490-18-000002	1	Ourotech, Inc.	/s/ Duleek Ranatunga	CEO, Board Member
0001665160-18-000414	1	ETELLIGENT INC.	Barbara Weller	CEO, Principal Executive Officer and Director, Principal Financial Officer and Principal Accounting Officer
0001602930-18-000010	1	WorldViz, Inc.	Matthias Pusch	Vice President of Sales and Marketing
0001739408-18-000001	1	Tall Pines Distillery LLC	Lisa Welch	Owner
0001665160-18-000411	1	Wise Power, Inc.	Kevin J. Williams	CEO, Principal Executive Officer and Director, Principal Financial Officer and Principal Accounting Officer
0001723146-18-000004	1	Success By Media LLC	Jay Noland	Chief Executive Officer
0001703835-18-000004	1	Sidekick Technologies, Inc.	Andrew Austin	Co-Founder & Treasurer
0001723146-18-000003	1	Success By Media LLC	Jay Noland	Chief Executive Officer
0001670254-18-000226	1	Weeshing Inc	Javier Hasbun	Chief Financial Officer
0001670254-18-000225	1	Thisisground Holdings, Inc.	Mike Macadaan	Creative Director & CEO
0001670254-18-000227	1	HigherMe Inc.	Rob Hunter	Founder / CEO
0001718518-18-000003	1	SuperdopeTV, Inc.	/mychal simka/	CEO and President of SuperDope TV
0001706950-18-000002	1	Bravo Bunny, LLC	/mychal simka/	CEO and President of Bravo Bunny
0001670254-18-000222	1	VAUTE COUTURE, INC.	Leanne Mai-ly Hilgart	President
0001665160-18-000409	1	Samsara Luggage Inc.	Atara Dzikowski	CEO and Director
0001644600-18-000019	1	Legion M Entertainment, Inc.	Jeff Annison	President
0001670254-18-000221	1	My Trail Company, PBC	Demetri Coupounas	CEO
0001668287-18-000040	1	English for a Song, Inc.	Joshua Harrison	President
0001665160-18-000408	1	Sharebert Holdings LLC	Mohammad Ali Mahvan	CEO, Principal Executive Officer and Manager, Principal Financial Officer and Principal Accounting Officer
0001665160-18-000406	1	Sharebert Holdings LLC	Mohammad Ali Mahvan	CEO, Principal Executive Officer and Manager, Principal Financial Officer and Principal Accounting Officer
0001710332-18-000005	1	Duralogic USA Inc	Bryce Fisher	CEO
0001692309-18-000001	1	Affordable Community Energy Services Co	Jeffrey Greenberger	President
0001593780-18-000002	1	Edisun Microgrids, Inc.	Vikas Tuteja	COO
0001708151-18-000002	1	Uni-Boil MP Inc.	Wai Lun Pun	Chief Operating Officer
0001716906-18-000001	1	Martell Broadcasting Systems, Inc.	Carey Martell	President
0001670254-18-000219	1	Meow Wolf, Inc.	Vince Kadlubek	President & CEO
0001670254-18-000220	1	eyeCam, Inc.	Bryan Davis	CEO
0001665160-18-000402	1	Filmio, Inc.	Ian LeWinter	President
0001665160-18-000401	1	Firebot Inc	Mark Baldino	CEO, Principal Executive Officer and Director, Principal Financial Officer and Principal Accounting Officer
0001695244-18-000001	1	EverMem Inc	Thomas Reese	Chief Executive Officer; President
0001670254-18-000218	1	Malibu Compost Inc.	Randy Ritchie	CEO
0001665160-18-000400	1	Samsara Luggage Inc.	Atara Dzikowski	CEO and Director
0001670254-18-000217	1	Barrel Harbor Brewing Company, LLC	Tim St.Martin	CEO
0001717904-18-000001	1	RMR Laboratories, Inc	Michael Lui	Chief Executive Officer and Director
0001665160-18-000399	1	Farm One, Inc.	Robert Laing	CEO, Principal Executive Officer and Director, Principal Financial Officer and Principal Accounting Officer
0001665160-18-000398	1	EPEC Holdings, Inc	Steve Vanechanos	Principal Executive Officer and Director
0001665160-18-000397	1	Aurora Sky Events	Nathanael Engen	Founder, CEO, Principal Executive Officer and Manager, Principal Financial Officer and Principal Accounting Officer
0001734991-18-000005	1	Local X Change, LLC	Zebulon Bartels	Owner
0001665160-18-000396	1	Ube, Inc	Utz Baldwin	CEO, Principal Executive Officer and Director, Principal Financial Officer and Principal Accounting Officer
0001665160-18-000395	1	PlantSnap, Inc.	Eric Ralls	CEO, Principal Executive Officer and Director, Principal Financial Officer and Principal Accounting Officer
0001665160-18-000394	1	STAYBLGEAR LLC	Eskil Nordhaug	CEO, Principal Executive Officer and Manager, Principal Financial Officer and Principal Accounting Officer
0001670254-18-000216	1	Hustle Fitness, Inc.	Matt Michaux	CEO
0001665160-18-000393	1	MaestroConference Inc	Julian Martinez	Principal Accounting Officer and Director
0001722182-18-000001	1	Pawprint, Inc.	Emily Dong	President
0001665160-18-000392	1	Samsara Luggage Inc.	Atara Dzikowski	CEO and Director
0001665160-18-000391	1	MedChain Inc	Joachim Sandgaard	CEO, Director, Principal Executive Officer, Principal Financial Officer, and Principal Accounting Officer
0001721124-18-000001	1	LOVEBUG NUTRITION INC	/s/Benjamin Harris	Chief Financial Officer and Treasurer
0001690888-18-000001	1	InGen Dynamics, Inc.	Arshad Hisham	CEO
0001696993-18-000001	1	ALCHEMA INC.	/s/Chingyen Chang	Chief Executive Officer , President and Treasurer
0001665160-18-000382	1	Waverly Labs Inc	Andrew Ochoa	CEO, Principal Executive Officer, Director, Principal Financial Officer, Principal Accounting Officer
0001670254-18-000215	1	KALiiN, LLC	Richard Grover	Founder/CEO
0001665160-18-000383	1	Wetboard, Inc.	Christopher D. White	CEO, Principal Executive Officer and Director, Principal Financial Officer and Principal Accounting Officer
0001670254-18-000199	1	LAWRENCEVILLE PLASMA PHYSICS, INC.	Eric J. Lerner	President and Chief Scientist
0001670254-18-000202	1	LiquidPiston, Inc.	Alexander Shkolnik	CEO
0001712565-18-000001	1	Taxdrop Inc.	Alice Cheng	CEO
0001668287-18-000034	1	Of The North Beverage International Inc	Gordon Woodland	President
0001665160-18-000390	1	Green Gear Cycling, Inc.	Alan Scholz	CEO, Principal Financial Officer and Principal Accounting Officer
0001664957-18-000002	1	Pearachute Inc.	Desiree Vargas Wrigley	Chief Executive Officer and President
0001640709-18-000001	1	Bellhop Technologies Inc	Payam Safa	CEO
0001665160-18-000384	1	Rentah Inc	Anup Yogesh Desai	CEO, Principal Executive Officer and Director, Principal Financial Officer and Principal Accounting Officer
0001691881-18-000001	1	Court Innovations Inc	MJ Cartwright	CEO, President
0001670254-18-000203	1	Modbook Inc.	Andreas Haas	CEO & Lead Engineer
0001710332-18-000004	1	Duralogic USA Inc	Bryce Fisher	CEO
0001670254-18-000200	1	ZipZap, Inc.	Alan Safahi	CEO
0001716791-18-000002	1	HireClub.com, Inc.	Ketan Anjaria	CEO
0001697047-18-000002	1	Tasty Minstrel Games, LLC	Michael Mindes	CEO, Co-Founder, Managing Member
0001665160-18-000389	1	Real Bloody Mary Co., LLC	Michael Machat	CEO, Principal Executive Officer and Director, Principal Financial Officer and Principal Accounting Officer
0001670254-18-000213	1	Nemucore Medical Innovations, Inc.	Tim Coleman	Founder and CEO
0001690631-18-000002	1	Niveau Brands, Inc.	Elliott Johnson	CEO
0001706024-18-000001	1	GoSun Inc.	Patrick Sherwin	CEO
0001719882-18-000003	1	MiqroTech	Meade Lewis	Founder and Chief Executive Officer
0001670254-18-000214	1	Coppertino Inc	Ivan Ablamskyi	Founder and CEO
0001680084-18-000003	1	Snapwire Media, Inc.	Chad Newell	CEO
0001665160-18-000386	1	SXC Live Inc.	Amir Amini	Principal Executive Officer and Director, Principal Accounting Officer and Director
0001670254-18-000204	1	Texas Beer Company LLC	Ian Davis	Co-Founder and CEO
0001670254-18-000212	1	Sam Lee Laundry LLC	David Gluck	Producer & General Manager
0001680084-18-000002	1	Urban Juncture, Inc.	Bernard Loyd	President
0001679373-18-000002	1	Farm From a Box, Inc.	Brandi DeCarli	Founding Partner
0001713167-18-000004	1	French Morning Media Group Inc	/s/Emmanuel Saint-Martin	CEO
0001665160-18-000388	1	GRACEDBYGRIT	Kimberly Caccavo	Founder/CEO
0001670254-18-000210	1	That Christmas Movie LLC	David Willis	Director / Writer / Producer
0001670254-18-000205	1	BOARDWALK HOSPITALITY INC.	Mike Meader	Co-Founder/President
0001706313-18-000001	1	SpaceoutVR, Inc.	Dennis Adamo	Acting CEO
0001670254-18-000207	1	Powur, PBC	Andrew Wilson	CFO
0001691881-18-000003	1	Court Innovations Inc	MJ Cartwright	CEO and President
0001670254-18-000208	1	Barrel Harbor Brewing Company, LLC	Tim St.Martin	CEO
0001665160-18-000385	1	Sol Boards, Inc.	Don Wildman	Co-Founder
0001665160-18-000381	1	Personal Airline Exchange, Inc.	Michael Azzarello	CEO, Principal Executive Officer and Director, Principal Financial Officer, Principal Accounting Officer
0001670254-18-000206	1	Dog Parker, Inc.	Chelsea Brownridge	CEO and Founder
0001691881-18-000002	1	Court Innovations Inc	MJ Cartwright	CEO and President
0001644600-18-000016	1	Legion M Entertainment, Inc.	Paul Scanlan	Co-Founder, Chief Executive Officer, Chief Financial Officer and Treasurer
0001724740-18-000002	1	YouNow Services LLC	Adi Sideman	Managing Member
0001687516-18-000001	1	Corsica Innovations, Inc.	Jonathan (Yoni) Ofir	CEO, Principal Executive Officer, Principal Accounting Officer, Principal Financial Officer
0001665160-18-000380	1	Vibrant TV, LLC	Jon Bottorff	CFO
0001670254-18-000197	1	MilTec Platform, Inc.	Tanya Flynn	Product Development Director
0001602930-18-000009	1	WorldViz, Inc.	Matthias Pusch	VP of Sales
0001680729-18-000001	1	Arbit, Inc.	Alex Bullington	Co-Founder and CEO
0001711429-18-000001	1	Three Little Stooges Productions LLC	/s/ Earl Benjamin	President and CEO of C3 Entertainment Inc., the Managing Member of Three Little Stooges Productions LLC
0001690042-18-000004	1	Fizzics Group LLC	Thomas Steckbeck	CEO
0001670254-18-000195	1	Epec Holdings, Inc. (f/k/a Epec Biofuels Holdings, Inc.)	Steve Vanechanos	Executive Chairman of the Board
0001670254-18-000194	1	Loveseat, Inc	Chris Stanchak	Cofounder & CEO
0001670254-18-000193	1	PAYROLL4FREE.COM, LLC	Marta Mendizabal	VP & COO
0001691935-18-000002	1	Princeton Audio, LLC.	/s/Michael Pelland	CEO
0001690042-18-000003	1	Hackrod Inc	Michael McCoy	Director, Chief Executive Officer, Chief Financial Officer, Secretary
0001670254-18-000192	1	Full Circle Brewing Co. Ltd. LLC	Arthur Moye	CEO
0001670254-18-000191	1	Orthogonal Thinker Inc.	Helene Servillon	Director
0001644600-18-000014	1	GeoOrbital Inc.	Michael Burtov	Chief Executive Officer
0001670254-18-000190	1	SpaceFab.US, Inc.	Randall Chung	CEO/Co-Founder
0001665160-18-000379	1	Atmos Home Inc.	Mark Lyle	CEO, CTO, Principal Executive Officer and Director, Principal Financial Officer and Principal Accounting Officer
0001665160-18-000378	1	Next Future Transportation Inc.	Tommaso Gecchelin	CTO
0001690909-18-000003	1	Ellison Eyewear, Inc	/s/ Aristotle Loumis	Chief Executive Officer
0001665160-18-000377	1	WitFoo, Inc.	Tim Bradford	CEO, Principal Executive Officer and Director, Principal Financial Officer and Principal Accounting Officer
0001664526-18-000001	1	PLAY IMPOSSIBLE CORP	/s/Brian Monnin	Chief Executive Officer and Director
0001665160-18-000376	1	SlideBelts Inc.	Brig Taylor	Founder & CEO
0001690042-18-000002	1	BeatStars Inc.	Ibrahim Batshon	CEO
0001705954-18-000002	1	madeBOS, Inc	Martha Hernandez	Founder and CEO
0001735360-18-000001	1	Parlay App, Inc.	Keith Frankel	President and Chief Executive Officer
0001690909-18-000002	1	Farm One, Inc.	/s/Robert Laing	CEO
0001690165-18-000008	1	ReGrained, Inc.	/s/Jordan Schwartz	Chief Operating Officer and Director
0001665160-18-000375	1	Keezel, Inc.	Aike Muller	Principal Executive Officer and President
0001674421-18-000002	1	Bloomery Investment Holdings, LLC	Linda Losey	Member, LLC
0001665160-18-000374	1	Quad Marine Inc.	Steve Salani	CEO
0001493152-18-005955	1	/s/ Alex Larsen	Alex Larsen	Chief Operating Officer
0001665160-18-000373	1	Mi Ola, Inc	Helena Fogarty	CEO and Founder
0001522456-18-000002	1	Greensbury Market, Corp.	Edward B. Hopper, III	CEO, Principal Executive Officer
0001674632-18-000001	1	Beta Bionics, Inc	Edward R. Damiano	Chief Executive Officer/ Board Member
0001522456-18-000001	1	Portalarium, Inc.	Richard Garriott de Cayeux	CEO, Principal Executive Officer
0001669191-18-000243	1	Maingear, Inc.	Wallace Santos	Principal Executive Officer
0001670254-18-000189	1	Proof of Concept, LLC	Josh Morton	CEO
0001669191-18-000241	1	Stodo Technologies LLC	Adam  Lopez	Principal Executive Officer
0001723146-18-000002	1	Success By Media LLC	J. Noland	Chief Executive Officer
0001669191-18-000239	1	Lalita, Inc	Rena  Andrews	Principal Executive Officer
0001670254-18-000188	1	WhiteClouds Inc.	Jerry Ropelato	Chief Executive Officer
0001709539-18-000004	1	Shark Wheel LLC	/s/ Zack Fleishman	COO
0001665160-18-000372	1	Magnabid	Pez Zarifian	CEO, Principal Executive Officer and Director, Principal Financial Officer and Principal Accounting Officer
0001686552-18-000001	1	Better World Spirits Inc	/s/Wade Keech	President
0001668287-18-000031	1	Michael Ray Galleries	Michael Ray Eamotte	President
0001703835-18-000002	1	Sidekick Technologies, Inc.	Andrew Austin	Co-Founder & Treasurer
0001674199-18-000003	1	Palmia Corp	Robert Nathanson	CEO
0001670254-18-000186	1	Ohos, Inc.	Dave Needham	Founder
0001665160-18-000371	1	Space Division Inc.	Ryan Oliges	CEO, Principal Executive Officer and Director, Principal Financial Officer and Principal Accounting Officer
0001665160-18-000370	1	PT Motion Works, Inc.	Bryan Pate	Co-President
0001695847-18-000001	1	Vios Nutrition, Inc.	/s/ Christopher Brock Agee	President
0001706256-18-000001	1	1787 Financial Corporation, Inc.	Jean Borno	President
0001702419-18-000001	1	Tier5International, Inc.	Jamasen Rodriguez	CEO, Principal Executive Officer, Principal Accounting Officer, Principal Financial Officer
0001702939-18-000001	1	Ondello, Inc.	Mark Hadfield	CEO
0001720880-18-000003	1	MJ Hybrid Solutions, INC	Melissa Jane Stapley	CEO, Principal Executive Officer, Principal Accounting Officer, Principal Financial Officer
0000950123-18-003920	1	Art Craft Entertainment, Inc.	J. Todd Coleman	Chief Executive Officer & Secretary
0001716174-18-000001	1	Tall Idea Labs, Inc.	Anand Pandharikar	CEO
0001665160-18-000369	1	Seam Tech, Inc	Adrian Ceron	CEO, Principal Executive Officer, Principal Financial Officer, Principal Accounting Officer
0001710903-18-000001	1	Light Phone Inc.	Joseph Hollier	President, Co-founder, Board Member
0001718528-18-000001	1	World's Best Enterprises LLC	Kevin Chow	Managing Member
0001644600-18-000012	1	Digitally Imported, Inc.	Gregory Shohat	Founder and CEO
0001644600-18-000010	1	Digitally Imported, Inc.	Gregory Shohat	Founder and CEO
0001726531-18-000010	1	Edge Tech Labs, LLC	/s/ Shaun Masavage	CEO
0001715813-18-000002	1	PieShell, LLC	Cheryl Clements	CEO
0001700829-18-000001	1	Lendsnap, Inc.	Orion Parrott	CEO
0001715749-18-000002	1	3DaGoGo, Inc	Andrew Taylor	CEO
0001724714-18-000005	1	Gryphon Online Safety, Inc.	John Wu	CEO
0001726531-18-000008	1	Unlimited Tomorrow, Inc.	/s/Easton LaChappelle	CEO
0001669654-18-000002	1	Onward Method, Inc.	Gabe Zichermann	CEO
0001669191-18-000236	1	ZELGOR INC.	John Fanning Jr.	Chief Executive Officer
0001669191-18-000235	1	VirZoom, Inc.	Eric Janzen	Chief Executive Officer
0001669191-18-000233	1	Caylent, Inc.	Joseph La Torre	President and Chief Executive Officer
0001669191-18-000231	1	Kindred Brands, Inc.	Andy Fox	Chief Executive Officer
0001477932-18-002103	1	WOLFPRINT 3D INC	/s/ Timmu Toke	Chief Executive Officer
0001712071-18-000001	1	Balanced Software, Inc.	Richard Burton	CEO
0001144204-18-023401	1	NowRx, Inc.	/s/ Cary Breese	Chief Executive Officer
0001665160-18-000367	1	IJUZE Corp	Esmond Goei	Principle Executive officer and Director
0001670254-18-000176	1	VoiceVoice, Inc. dba MaestroConference	Brian Burt	Founder/CEO
0001665160-18-000366	1	Kind Katie Movie Partners, LLC	Jon Graham	CEO and Director, Principal Financial Officer and Principal Accounting Officer
0001665160-18-000363	1	Storiad, Inc.	Ramzi Hajj	President, CEO
0001665160-18-000361	1	MOCKOUT, INC.	Michael McKeon	Principal Executive Officer and Director, Principal Financial Officer and Principal Accounting Officer
0001670254-18-000180	1	MobileSpike Technologies Inc.	Michael P. Moormeier	CEO
0001665160-18-000356	1	VitaPerk LLC	Brad Kifferstein	CEO
0001670254-18-000178	1	Julia Knight, Inc.	Julia Knight	CEO & Founder
0001670254-18-000182	1	Hawaiian Ola Brewing Corporation	Chris Whidden	Brand Manager
0001665160-18-000357	1	JINGLZ, INC.	Aaron Itzkowitz	CEO, President, Chairman, Director, Principal Executive Officer
0001665160-18-000362	1	Sun Fund Renewables Inc.	Michael Licamele	CEO, Principal Executive Officer and Sole Director, Principal Financial Officer and Principal Accounting Officer
0001724453-18-000002	1	Fanchise League Co LLC	/s/ Sohrob Farudi	CEO
0001670254-18-000183	1	Black Momma Tea and Cafe, Inc	Vanessa Braxton	CEO & President
0001665160-18-000355	1	Care2.com, Inc.	Randy Paynter	CEO and Board Director
0001665160-18-000359	1	OPER, LLC	David Laiderman	Principal Executive Officer and Director, Principal Financial Officer, and Principal Accounting Officer
0001691252-18-000004	1	I-Pass Patient Safety Institute, Inc.	William Floyd	Chief Executive Officer
0001665160-18-000365	1	MedAnswers	Alice Crisci	Principal Executive Officer and Director, Principal Financial Officer, Principal Accounting Officer
0001665160-18-000360	1	N-Gen Technologies, Inc.	Alan Holsapple	Principal Financial Officer and Principal Accounting Officer
0001665160-18-000358	1	EpigenCare Inc.	William Lee	CEO, Principal Executive Officer and Director
0001665160-18-000364	1	GarageSkins, Inc.	Rick Medlen	CEO, Principal Executive Officer and Director, Principal Financial Officer and Principal Accounting Officer
0001665160-18-000368	1	Spendwith, Corp.	C. Jibril Sulaiman II	Principal Executive Officer and Director, Principal Financial Officer and Principal Accounting Officer
0001670254-18-000181	1	OODLES CORPORATION	Asheesh Barman	Co-Founder, President, & COO
0001715007-18-000001	1	FreshMynd Inc.	Devesh Sharma	President and Chief Financial Officer
0001669191-18-000229	1	Lalita, Inc	Rena  Andrews	Principal Executive Officer
0001669191-18-000227	1	VolAero UAV & Drones Holdings Corp.	Charles Zwebner	Chief Executive Officer
0001665160-18-000354	1	Boxx Corp	Eric Vaughn Meyers	Principal Executive Officer and Director, Principal Financial Officer and Principal Accounting Officer, Founder
0001670254-18-000174	1	Crooked City Cider LLC	Dana Bushouse	Cider Boss
0001726539-18-000001	1	Halo Cures, Inc.	Kevin Leland	CEO
0001670254-18-000173	1	Motoroso, Inc.	Alex Littlewood	Founder & CEO
0001644600-18-000007	1	Voyage Media Inc.	Nat Mundel	Chief Executive Officer
0001724091-18-000004	1	Hoke Poke 5077 Lankershim, LLC	Darin Barton	President of Great One Eight Management, Inc., the manager of the Issuer
0001724091-18-000003	1	Bravery Chef Hall, LP	Lian Pham	Partner of the general partner
0001705496-18-000002	1	Stanley Grove LLC	Lu Yang	Managing Member
0001724862-18-000002	1	PST Evergreen Investment, Inc.	Han Hu	Director
0001705975-18-000002	1	Pitch 25, LLC	Brian Ching	Manager
0001670254-18-000172	1	MySwimPro, Inc.	Fares Ksebati	CEO
0001724637-18-000002	1	BuffBrew Taproom, LLC	Rassul Zarinfar	President/CEO of sole member
0001719488-18-000002	1	619 North Park LLC	Nick Apostolopoulos	Sole owner of the sole member of the Issuer
0001694917-18-000001	1	Vive Restaurant Group Livermore, LLC	William Bonhorst	Member
0001720051-18-000002	1	Semper Fi Restaurants LLC	Seungwhan Chang	Sole Member
0001724091-18-000002	1	Reimagining The Thing Formerly Known as The Box LLC	David Huth	Partner
0001704250-18-000001	1	Dumpling Bros, LLC	John Kang	Managing Member
0001670254-18-000170	1	Kibin, Inc.	Travis Biziorek	CEO
0001695370-18-000001	1	Intero Restaurant LLC	Ian Thurwachter	Manager
0001706031-18-000001	1	Suite 100 Edwards LLC	Ian Tucker	President & Chief Executive Officer
0001665160-18-000353	1	Abstract Tube Inc.	Sarbojeet Jana	CEO, Principal Executive Officer and Director, Principal Financial Officer and Principal Accounting Officer
0001719522-18-000002	1	FC Sugar, LLC	Sameer Patel	Manager of WPCK, LLC, the manager of the Issuer
0001696861-18-000001	1	CS Porters Partners, LP	Pamela L. Jesse	Director, Vice President and Secretary of the general partner
0001670254-18-000169	1	EPIC Global Franchising LLC	Alexander Nicholas	Founder and CEO
0001665160-18-000352	1	Cryptid LLC	Brad Rego	CEO, Principal Executive Officer and Manager, Principal Financial Officer and Principal Accounting Officer
0001670254-18-000167	1	Hopster's LLC	Lee Cooper	Founder
0001445866-18-000486	1	One Technologies, Inc	/s/ William Bonhorst	CEO
0001706939-18-000002	1	kulaBrands, Inc.	Peter Gantner	President
0001651835-18-000002	1	Cleveland Whiskey LLC	Tom Lix	Founder / CEO
0001670254-18-000156	1	VooDoo Spirits, Inc.	Jacob Muhleman	President and Co-Founder
0001670254-18-000163	1	FUN-GI GAMES LLC	Alfred Fung	CEO
0001670254-18-000150	1	Do., LLC	Heather McDougall	CEO
0001670254-18-000152	1	Haint Blue Brewing Company LLC	Keith Sherrill	President
0001670254-18-000160	1	EVELO, Inc.	Boris Mordkovich	CEO
0001670254-18-000162	1	Comic Blitz LLC	Jordan Plosky	CEO
0001670254-18-000157	1	BLAZnTECH, Inc.	Benjamin Bondar	CEO & Founder
0001670254-18-000155	1	Minds, Inc.	Bill Ottman	CEO
0001670254-18-000153	1	Rental Marketplace, LLC	Elias Chavando	President & CEO
0001665160-18-000351	1	Real Bloody Mary Co., LLC	Michael Machat	CEO, Principal Executive Officer and Director, Principal Financial Officer and Principal Accounting Officer
0001665160-18-000350	1	Bioclonetics Immunotherapeutics, Inc.	Charles S. Cotropia	CEO, Principal Executive Officer and Director, Principal Financial Officer and Principal Accounting Officer
0001670254-18-000165	1	CrowdMed, Inc.	Jared Heyman	CEO
0001670254-18-000158	1	Tampon Tribe	Jennifer Eden	CEO
0001670254-18-000149	1	EveryFit, Inc.	Sombit Mishra	CEO
0001719701-18-000003	1	Tropical Sunshine Products, LLC	Martin Molina	CEO
0001725941-18-000001	1	Mugatunes Inc.	Andrew Meagher	CEO
0001719701-18-000002	1	Tropical Sunshine Products, LLC	Martin Molina	CEO
0001665160-18-000349	1	Erndo Inc.	Peter Jenson	CEO, Principal Executive Officer, and Principal Executive Director
0001709539-18-000003	1	Shark Wheel LLC	Zack Fleishman	Chief Operating Officer
0001669191-18-000224	1	Involved, Inc.	Jacob Dansey	President/Chief Executive Officer
0001665160-18-000348	1	N-Gen Technologies, Inc.	Alan Holsapple	Principal Financial Officer and Principal Accounting Officer
0001665160-18-000347	1	Dlyte, LLC	Barry Shore	Founder, CEO, Managing Member, Director, Principal Financial Officer and Principal Accounting Officer
0001735880-18-000003	1	iMagic Games Inc.	John Stealey	CEO, Principal Executive Officer, Principal Accounting Officer, Principal Financial Officer
0001665160-18-000346	1	StorEn Technologies Inc.	Carlo Brovero	CEO, Principal Executive Officer and Director, Principal Financial Officer and Principal Accounting Officer
0001668287-18-000027	1	earthdog, GP	David Colella	Partner
0001680041-18-000001	1	Maternova, Inc.	Margaret E Wirth	CEO
0001718354-18-000003	1	Green Pinata LLC	Shiva Kashalkar	CEO
0001726531-18-000006	1	Unlimited Tomorrow, Inc.	Easton LaChappelle	CEO
0001691252-18-000002	1	I-PASS Patient Safety Institute, Inc.	William Floyd	Chief Executive Officer
0001736448-18-000003	1	EatCrateful Inc.	Andrea Marotti	Co-CEO
0001670254-18-000147	1	EPIC Global Franchising LLC	Alexander Nicholas	Founder and CEO
0001715704-18-000001	1	CrediBLL, Inc.	Neeraj Sharma	CEO and Director
0001670254-18-000144	1	Avua Corporation	Nathan Whitehouse	Co-CEO, President
0001670254-18-000148	1	Neurohacker Collective, LLC	Jordan Greenhall	CEO
0001670254-18-000146	1	Ganaz Inc.	Srinivas Artham	Co-founder
0001670254-18-000145	1	SlingFin, Inc.	Martin Zemitis	Co-Founder
0001733819-18-000001	1	City Griddle, LLC	Sameer Patel	Manager of APRB, LLC, the manager
0001723850-18-000003	1	609 Fairfield LLC	Kent Hardman	CEO
0001723850-18-000002	1	609 Fairfield LLC	Kent Hardman	CEO
0001665160-18-000344	1	Jewelry Warehouse Inc	Scott Satterfield	CEO, Principal Executive Officer and Director, Principal Financial Officer and Principal Accounting Officer
0001670254-18-000141	1	Space Goat Productions, LLC	Shon Bury	Founder/CEO
0001670254-18-000140	1	Eliot's Adult Nut Butters LLC	Michael Kanter	CEO
0001574738-18-000003	1	FileThis, Inc.	Brian Berson	CEO and Director
0001729314-18-000004	1	Dante Labs International LLC	Andrea Riposati	CEO and Managing Member
0001718354-18-000002	1	SilkRoll Inc.	Janet Wu	CEO
0001721303-18-000001	1	Ceres Greens LLC	Jacob Isham	CEO
0001665160-18-000342	1	Litescape Technologies Inc	Aleksey Feldman	CEO, Principal Executive Officer and Director, Principal Financial Officer and Principal Accounting Officer
0001713167-18-000001	1	French Morning Media Group Inc	Emmanuel Saint-Martin	CEO
0001670254-18-000137	1	70Million Resources, Inc.	Richard Bronson	CEO
0001665160-18-000341	1	Revohloo, Inc	Glen DeBarros	CEO, Principal Executive Officer and Director, Principal Financial Officer and Principal Accounting Officer
0001665160-18-000340	1	Ossic Corp	Jason Riggs	CEO, Principal Executive Officer and Director, Principal Financial Officer and Principal Accounting Officer
0001665160-18-000339	1	Keezel, Inc.	Aike Muller	Principal Executive Officer and President
0001665160-18-000338	1	Gyomo, Inc.	Quincy Acklen	CEO, Principal Executive Officer and Director, Principal Financial Officer and Principal Accounting Officer
0001669191-18-000223	1	City Windmills Inc.	David Mapley	Principal Executive Officer
0001669191-18-000221	1	Leo Aerospace LLC	Dane Rudy	Principal Executive Officer
0001734991-18-000004	1	Local X Change, LLC	Zebulon Bartels	Owner
0001665160-18-000323	1	Citizen Health Project, Inc.	Brennen Hodge	CEO, Principal Executive Officer and Director, Principal Financial Officer and Principal Accounting Officer
0001665160-18-000337	1	Biotech Restorations Holdings, LLC	David Fennema	CEO, Principal Executive Officer, Principal Financial Officer, Principal Accounting Officer, Manager
0001683168-18-001063	1	Hylete, Inc.	/s/ Ronald Wilson	Chief Executive Officer
0001728670-18-000009	1	CrownMob Inc.	Ricardo Grant	CEO
0001665160-18-000336	1	Powell Development Group Inc.	Charles Powell	CEO, Principal Executive Officer and Director, Principal Financial Officer and Principal Accounting Officer
0001665160-18-000334	1	AR2Find, Corporation	Gershon Wajntraub	CEO, Principal Executive Officer and Director, Principal Financial Officer and Principal Accounting Officer
0001728855-18-000004	1	Boon VR LLC	/s/ Satya Ridhima Parvathaneni	Chief Executive Officer
0001737017-18-000001	1	Uncle Billy's Taproom, LLC	Robert A. Leggett	Managing Partner of UBGP, LLC, sole manager of Uncle Billy's Taproom, LLC
0001677504-18-000001	1	Fama, Inc.	Saiful Khandaker	CEO
0001144204-18-021806	1	ITFT, INC.	/s/ Matthew Godley	Founder & CEO
0001665160-18-000321	1	Abstract Tube Inc.	Sarbojeet Jana	CEO, Principal Executive Officer and Director, Principal Financial Officer and Principal Accounting Officer
0001715013-18-000001	1	Edge Tech Labs, LLC	Shaun Masavage	CEO
0001726073-18-000005	1	Woodland Rockwell No. 1 GP	Manfred Sternberg	President of ACSI, General Partner
0001665160-18-000319	1	Senclo LLC	Brian Hoang	CEO, Principal Executive Officer and Director, Principal Financial Officer and Principal Accounting Officer
0001670254-18-000133	1	Bali Beverage Company LLC	Ken Ramirez	Chief Executive Officer
0001737125-18-000001	1	SmartGurlz Us Inc	Sharmi Albrechtsen	CEO and Director
0001704837-18-000002	1	500 N3rd St., LLC	Peter B Gustis	CEO
0001665160-18-000316	1	Erndo Inc.	Peter Jenson	CEO, Principal Executive Officer, and Principal Executive Director
0001665160-18-000313	1	FRtoken Inc.	Joseph Pitluck	CEO, Principal Executive Officer and Director, Principal Financial Officer and Principal Accounting Officer
0001720822-18-000002	1	SilkRoll Inc.	Janet WU	CEO
0001669191-18-000218	1	Movatic, Inc.	Ansgar Strother	Principal Executive Officer
0001665160-18-000303	1	ZipZap, Inc.	Alan Safahi	CEO, Principal Executive Officer and Director, Principal Financial Officer and Principal Accounting Officer
0001665160-18-000299	1	GeoOrbital Inc.	Michael Burtov	Chief Executive Officer
0001665160-18-000307	1	Geopulse Explorations, Inc.	Marcus Laun	CEO, Principal Executive Officer and Director, Principal Financial Officer and Principal Accounting Officer
0001665160-18-000301	1	One Sphera, Inc.	Richard Flyer	CEO, Principal Executive Officer and Director
0001665160-18-000310	1	FullMeta Corporation	Aaron Estrada	CEO, Principal Executive Officer and Director, Principal Financial Officer and Principal Accounting Officer
0001737259-18-000001	1	Kansas City Breweries Co LLC	/s/ Terri Bricker	CEO
0001734217-18-000003	1	1476 Magazine LLC	Charles Rutledge	Manager of Manager, Magazine Race LLC
0001708142-18-000001	1	Ironclad Distillery, Inc.	Stephen King	President
0001669191-18-000216	1	Home61, Inc.	Olivier Grinda	Principal Executive Officer
0001669191-18-000213	1	Gamify, Inc.	Erik Boyer	Principal Executive Officer
0001669191-18-000211	1	Undercurrent VR INC	Andrew  Moore	Principal Executive Officer
0001665160-18-000292	1	SupPorter, Inc.	Inman Porter	CEO, Principal Executive Officer and Director, Principal Financial Officer and Principal Accounting Officer
0001665160-18-000295	1	Minthealth, Inc.	Dr. Samir Damani	CEO, Principal Executive Officer and Director
0001730727-18-000005	1	320 Kingsland, LLC	/s/ Brian Strumke	CEO
0001665160-18-000297	1	CrowdCoverage Inc.	John Pearson	Co-CEO, Principal Executive Officer and Director, Principal Financial Officer and Principal Accounting Officer
0001715599-18-000002	1	Full Circle Brewing, Co. Ltd. LLC	Arthur Moye	CEO
0001665160-18-000290	1	BOROUGH FIVE SLATE ONE LLC	Julio Vincent Gambuto	CEO, Principal Executive Officer, Director, Principal Accounting Officer, Principal Financial Officer
0001684321-18-000003	1	Italian Cafe, LLC	Christy Jepson	Manager
0001730741-18-000003	1	When it Changed Inc.	Charles Broskoski	Chief Executive Officer
0001719921-18-000003	1	Wichita Falls Brewing Company, LLC	Matt Bitsche	President
0001665160-18-000288	1	CannaKorp, Inc.	James Winokur	CEO, Principal Executive Officer and Director, Principal Financial Officer and Principal Accounting Officer
0001665160-18-000289	1	Zoi, Inc.	Bryan Lorden	CEO, Principal Executive Officer and Director
0001665160-18-000287	1	Sun Fund Renewables Inc.	Michael Licamele	CEO, Principal Executive Officer and Sole Director, Principal Financial Officer and Principal Accounting Officer
0001665160-18-000286	1	Nexus eWater Holdings, Inc.	Thomas Wood	CEO, Principal Executive Officer, Principal Financial Officer and Principal Accounting Officer
0001669191-18-000207	1	Berylline Corporation	Xugang Li	Principal Executive Officer
0001670254-18-000131	1	Weeshing Inc	Javier Hasbun	Chief Financial Officer
0001728670-18-000008	1	CrownMob Inc.	Ricardo Grant	CEO
0001719220-18-000002	1	Freerolls Entertainment, Inc.	/s/ Corinda Melton	CEO
0001719220-18-000001	1	BeachSheetz, LLC	/s/ Austin Wright	CEO
0001701417-18-000001	1	Red Diamond Yoga 3500 LLC	Arlene Utal	President of Utal Yoga Corporation, the manager
0001735846-18-000001	1	Thermogenesis Group, Inc.	Ron Wiener	April 13, 2018
0001668287-18-000006	1	English for a Song, Inc.	Joshua Harrison	President
0001685453-18-000001	1	Lawrence Hunt Fashion, Inc.	Jeff Schattner	CEO
0001665160-18-000284	1	Lisaiceland Inc.	Lisa Kristinardottir	CEO, Principal Executive Officer and Director, Principal Financial Officer and Principal Accounting Officer
0001735289-18-000001	1	Fundraise Up Inc	Peter Byrnes	CEO
0001731813-18-000001	1	SWEAT COSMETICS INC	Emily Hines	CFO, Founder
0001722850-18-000002	1	Krav Maga NYC, LLC	Matan Gavish	Managing Member
0001669191-18-000198	1	ZENII, LLC	Michael Nelson	Principal Executive Officer
0001669191-18-000195	1	Sterilogy LLC	Bradley Ahlgren	Principal Executive Officer
0001723949-18-000013	1	Fatwood LLC	Robert Dames	President
0001736448-18-000001	1	Fundraise Up Inc	Peter Byrnes	CEO
0001670254-18-000126	1	70Million Resources, Inc.	Richard Bronson	CEO
0001670254-18-000129	1	HigherMe Inc.	Rob Hunter	Founder / CEO
0001736388-18-000001	1	R3 Printing, Inc.	Daniel Downs	President
0001665160-18-000282	1	MedChain Inc	Joachim Sandgaard	CEO, Director, Principal Executive Officer, Principal Financial Officer, and Principal Accounting Officer
0001670254-18-000125	1	San Francisco East Bay Brewing Inc.	Ian Schuster	Founder/CEO
0001665160-18-000281	1	VolAero UAV & Drones Holdings Corp.	Charles Zwebner	CEO, Principal Executive Officer, Principal Financial Officer and Principal Accounting Officer
0001699129-18-000001	1	Chores R Us LLC	Adam Cisek	Director Finance
0001670254-18-000121	1	Meow Wolf, Inc.	Vince Kadlubek	CEO
0001670254-18-000123	1	Meow Wolf, Inc.	Vince Kadlubek	CEO
0001665160-18-000280	1	Unicoin Blockchain, Inc.	Chris Anthony	Principal Executive Officer and Director, Principal Financial Officer
0001731872-18-000004	1	Wellbeing Brewing Company LLC	Jeff Stevens	Founder
0001674199-18-000002	1	Palmia Corp	Robert Nathanson	CEO
0001730905-18-000002	1	Williamsburg Distillery	William S. Dodson, Jr.	Director, President, Secretary, and Treasurer
0001679372-18-000002	1	Youngry, LLC	Ash Kumar	President
0001734217-18-000001	1	1476 Magazine LLC	Charles Rutledge	Manager of Manager, Magazine Race, LLC
0001669191-18-000193	1	Subba Media Inc	Mark Jennings	Principal Executive Officer
0001665160-18-000279	1	TotalSource Solutions, Inc	George B. Brown	CEO, Principal Executive Officer and Director, Principal Financial Officer and Principal Accounting Officer
0001671999-18-000002	1	EvoShare, Inc.	Yevgen Prudchyenko	CEO
0001726190-18-000001	1	Compassion Massage Therapeutic Clinic LLC	/s/ Cathrine Thibault	CEO
0001734318-18-000001	1	Heleum LLC	Pace Ellsworth	CEO and Manager
0001665160-18-000278	1	Samsara Luggage Inc.	Atara Dzikowski	CEO and Director
0001726073-18-000004	1	Woodland Rockwell No. 1 GP	Manfred Sternberg	President of ACSI, General Partner
0001670254-18-000119	1	Full Circle Brewing Co. Ltd. LLC	Arthur Moye	CEO
0001670254-18-000117	1	Compost Man, LLC	Jim McNelly	Managing Partner
0001665160-18-000277	1	GarageSkins, Inc.	Richard L Medlen	CEO, Principal Executive Officer and Director, Principal Financial Officer and Principal Accounting Officer
0001731872-18-000002	1	Wellbeing Brewing Company LLC	Jeff Stevens	Founder
0001660945-18-000005	1	Everytable, PBC	Sam Polk	CEO
0001670254-18-000114	1	M and M MEDIA, INC.	Gary Mekikian	Co-founder and CEO
0001735880-18-000001	1	iMagic Games Inc.	John Stealey	CEO, Principal Executive Officer, Principal Accounting Officer, Principal Financial Officer
0001727471-18-000004	1	Emerald Metrics LLC	Mark Garrison	CEO
0001735494-18-000002	1	Nicci Willis & Co	Jameen Willis	Managing Director
0001670254-18-000110	1	Tesseract Space, Inc.	Erik Franks	CEO
0001670254-18-000112	1	Martingale LLC	Chris Taylor	Producer / Writer
0001732797-18-000003	1	QUINN INC	John Orekunrin	Founder & CEO
0001726635-18-000003	1	theCut LLC	Obi Omile Jr	Chief Executive Officer
0001679373-18-000001	1	Farm From a Box, Inc.	Scott Stewart Thompson	President
0001705954-18-000001	1	madeBOS, Inc	Martha Hernandez	Chief Executive Officer
0001733803-18-000001	1	Mob Cycle, LLC	Megan Tyrrell	Member
0001669191-18-000190	1	Fathom Drones Inc.	Matthew Gira	Principal Executive Officer
0001669191-18-000188	1	CARROT pass, LLC	Michael Antaran	Principal Executive Officer
0001670254-18-000108	1	BOXX, CORP.	Eric Vaughn	Founder CEO/CTO
0001665160-18-000276	1	NetObjex, Inc	Raghuram Balasubramanian	CEO, Principal Executive Officer, Director, Principal Accounting Officer, Principal Financial Officer
0001665160-18-000271	1	Farm One, Inc.	Robert Laing	CEO, Principal Executive Officer and Director, Principal Financial Officer and Principal Accounting Officer
0001665160-18-000266	1	ZipZap, Inc.	Alan Safahi	CEO, Principal Executive Officer and Director, Principal Financial Officer and Principal Accounting Officer
0001665160-18-000270	1	Bioclonetics Immunotherapeutics, Inc.	Charles S. Cotropia	CEO, Principal Executive Officer and Director, Principal Financial Officer and Principal Accounting Officer
0001665160-18-000267	1	General Presence Inc.	Frank Erik Banks	CEO, Principal Executive Officer and Director, Principal Financial Officer and Principal Accounting Officer
0001665160-18-000265	1	Abstract Tube Inc.	Sarbojeet Jana	CEO, Principal Executive Officer and Director, Principal Financial Officer and Principal Accounting Officer
0001665160-18-000274	1	FidoTV Channel, Inc	Tad Walden	CEO and Principal Executive Officer
0001665160-18-000268	1	Gyomo, Inc.	Quincy Acklen	CEO, Principal Executive Officer and Director, Principal Financial Officer and Principal Accounting Officer
0001665160-18-000272	1	General Presence Inc.	Frank Erik Banks	CEO, Principal Executive Officer and Director, Principal Financial Officer and Principal Accounting Officer
0001665160-18-000269	1	EPEC Holdings, Inc	Steve Vanechanos	Principal Executive Officer and Director
0001665160-18-000264	1	Eclipse Diagnostics Inc	Luka Fajs	CEO, Principal Executive Officer and Director, Principal Financial Officer and Principal Accounting Officer
0001719379-18-000003	1	BLOCKSTACK TOKEN LLC	/s/ Muneeb Ali	Managing Director
0001665160-18-000263	1	Ube, Inc	Utz Baldwin	CEO, Principal Executive Officer and Director, Principal Financial Officer and Principal Accounting Officer
0001669191-18-000183	1	Pet & Tie INC	Diego Mendes Alves	Principal Executive Officer
0001669191-18-000180	1	Stodo Technologies LLC	Adam  Lopez	Principal Executive Officer
0001665160-18-000262	1	Keezel, Inc.	Aike Muller	Principal Executive Officer and President
0001670254-18-000102	1	Border X Brewing LLC	Martin Favela	CFO / Operations Manager
0001670254-18-000104	1	KOTA Longboards, LLC	Mike Maloney	Founder/CEO
0001665160-18-000260	1	Market Analyst, LLC	Naqi Jaffrey	CEO, Principal Executive Officer and Director, Principal Financial Officer and Principal Accounting Officer
