ACCESSION_NUMBER	ID	ISSUER	ISSUERSIGNATURE	ISSUERTITLE
0001781049-19-000001	1	Iron Born Pizza, LLC	Peter Tolman	Owner
0001665160-19-000737	1	BluCollr, LLC	Christoper R. Lawrence	CEO, Manager, Head of Business Development and Marketing
0001669191-19-000208	1	FANview Sports Inc.	Bradley Heimowitz	Principal Executive Officer
0001665160-19-000736	1	Boku International Inc	Lynn Rolle	CEO, Principal Executive Officer and Director, Principal Financial Officer and Principal Accounting Officer
0001775186-19-000004	1	Sama Sama LLC	Stephen Stayer	Member
0001774156-19-000007	1	GiveXist, Inc.	Peter Ghiorse	Co-Founder & CEO
0001779032-19-000001	1	Salsa God LLC	Erik D. Mayans	CEO, Managing Member
0001770281-19-000004	1	CVBM Interests LLC	Christopher VanBerg	CEO
0001746059-19-000001	1	CONTRIBUTION CLOTHING LLC	Kelly Partridge	Founder
0001778755-19-000001	1	FoldiMate, Inc.	Gal Rozov	Principal executive officer, controller
0001779569-19-000002	1	Social Chains, Inc	SRINI KATTA	CEO
0001778006-19-000002	1	Weeds Never Sleep LLC	Michael Peterson	Managing Memeber
0001665160-19-000735	1	Monetran, LLC	Don Bielak	CEO, Principal Executive Officer and Manager,Principal Financial Officer and Principal Accounting Officer
0001771760-19-000004	1	Mompops, Inc.	Stephanie Cohen	Owner
0001771760-19-000003	1	Bakery on the Square	Viki Allin	Owner
0001665160-19-000734	1	Healthereum LLC	Steve Y. Chung	CEO, Manager, Principal Financial Officer, Principal Accounting Officer
0001765330-19-000003	1	Airspace Experience Technologies, Inc.	Jon Rimanelli	Principal executive officer, principal financial officer, principal accounting officer, and director
0001666102-19-000018	1	Armored Citizen, LLC.	Aaron K Gilbert	President & CEO
0001780597-19-000001	1	CHAI CURIOUS LLC	EMMETT SOLDATI	FOUNDER
0001665160-19-000733	1	Your Car, Our Driver, Inc.	Josef Wojtkow	CEO, Principal Executive Officer and Director, Principal Financial Officer and Principal Accounting Officer
0001779579-19-000001	1	Bestest, LLC	Kelly Helmuth	Chief Executive Officer
0001780452-19-000001	1	Globocoin 1, LLC	Tobias R Maldonado	Manager
0001778006-19-000001	1	Weeds Never Sleep LLC	Michael Peterson	Managing Member
0001665160-19-000732	1	Gab AI Inc	Andrew Torba	Principal Executive Officer, Principal Financial Officer and Principal Accounting Officer
0001665160-19-000731	1	SARITAS MACARONI & CHEESE INC	Sarita Ekya	CEO, Principal Executive Officer and Director, Principal Financial Officer and Principal Accounting Officer
0001665160-19-000730	1	Gyomo, Inc.	Quincy Acklen	CEO, Principal Executive Officer and Director, Principal Financial Officer and Principal Accounting Officer
0001665160-19-000729	1	Kalibrate Blockchain Corp	Calvin Wiese	CEO, Principal Executive Officer, Director, Principal Financial Officer, Principal Accounting Officer
0001778787-19-000002	1	Hidrent, Inc.	David Heimbuch	Founder / CEO
0001779469-19-000001	1	Shift, LLC	Brock Heasley	CEO
0001665160-19-000728	1	North Country Showcase Inc	Anthony Diagostino	Treasurer, Principal Financial Officer, Principal Accounting Officer and Director
0001665160-19-000726	1	Rhino Hide LLC	Jason Giddings	CEO, Principal Executive Officer and Manager, Principal Financial Officer and Principal Accounting Officer
0001780348-19-000001	1	Upcycle This!, LLC	Kathleen Peake	Owner
0001741274-19-000001	1	Hera Health Solutions, Inc.	Idicula Mathew	CEO
0001665160-19-000724	1	Dine Inc.	Duncan Parker	CEO, Principal Executive Officer and Director, Principal Financial Officer and Principal Accounting Officer
0001665160-19-000720	1	Goffee, Inc	Vincent Meyer	CEO, Principal Executive Officer and Director, Principal Financial Officer and Principal Accounting Officer
0001733443-19-000001	1	Chosen, LLC	Derral Eves	CEO
0001670254-19-000397	1	LIFOGRAPH, INC.	Dea Wilson	CEO and Founder
0001665160-19-000719	1	Karaganda, LLC	Max Weissberg	CEO, Principal Executive Officer and Manager, Principal Financial Officer and Principal Accounting Officer
0001778787-19-000001	1	Hidrent, Inc.	David Heimbuch	Founder / CEO
0001665160-19-000718	1	SanMelix Laboratories, Inc.	Diana Sabacinski	CEO, Principal Executive Officer and Director, Principal Financial Officer and Principal Accounting Officer
0001769210-19-000003	1	MEALTHY, INC.	Jose Bernardo De La Vega	President, Secretary, Treasurer, & Sole Director
0001769210-19-000002	1	MEALTHY, INC.	Jose Bernardo De La Vega	President, Secretary, Treasurer, & Sole Director
0001776715-19-000003	1	Flower Street Docs, LLC	Adam Carolla	Manager
0001765507-19-000006	1	POPOVER KING LLC	Maria Cabuquit	CEO
0001665160-19-000715	1	Flower Turbines LLC	Mark Daniel Farb	CEO, Principal Executive Officer and Director, Principal Financial Officer and Principal Accounting Officer
0001665160-19-000713	1	SanMelix Laboratories, Inc.	Diana Sabacinski	CEO, Principal Executive Officer and Director, Principal Financial Officer and Principal Accounting Officer
0001665160-19-000710	1	Alta Zero Emissions Solutions Inc.	Paul Hobbs	CEO, Principal Executive Officer and Director
0001665160-19-000709	1	microsurgeonbot,inc	Allan Grosvenor	CEO, Principal Executive Officer and Manager, Principal Financial Officer and Principal Accounting Officer
0001665160-19-000708	1	Locking Line Barriers Corp	Joseph Daniluk	CEO, Principal Executive Officer and Director, Principal Financial Officer, Secretary, and Principal Accounting Officer
0001731197-19-000004	1	Taste Labs, Inc	John Lin	CEO, principal executive officer, principal financial officer, principal accounting officer
0001669191-19-000204	1	Vantem Global, LLC	Chris Anderson	Principal Executive Officer
0001669191-19-000206	1	HUNNY, INC.	Jason Brown	Principal Executive Officer
0001665160-19-000707	1	Personal Airline Exchange, Inc.	Mike Azzarello	CEO, Principal Executive Officer and Director, Principal Financial Officer and Principal Accounting Officer
0001665160-19-000703	1	Personal Airline Exchange, Inc.	Mike Azzarello	CEO, Principal Executive Officer and Director, Principal Financial Officer and Principal Accounting Officer
0001665160-19-000701	1	Leagueswype LLC	Darius Grandberry	CEO, Principal Executive Officer and Manager, Principal Financial Officer and Principal Accounting Officer
0001719575-19-000005	1	Big Data Analytics, Inc	Henry Finkelstein	CEO
0001665160-19-000699	1	Trella Technologies LLC	Aja Atwood	CEO, Principal Executive Officer and Manager, Principal Financial Officer and Principal Accounting Officer
0001669191-19-000202	1	Braidy Industries, Inc.	Craig Bouchard	Principal Executive Officer
0001665160-19-000697	1	GroundSwell SPC	Daniel Rubano	CEO,  Principal Executive Officer and Director, Principal Financial Officer and Principal Accounting Officer
0001670254-19-000395	1	Caribu Inc.	Maxeme Tuchman	CEO + Co-Founder
0001670254-19-000390	1	Vegan Fine Foods LLC	Steven Smith	Founder and CEO
0001670254-19-000392	1	Convesio, Inc.	Thomas Fanelli	Founder/CEO
0001670254-19-000385	1	Vampr Inc.	Josh Simons	Co-founder and CEO
0001770563-19-000002	1	Batch LLC	Meghan Pohl	Owner
0001779281-19-000001	1	BREAK ROCK BREWING LLC	JAMES SOUTHWOOD	FOUNDER
0001767357-19-000003	1	H&G Science LLC	Edward Glicken	CEO
0001668287-19-000024	1	Blockinetics, Inc	John Crockett	Owner
0001773359-19-000002	1	PoliticalBank, LLC	Adam Berry	CEO
0001774041-19-000003	1	JUMPSTART INSURANCE SOLUTIONS, INC.	Katherine Stillwell	CEO and sole Director
0001665160-19-000695	1	Festive Beverages LLC	Andy Powell	CEO, Principal Executive Officer and Manager, Principal Financial Officer and Principal Accounting Officer
0001778262-19-000001	1	Cityzenith Holdings, Inc.	Michael Jansen	CEO, Chairman and Director
0001766810-19-000003	1	Ruf Technology Corp	Jeff Chen	CEO
0001778774-19-000003	1	Esgro Inc.	Caleb Gilbert	CEO
0001759355-19-000010	1	Pluton Biosciences, LLC	Charlie Walch	CEO
0001665160-19-000693	1	Intelligent Beverage Technology, Inc.	Anthony C. Materna	Principal Executive Officer, Principal Financial Officer and Principal Accounting Officer and Director
0001770281-19-000003	1	CVBM Interests LLC	Christopher VanBerg	CEO
0001665160-19-000690	1	Security Biometrics Corp	Joseph Gangi	CEO, Principal Executive Officer and Director, Principal Financial Officer and Principal Accounting Officer
0001772369-19-000003	1	P5 Systems, Inc.	Bradley McLaughlin	CEO & Chairman
0001665160-19-000689	1	Arygin Corp	Giovanni Austin	CEO, Principal Executive Officer, Director, Principal Financial Officer and Principal Accounting Officer
0001670254-19-000383	1	Bellwether Housing	Amy Besunder	Director of Fund Development and Communications
0001776774-19-000002	1	RUNBMP LLC	John-Roveen Abante	Manager
0001766521-19-000002	1	SleepChoices LLC	/s/Philip Shen	Chief Executive Officer
0001767606-19-000004	1	Varner Enterprises Inc	Michael Varner	CEO
0001669191-19-000193	1	Vantem Global, LLC	Chris Anderson	Principal Executive Officer
0001665160-19-000687	1	Spintura, Inc.	David Chasasen	CEO, Principal Executive Officer and Director, Principal Financial Officer and Principal Accounting Officer
0001669191-19-000191	1	Asprodental Inc.	Tiffany Nguyen	Principal Executive Officer
0001769284-19-000003	1	Osiris Media Corp	Randall James Bee II	Founder, CEO
0001666102-19-000017	1	Social5, LLC	Judson Smedley	Chief Financial Officer
0001668287-19-000021	1	THE GAME THAT CHANGED COLLEGE BASKETBALL, LLC	SHUAIB MITCHELL	Owner
0001670254-19-000374	1	PURPLE ENVELOPE LLC	Jim Cummings	Director
0001665160-19-000682	1	Bot Image, Inc.	Randall Jones	CEO, Principal Executive Officer and Director, Principal Financial Officer and Principal Accounting Officer
0001665160-19-000680	1	Phoenix Settlements LLC	Kanwar Singh	CEO, Principal Executive Officer
0001683168-19-001803	1	C. Meyers Feldman & Company	/s/ Charles Feltman	President
0001767242-19-000003	1	Mighty Health Co.	David Rothenberg	Chairman, COO
0001742010-19-000003	1	Absinthia's Bottled Spirits, LLC	Jennifer Absinthia Vermut	Manager and Sole Member
0001665160-19-000678	1	Franny's Distribution Inc	Jeff Tacy	CEO, Principal Executive Officer and Director, Principal Financial Officer and Principal Accounting Officer
0001761676-19-000001	1	DENTAL GENIE HOLDINGS, LLC	Chris Anderson	CEO
0001665160-19-000676	1	81-c, Inc.	Dan Abbate	CEO, Principal Executive Officer and Director, Principal Financial Officer and Principal Accounting Officer
0001772270-19-000002	1	THIRD CLIFF BAKERY LLC	MARGARET CROWLEY	OWNER
0001670254-19-000372	1	SFBC Pittsburgh, LLC	John Giannopoulos	Owner, Managing Director
0001670254-19-000368	1	boon, Inc.	Ryan Vet	founder, CEO
0001670254-19-000367	1	SFBC Pittsburgh, LLC	John Giannopoulos	Owner, Managing Director
0001670254-19-000370	1	SFBC Pittsburgh, LLC	John Giannopoulos	Owner, Managing Director
0001665160-19-000674	1	Smart Family Tech Inc.	Sheri Atwood	CEO, Principal Executive Officer and Director, Principal Financial Officer and Principal Accounting Officer
0001713366-19-000001	1	Spendwith, Corp.	Carl Jibril Sulaiman II	CEO
0001772494-19-000001	1	Hostry Inc	Andrew Kanakis	Founder, CEO
0001665160-19-000671	1	II Transatlantic, Inc.	Ralph Askar	CEO and President
0001774075-19-000006	1	SIMPLESHOWING HOLDINGS, INC.	Fred McGill	Chief Executive Officer
0001777350-19-000001	1	FOOD FOR THOUGHT LLC	David Spinney	Managing Director
0001771924-19-000002	1	Gali Health Inc.	Ilya Kupershmidt	Founder, CEO
0001666102-19-000016	1	Vibravision, LLC.	Nathan Zeleznick	Chairman/Chief Executive Officer
0001773972-19-000001	1	Creative Houston, a Public Benefit Corp	Theresa Quintanilla	CEO
0001765568-19-000003	1	WOW Studios, Inc.	Joey Rodolfo	Chief Executive Officer
0001776793-19-000003	1	MOBILE COOKS LLC	MATTHEW KAPLAN	FOUNDER & CEO
0001775091-19-000003	1	420 Real Estate, LLC	Willard L Jackson Jr	CEO
0001765252-19-000003	1	QWIKLEAF LLC	Neil Biafore	CEO
0001769270-19-000006	1	Supper LLC	Vincent Perri	Owner
0001776715-19-000002	1	Flower Street Docs, LLC	Adam Carolla	Manager
0001774075-19-000004	1	SIMPLESHOWING,INC.	Fred McGill	Chief Executive Officer
0001670254-19-000363	1	Stealth Machine Company	Gerrit Coetzee	Founder at Stealth Machine Company
0001669191-19-000188	1	Kings Crowd LLC	Christopher Lustrino	Principal Executive Officer
0001665160-19-000669	1	Rhino Hide LLC	Jason Giddings	CEO, Principal Executive Officer and Manager, Principal Financial Officer and Principal Accounting Officer
0001665160-19-000667	1	entreDonovan Wholesale, LLC	Linda Farquhar	CEO, Principal Executive Officer and Manager, Principal Financial Officer and Principal Accounting Officer
0001665160-19-000666	1	MyApps Corp, Inc.	Adnan Malik	CEO, Director, Principal Executive Officer, Principal Financial Officer and Principal Accounting Officer
0001771924-19-000001	1	Gali Health Inc.	Ilya Kupershmidt	Founder, CEO
0001665160-19-000665	1	Hudway, Inc.	Aleksei Ostanin	CEO, Director, Principal Executive Officer, Principal Financial Officer and Principal Accounting Officer
0001774075-19-000003	1	SIMPLESHOWING,INC.	Fred McGill	Chief Executive Officer
0001421744-19-000003	1	Cytonics Corp	Anjun K. Bose	President
0001665160-19-000664	1	WaterRR, Inc	Bruce Kania	Chief Executive Officer, Principal Executive Officer, Director
0001717800-19-000001	1	Charlotte's Closet, LLC	Jen Forman	Founder/CEO
0001774075-19-000001	1	SIMPLESHOWING,INC.	Fred McGill	Chief Executive Officer
0001665160-19-000663	1	Quigler, Inc	David M. Michonski	CEO, Principal Executive Officer, and Director
0001773435-19-000001	1	Boardwalk Ambriza L.P.	Julio Garcia	Managing Member of General Partner, ASMK Memorial LLC
0001665160-19-000662	1	Wand USA Inc.	Andrew Schlack	CEO, Principal Executive Officer and Director
0001735180-19-000001	1	Travis Midtown, LLC	Joseph Arbeely	Manager & Co-Founder
0001759348-19-000006	1	The MailTag Company, LLC	Alex Edson	Managing Member, Founder and CEO
0001665160-19-000659	1	WCB Productions, LLC	Cornell Christanson	CEO, Principal Executive Officer and Manager, Principal Financial Officer and Principal Accounting Officer
0001665160-19-000658	1	LIFE RECOVERY SYSTEMS HD LLC	Robert J Freedman	CEO, Principal Executive Officer and Manager
0001777400-19-000001	1	GREEN MAMA, LLC	JOSE BARRIGA	FOUNDER & CEO
0001670254-19-000361	1	Loveseat, Inc	Chris Stanchak	Cofounder & CEO
0001644600-19-000021	1	Denim LA, Inc.	John Davis	Chief executive Officer
0001758255-19-000006	1	Thumb Butte Distillery, Inc.	/s/ DANA MURDOCK	PRESIDENT & DIRECTOR
0001744032-19-000001	1	PhunCoin, Inc.	Alan Knitowski	CEO
0001776793-19-000001	1	MOBILE COOKS LLC	MATTHEW KAPLAN	FOUNDER & CEO
0001736388-19-000006	1	R3 Printing, Inc.	Daniel Downs	President
0001665160-19-000656	1	South Plains Petroleum Inc	Richard Quintal	CEO, Principal Executive Officer and Director, Principal Financial Officer and Principal Accounting Officer
0001736388-19-000005	1	R3 Printing, Inc.	Daniel Downs	President
0001668287-19-000018	1	CryptoLancers Inc.	Mark Kreitzman	Managing Director
0001668287-19-000015	1	EV Trail LLC	Curtis Claar	Managing Partner
0001670254-19-000360	1	SFBC Pittsburgh, LLC	John Giannopoulos	Owner, Managing Director
0001724740-19-000005	1	YouNow Services, LLC	Adi Sideman	Managing Member
0001766839-19-000001	1	Showopp Inc	Beatriz Ramos	Principal Executive Officer, Principal Financial Officer, Principal Accounting Officer, and Director
0001774172-19-000001	1	APEX PERFORMANCE & COMBATIVES, LLC	MY LAM	MANAGER
0001736388-19-000004	1	R3 Printing, Inc.	Daniel Downs	Co-Founder, President, Director
0001670254-19-000355	1	Travelmate Robotics Inc.	Maximillian Kovtun	President
0001670254-19-000352	1	vSpatial, Inc.	John Sallaway	CEO
0001773359-19-000001	1	PoliticalBank, LLC	Adam Berry	CEO
0001774156-19-000005	1	GiveXist, Inc.	Peter Ghiorse	Co-Founder & CEO
0001772369-19-000001	1	P5 Systems, Inc.	Bradley McLaughlin	CEO & Chairman
0001754591-19-000002	1	607 Western Restaurants LLC	Robert Ahn	Managing Member
0001719575-19-000004	1	Big Data Analytics, Inc	Henry Finkelstein	CEO
0001677504-19-000003	1	Fama Financial Holdings, Inc.	Saiful Khandaker	CEO
0001666102-19-000015	1	Connection Publishing, LLC	Melissa Spelts	Director and Owner
0001719575-19-000002	1	Big Data Analytics, Inc	Henry Finkelstein	CEO
0001776715-19-000001	1	Flower Street Docs, LLC	Adam Carolla	Manager
0001775338-19-000002	1	Betterway organic farms corp	allison macphee	president
0001702784-19-000003	1	CHRGR Inc.	John Mullin	CEO, President & Director
0001690888-19-000001	1	InGen Dynamics, Inc.	Arshad Hisham	CEO / Founder
0001773260-19-000006	1	Rockridge International Corp	David Roche	President
0001665160-19-000654	1	Eskapr, LLC	Robert Farmer	CEO, Principal Executive Officer and Manager, Principal Financial Officer and Principal Accounting Officer
0001719921-19-000001	1	Wichita Falls Brewing Company, LLC	Matt Bitsche	President
0001769210-19-000001	1	MEALTHY, INC.	Jose Bernardo De La Vega	President
0001772897-19-000002	1	Takes a Village 1 Corp	Lashondra Graves	Co-Founder
0001743181-19-000002	1	BANDWAGONFANCLUB INC.	Harold Hughes	CEO
0001690631-19-000003	1	Niveau Brands, Inc.	Elliott Johnson	CEO
0001772897-19-000001	1	Takes a Village 1 Corp	LaShondra Grave	Co-Founder
0001665160-19-000653	1	Eskapr L.L.C.	Robert Farmer	CEO, Principal Executive Officer and Manager, Principal Financial Officer and Principal Accounting Officer
0001665160-19-000651	1	Personal Airline Exchange, Inc.	Michael Azzarello	CEO, Principal Executive Officer and Director, Principal Financial Officer, Principal Accounting Officer
0001665160-19-000650	1	NOVO AERO TECHNOLOGY, INC	Essam Tawfik Marcus	CEO, Principal Executive Officer and Director, Principal Financial Officer and Principal Accounting Officer
0001670254-19-000339	1	Veriglif Inc.	James Wilson	CEO
0001670254-19-000344	1	App App, Inc.	Todd Folk	CEO/CoFounder
0001665160-19-000649	1	Jet Token Inc.	Michael Winston	CEO, Principal Executive Officer and Director, Principal Financial Officer and Principal Accounting Officer
0001775186-19-000002	1	Sama Sama LLC	Stephen Stayer	Member
0001665160-19-000644	1	Play Fantasy Sports Corp	Ian Olito	CEO, Principal Executive Officer, Director, Principal Financial Officer, Principal Accounting Officer
0001665160-19-000646	1	WitFoo, Inc.	Tim Bradford	CEO, Principal Executive Officer and Director, Principal Financial Officer and Principal Accounting Officer
0001665160-19-000636	1	360 ONLY Novelty Co.	Jon Verwiel	CEO, Principal Executive Officer and Director, Principal Financial Officer and Principal Accounting Officer
0001665160-19-000634	1	Water Markets LLC	Anastasia Valdes	CEO, Principal Executive Officer, Manager, Principal Financial Officer, Principal Accounting Officer
0001665160-19-000632	1	Texta, Inc.	Kirsten Nelson	CEO, Principal Executive Officer, and Director
0001694974-19-000001	1	Field Guide to Evil, LLC	Tim League	Managing Member
0001665160-19-000630	1	GRACEDBYGRIT	Kimberly Caccavo	Founder/CEO
0001665160-19-000631	1	Ella and Oak, LLC	Christine H. Callahan	CEO, Principal Executive Officer and Director, Principal Financial Officer and Principal Accounting Officer
0001744818-19-000001	1	Inside.com, Inc.	Austin Smith	President
0001773434-19-000001	1	Across Movie LLC	Christopher Foley	CEO
0001665160-19-000628	1	LIFE RECOVERY SYSTEMS HD LLC	Robert J Freedman	CEO, Principal Executive Officer and Manager
0001665160-19-000627	1	Bioclonetics Immunotherapeutics, Inc.	Charles S. Cotropia	CEO, Principal Executive Officer and Director, Principal Financial Officer and Principal Accounting Officer
0001665160-19-000626	1	KOTA Longboards, LLC	Michael P. Maloney	CEO, Principal Executive Officer and Director, Principal Financial Officer and Principal Accounting Officer
0001712508-19-000004	1	MedAnswers	ALICE CRISCI	CHIEF EXEUTIVE OFFICER
0001748490-19-000002	1	Cardboard Live, Inc.	Wilson Hunter	CEO & Director
0001773138-19-000001	1	EADO BC Bar LLC	Brian Ching	Manager
0001665160-19-000625	1	TotalSource Solutions, Inc	George B. Brown	CEO, Principal Executive Officer and Director, Principal Financial Officer and Principal Accounting Officer
0001665160-19-000623	1	PAYGEVITY, INC.	Neil H. Rothenberg	CEO, Principal Executive Officer and Director, Principal Financial Officer and Principal Accounting Officer
0001665160-19-000622	1	Hudway, Inc.	Aleksei Ostanin	CEO, Director, Principal Executive Officer, Principal Financial Officer and Principal Accounting Officer
0001665160-19-000621	1	Work Force Coin	Mark B. Hayes	CEO, Principal Executive Officer and Director
0001746386-19-000001	1	Esembly Inc.	Elizabeth Turrigiano	President
0001675773-19-000003	1	RadioPublic PBC	Jake Shapiro	CEO
0001737485-19-000001	1	Urban Putt Denver LLC	Steve Fox	President
0001745004-19-000001	1	Cherish Productions	Bryan Melendez	CEO
0001775091-19-000002	1	420 Real Estate, LLC	Willard L Jackson	CEO
0001669191-19-000184	1	Flagship Fitness, Inc.	Adrian Haid	Principal Executive Officer
0001669191-19-000182	1	PropertyClub, Inc.	Andrew  Weinberger	Principal Executive Officer
0001755490-19-000003	1	Benmelos, LLC	Benjamin Berg	President
0001665160-19-000620	1	EpigenCare Inc.	William Lee	CEO, Principal Executive Officer and Director
0001665160-19-000619	1	Eclipse Diagnostics Inc	Luka Fajs	CEO, Principal Executive Officer and Director, Principal Financial Officer and Principal Accounting Officer
0001665160-19-000618	1	Citizen Health Project, Inc.	Brennen Hodge	CEO, Principal Executive Officer and Director, Principal Financial Officer and Principal Accounting Officer
0001665160-19-000617	1	Eskapr L.L.C.	Robert Farmer	CEO, Principal Executive Officer and Manager, Principal Financial Officer and Principal Accounting Officer
0001665160-19-000615	1	Wise Power Inc	Kevin J. Williams	CEO, Principal Executive Officer and Director, Principal Financial Officer and Principal Accounting Officer
0001665160-19-000614	1	CEN INC	James Tagg	CEO, Principal Executive Officer and Director, Principal Financial Officer and Principal Accounting Officer
0001736388-19-000003	1	R3 Printing, Inc.	Daniel Downs	President
0001770023-19-000004	1	Hit Reset LLC	Siri Chakka	Manager
0001754594-19-000004	1	Waffle Bus Heights, LLC	Phi Nguyen	Manager
0001760170-19-000003	1	Commissary Hall LLC	Sebastian Madero	Treasurer
0001669191-19-000177	1	Subba Media Inc	Mark Jennings	Principal Executive Officer
0001669191-19-000175	1	Subba Media Inc	Mark Jennings	Principal Executive Officer
0001669191-19-000173	1	Swoon City Music LLC	Maureen Lloren	Principal Executive Officer
0001669191-19-000171	1	God's Garden Treasures LLC	Karin Crawford	Principal Executive Officer
0001669191-19-000169	1	GT Spirits Inc	Christopher Moran	Principal Executive Officer
0001669191-19-000167	1	Dig Dates, Inc.	Casey Isaacson	Principal Executive Officer
0001669191-19-000164	1	SRA Health, Inc.	Steven Coen	Principal Executive Officer
0001752130-19-000006	1	CoverUS, Inc	Andrew Hoppin	CEO & Director
0001754594-19-000003	1	City Griddle, LLC	Sameer Patel	Manager of APRB, LLC, the Manager
0001710909-19-000001	1	Home61 Inc.	Olivier Grinda	CEO
0001670254-19-000326	1	Smartgurlz US Inc	Sharmi Albrechtsen	CEO
0001670254-19-000329	1	CB Auto Group, Inc.	John A Perez	CEO & Chairman
0001756092-19-000004	1	Sunset Patio Lounge LLC	Dominic Moreau	Managing Member
0001739405-19-000002	1	Oxalis Food, LLC	Steve Wong	Managing Member of Redwood Hospitality LLC, the Managing Member
0001691608-19-000003	1	Fair Isle Brewing LLC	Geoffrey Barker	Manager
0001725458-19-000002	1	California 88, LLC	Eric Hsu	Managing Member
0001670254-19-000325	1	Snapwire Media, Inc.	Chad Newell	CEO
0001670254-19-000324	1	KetoNatural Pet Foods, Inc.	Daniel Schulof	Co-founder and CEO
0001665160-19-000613	1	The 360 ONLY Novelty Co.	Jon Verwiel	CEO, Principal Executive Officer and Director, Principal Financial Officer and Principal Accounting Officer
0001670254-19-000321	1	Attic Brewing Company LLC	Laura Lacy	Owner, Manager, and Operations
0001775315-19-000001	1	Counselor, LLC	Philip Pesses	Manager
0001774242-19-000002	1	Railway Heights LP	Lian Pham	Member
0001670254-19-000320	1	Loveseat, Inc	Chris Stanchak	Cofounder & CEO
0001766486-19-000001	1	StreetInfoTech, Inc.	Jonathan Schick	COO
0001737259-19-000001	1	Kansas City Breweries Co LLC	Terri Bricker	President
0001743563-19-000003	1	Huge Legal Technology Company, Inc.	Cody Barbo	CEO, Director, President, Chief Financial Officer and Treasurer
0001710904-19-000002	1	Rapunzl Investments LLC	Brian Curcio	CEO & Founder
0001477932-19-002295	1	WORLD TREE COP USA, LLC	/s/ Michelle Gordon	Chief Financial Officer
0001716298-19-000001	1	Mighty Well, Inc.	Yousef Al-Humaidhi	Director and Chief Financial Officer
0001670254-19-000319	1	World Tree COP USA, LLC	Wendy Burton	Founder & CEO
0001665160-19-000611	1	Power2Peer Inc.	Mamta Sonwalkar	CEO, Principal Executive Officer, Director, Principal Financial Officer and Principal Accounting Officer
0001756381-19-000002	1	Fretch LLC	Naresh Mulchandani	CEO
0001767606-19-000003	1	Varner Enterprises Inc	Michael Varner	CEO
0001640709-19-000002	1	Bellhop Technologies Inc.	Payam Safa	CEO
0001770281-19-000001	1	CVBM Interests LLC	Christopher VanBerg	CEO
0001670254-19-000317	1	Epec Holdings, Inc. (f/k/a Epec Biofuels Holdings, Inc.)	Steve Vanechanos	Executive Chairman of the Board
0001736283-19-000009	1	Ample Foods, Inc.	Connor Young	President and CEO
0001666102-19-000014	1	Uni-Boil MP Inc.	Alan Pun	COO
0001722969-19-000001	1	Atlis Motor Vehicles Inc	Mark Hanchett	Chief Executive Officer
0001665160-19-000598	1	Bioclonetics Immunotherapeutics, Inc.	Charles S. Cotropia	CEO, Principal Executive Officer and Director, Principal Financial Officer and Principal Accounting Officer
0001726537-19-000003	1	Pistil & Pollen, LLC	Amy Dannemiller	Chief Executive Officer
0001665160-19-000607	1	IJUZE Corp	Esmond Goei	CEO, Principal Executive Officer and Director
0001665160-19-000603	1	GeoOrbital Inc.	Michael Burtov	CEO, Principal Executive Officer and Director, Principal Financial Officer and Principal Accounting Officer
0001728855-19-000001	1	Boon VR LLC	Satya Ridhima Parvathaneni	Founder and Chief Executive Officer
0001665160-19-000606	1	Cen Inc.	James Tagg	CEO, Principal Executive Officer and Director, Principal Financial Officer and Principal Accounting Officer
0001665160-19-000608	1	IJUZE Corp	Esmond Goei	CEO, Principal Executive Officer and Director
0001665160-19-000609	1	MicroGen Vet LLC	Kurt Dombkowski	CEO, Principal Executive Officer, Manager
0001747795-19-000003	1	Lavabit, LLC	Ladar Levison	CEO
0001775483-19-000002	1	SureSave Insurance Corp	Steven Erich Hubbard	CEO
0001728559-19-000003	1	Totle Inc.	David Bleznak	Chief Executive Officer, Director
0001665160-19-000601	1	StorEn Technologies, Inc.	Carlo Brovero	CEO, Principal Executive Officer and Director, Principal Financial Officer and Principal Accounting Officer
0001665160-19-000602	1	Sarita's Macaroni and Cheese, Inc.	Sarita Ekya	CEO, Principal Executive Officer and Director, Principal Financial Officer and Principal Accounting Officer
0001665160-19-000597	1	Bioclonetics Immunotherapeutics, Inc.	Charles S. Cotropia	CEO, Principal Executive Officer and Director, Principal Financial Officer and Principal Accounting Officer
0001702939-19-000001	1	Ondello, Inc.	Mark Hadfield	CEO
0001750319-19-000004	1	Smilelove LLC	David Frazier	Manager
0001665160-19-000595	1	Shark Wheel, Inc.	Zack Fleishman	COO, Principal Executive Officer and Director, Principal Financial Officer and Principal Accounting Officer
0001665160-19-000594	1	Stella Carakasi DTC Inc.	Steven Boutrous	Chief Executive Officer, Chief Financial Officer, Chief Accounting Officer, and Director
0001755873-19-000002	1	Visuwall Technologies Inc.	/s/Kobi Wu	Director & Chief Executive Officer
0001665160-19-000593	1	GuruMD Virtual Med, Inc	Clinton Osborn	CEO, Principal Executive Officer and Manager, Principal Financial Officer and Principal Accounting Officer
0001759355-19-000009	1	Pluton Biosciences, LLC	Charlie Walch	CEO
0001665160-19-000592	1	HEAL Diabetes Clinics Inc	Richard Koffler	CEO, Principal Executive Officer and Director, Principal Financial Officer and Principal Accounting Officer
0001725458-19-000001	1	California 88, LLC	Eric Hsu	Managing Member
0001755891-19-000001	1	GuruMD Virtual Med, Inc	/Clinton Osborn/	Chief Executive Officer
0001753754-19-000001	1	Tendedbar LLC	/s/James Perkins	Manager & Chief Executive Officer
0001670254-19-000314	1	VoiceVoice, Inc. also dba MaestroConference	Brian Burt	Founder/CEO
0001665160-19-000591	1	GeoOrbital Inc.	Michael Burtov	CEO, Principal Executive Officer and Director, Principal Financial Officer and Principal Accounting Officer
0001670254-19-000312	1	Better Network, Inc.	Kunal Gupta	Co-Founder & Engineer
0001665160-19-000590	1	Persona Network, Inc.	Matthew Kerle	CEO, Principal Executive Officer and Director
0001670254-19-000311	1	Newchip Inc.	Ryan Rafols	Founder & CEO
0001665160-19-000589	1	Dashing Corp	Alaxander Villmann	CEO, Principal Executive Officer and Director
0001665160-19-000588	1	Cheaters III Ltd.	Bobby Goldsein	CEO, Principal Executive Officer and Director, Principal Financial Officer and Principal Accounting Officer
0001665160-19-000587	1	Sol Boards, Inc.	Don Wildman	Co-Founder
0001665160-19-000585	1	4Good Inc.	Stephanus Vermeulen	CEO, Principal Executive Officer and Director, Principal Financial Officer and Principal Accounting Officer
0001721303-19-000003	1	Ceres Greens LLC	Jacob Isham	CEO
0001705954-19-000002	1	When it Changed Inc.	Charles Broskoski	CEO
0001705954-19-000001	1	madeBOS, Inc	Martha Hernandez	CEO
0001674379-19-000005	1	Do., LLC	Heather McDougall	co-founder and CEO
0001669191-19-000161	1	Vantem Global, LLC	Chris Anderson	Principal Executive Officer
0001736388-19-000001	1	R3 Printing, Inc.	Daniel Downs	Co-Founder, President, Director
0001489004-19-000001	1	VERDANT POWER, INC.	Ronald Smith	President & COO
0001735090-19-000001	1	Crowdfind, Inc.	Jay Sebben	Chief Executive Officer
0000929638-19-000505	1	ICEBREAKER, INC.	Kevin Murray	Principal Executive Officer
0001765315-19-000004	1	SALEM SPICE, INC.	DAVID BOWIE	PRESIDENT
0001754776-19-000002	1	PenPal News, Inc.	Joseph Troyen-Schwartz	Director, Chief Executive Officer and Secretary
0001754776-19-000001	1	Two Spirit LLC	Robert Smith	CEO
0001763112-19-000002	1	Sapient Industries, Inc.	Martin Koch	Co-Chief Executive Officer
0001746271-19-000002	1	Stepstone Art Resources, LLC	Brendan Burns	Managing Partner
0001752130-19-000005	1	Bounty0x Inc.	Angelo Adam	CEO, Principal Financial/Accounting Officer
0001665160-19-000572	1	Xcraft Enterprises, LLC	JD Claridge	CEO, Principal Executive Officer and Director, Principal Financial Officer and Principal Accounting Officer
0001697047-19-000002	1	Tasty Minstrel Games, LLC	Michael Mindes	CEO, Co-Founder, Managing Member
0001602930-19-000001	1	WorldViz, Inc.	Andrew Beall	CEO and CTO
0001665160-19-000548	1	ArtMap Inc.	David Smooke	CEO, Principal Executive Officer and Director, Principal Financial Officer and Principal Accounting Officer
0001665160-19-000566	1	BluCollr, LLC	Christoper R. Lawrence	CEO, Principal Executive Officer and Manager
0001665160-19-000578	1	Wand USA Inc	Andrew Schlack	CEO, Principal Executive Officer and Director
0001665160-19-000549	1	II Transatlantic, Inc	Ralph Askar	CEO and President
0001754594-19-000002	1	Waffle Bus Heights, LLC	Phi Nguyen	Manager
0001665160-19-000562	1	Proctor360 Inc.	Ganga Bathula	CEO, Principal Executive Officer and Director, Principal Financial Officer and Principal Accounting Officer
0001746343-19-000002	1	Sing 1, LLC	Laura Lasco	Manager of NexGen Restaurants, LLC, the manager
0001665160-19-000545	1	xCraft Enterprises, Inc.	JD Claridge	CEO, Principal Executive Officer and Director, Principal Financial Officer and Principal Accounting Officer
0001745226-19-000003	1	Moonlighting LLC	Jeff Tennery	CEO
0001716813-19-000003	1	Care2	Marlin Miller	COO & CFO
0001665160-19-000576	1	Jet Token Inc.	Michael Winston	CEO, Principal Executive Officer and Director, Principal Financial Officer and Principal Accounting Officer
0001665160-19-000567	1	Bublish, Inc.	Kathy Meis	President and CEO, Principal Executive Officer and Director, Principal Financial Officer and Principal Accounting Officer
0001665160-19-000569	1	WebTez, Inc.	Peter J. Tezza II	CEO, Principal Executive Officer and Director
0001665160-19-000581	1	MyApps Corp.	Adnan Malik	CEO, Director, Principal Executive Officer, Principal Financial Officer and Principal Accounting Officer
0001739576-19-000001	1	Coinvest LLC	Dzuy (Damon) Nam Huynh	Chief Executive Officer
0001749046-19-000006	1	Nori, LLC	/s/ Paul Gambill	Chief Executive Officer
0001670254-19-000310	1	Border X Brewing LLC	Martin Favela	CFO / Operations Manager
0001644600-19-000018	1	Sagoon Inc.	Govinda Giri	CEO, Principal Executive Officer and Director
0001715704-19-000003	1	CrediBLL, Inc.	Neeraj Sharma	CEO, Comptroller, and Chief Financial Officer
0001742857-19-000004	1	Polymath Labs, Inc.	Matthew Wilkerson	Chief Executive Officer
0001730217-19-000001	1	Gamify, Inc.	EKB	CEO
0001710332-19-000002	1	Duralogic USA Inc	Bryce Fisher	CEO, Principal Executive Officer, Principal Accounting Officer, Principal Financial Officer
0001742065-19-000001	1	DHG Partners, LLC	Jeanne Herbert	Owner
0001705975-19-000001	1	Pitch 25, LLC	Brian Ching	Manager
0001660945-19-000001	1	Everytable, PBC	Sam Polk	CEO
0001665160-19-000558	1	G3C Technologies Corporation	Vitaly Khusidman	CEO, Principal Executive Officer and Director, Principal Financial Officer and Principal Accounting Officer
0001665160-19-000573	1	Open Box Buy Corporation	Richard Marino	CEO, Principal Executive Officer and Director, Principal Financial Officer and Principal Accounting Officer
0001773979-19-000003	1	WHEELHOUSE CAPITAL INVESTMENTS INC.	JOHN P. BAILES	CEO
0001752130-19-000003	1	CoverUS, Inc	Andrew Hoppin	CEO & Director
0001739119-19-000001	1	YourVirtualSIM Inc.	Alexandre Botteri	President
0001730905-19-000001	1	Williamsburg Distillery	William S. Dodson, Jr.	Director, President, Secretary, and Treasurer
0001752130-19-000004	1	Book & Main, Inc.	Tracey Suppo	CEO and President
0001665160-19-000584	1	Lettuce Networks, Inc	Yogesh Sharma	CEO, Principal Executive Officer, Director, Principal Financial Officer and Principal Accounting Officer
0001774046-19-000001	1	Farm From a Box, Inc.	Scott Stewart Thompson	President
0001665160-19-000582	1	WaterRR, Inc.	Bruce Kania	Chief Executive Officer, Principal Executive Officer, Director
0001665160-19-000560	1	Ginjan Bros, Inc.	Mohammed Diallo	CEO, Principal Executive Officer, and Director
0001742857-19-000002	1	POQ ISSUER, LLC	Michael Weiksner	Manager
0001665160-19-000554	1	Keezel, Inc	Friso Schmid	CFO, Principal Financial Officer and Principal Accounting Officer
0001727168-19-000001	1	Hackrod Inc.	Michael McCoy	Chief Executive Officer
0001669191-19-000155	1	Braidy Industries, Inc.	Craig Bouchard	Principal Executive Officer
0001665160-19-000571	1	microsurgeonbot Inc.	Allan Grosvenor	CEO, Principal Executive Officer, Director, Principal Financial Officer and Principal Accounting Officer
0001750319-19-000001	1	Airto, Inc	Shi Li	CEO, principal financial officer, and principal accounting officer
0001665160-19-000543	1	Life Recovery Systems HD, LLC	Robert J Freedman	CEO, Principal Executive Officer and Manager, Principal Financial Officer and Principal Accounting Officer
0001664957-19-000004	1	Pearachute Inc.	Desiree Vargas Wrigley	Chief Executive Officer and President
0001665160-19-000540	1	One Roq Spirits LLC	J. Garrett Green	CEO, Principal Executive Officer and Manager, Principal Financial Officer and Principal Accounting Officer
0001715007-19-000001	1	FreshMynd Inc.	Devesh Sharma	President and Chief Financial Officer
0001670254-19-000309	1	Arolucha, Inc.	Jason Brown	CEO
0001665160-19-000539	1	THAT'S EATERTAINMENT CORP.	Ronald L. Miller, Jr.	Vice President, CFO, Principal Executive Officer, Principal Financial Officer and Principal Accounting Officer
0001665160-19-000537	1	Next Future Transportation inc.	Emmanuele Spera	Principal Executive Officer and Director, Principal Financial Officer and Principal Accounting Officer
0001674632-19-000001	1	Beta Bionics, Inc	Serafina Raskin	VP, General Counsel and Corporate Secretary
0001667731-19-000139	1	Clean Bite, LLC	John H. Gallagher, Jr.	Managing Director
0001139685-19-000001	1	20/20 GeneSystems, Inc.	Jonathan Cohen	Chief Executive Officer
0001665160-19-000535	1	THAT'S EATERTAINMENT CORP.	Ronald L. Miller, Jr.	Vice President, CFO, Principal Executive Officer, Principal Financial Officer and Principal Accounting Officer
0001644600-19-000016	1	Legion M Entertainment, Inc.	Paul Scanlan	Co-Founder, Chief Executive Officer, Chief Financial Officer and Treasurer
0001674612-19-000001	1	ZELGOR INC.	John Fanning	CEO
0001669191-19-000150	1	Maingear, Inc.	Wallace Santos	Chief Executive Officer
0001706024-19-000001	1	GoSun Inc.	Patrick Sherwin	Chief Executive Officer
0001742118-19-000001	1	Abeille Beaute LLC	Alyssa Fine	Owner
0001757055-19-000002	1	Growgenics LLC	Richard A. Genga Jr.	CEO
0001665160-19-000532	1	Fusion Properties Management Group, Inc. d/b/a Fusion Farms	Kendell Lang	CEO, Principal Executive Officer, Director, Principal Financial Officer and Principal Accounting Officer
0001669191-19-000148	1	BumBee Designs Incorporated	James Canova	Principal Executive Officer
0001731813-19-000003	1	Sweat Cosmetics Inc	Emily Hines	CFO, Founder, Board Member
0001722850-19-000001	1	Krav Maga NYC, LLC	/s/Matan Gavish	Managing Member
0001736304-19-000002	1	Primo Wind, Inc.	Edward McMahon	Founder/CEO
0001700829-19-000005	1	SEC Upload	Orion W Parrott	CEO
0001665160-19-000527	1	Keezel, Inc.	Friso Schmid	CFO, Principal Financial Officer and Principal Accounting Officer
0001683168-19-001255	1	HYLETE, Inc.	/s/ Ronald Wilson	Chief Executive Officer
0001771760-19-000002	1	Bakery on the Square	Viki Allin	Owner
0001723348-19-000001	1	Millie's Ice Cream Truck, LLC	Lauren Townsend	Owner
0001713167-19-000002	1	French Morning Media Group Inc	Emmanuel Saint-Martin	CEO
0001598982-19-000002	1	True Gault, Inc. (f/k/a Shulogique, Inc.)	Sandra Gault	CEO and Co-Founder
0001739405-19-000001	1	Oxalis Food, LLC	Steve Wong	Managing Member of Redwood Hospitality LLC, the Managing Member
0001665160-19-000517	1	Keezel, Inc.	Friso Schmid	CFO, Principal Financial Officer and Principal Accounting Officer
0001669191-19-000146	1	Domestic Brands Inc	Lawrence Charles	Principal Executive Officer
0001726635-19-000002	1	theCut LLC	Obi Omile Jr	CEO
0001665160-19-000513	1	ElectroniXiQ, Inc.	Karlos Walkes	CEO, Principal Executive Officer and Director, Principal Financial Officer and Principal Accounting Officer
0001669191-19-000145	1	Domestic Brands Inc	Lawrence Charles	Principal Executive Officer
0001144204-19-022336	1	ZENII, LLC	Michael Nelson	Principal Executive Officer
0001738944-19-000002	1	PIXILATED LLC	/s/Nicolas China	Chief Executive Officer and Manager
0001754591-19-000001	1	607 Western Restaurants LLC	Robert Ahn	Managing Member
0001724091-19-000001	1	Bravery Chef Hall, LP	Lian Pham	Partner of the general partner
0001665160-19-000511	1	Jinglz, Inc.	Aaron Itzkowitz	CEO, President, Chairman, Director, Principal Executive Officer
0001716072-19-000001	1	Fathom Drones Inc	Matthew Gira	Principal Executive Officer
0001691608-19-000001	1	Fair Isle Brewing LLC	Geoffrey Barker	Manager
0001722197-19-000002	1	INDECO UNION	David Levine	CEO
0001580960-19-000002	1	Pigeonly, Inc.	Frederick Hutson	Chief Executive Officer
0001665160-19-000510	1	Waverly Labs Inc	Andrew Ochoa	CEO, Principal Executive Officer, Director, Principal Financial Officer, Principal Accounting Officer
0001702419-19-000002	1	Kylie.ai, Inc.	Jamasen Rodriguez	Chief Executive Officer
0001683168-19-001250	1	/s/ John Climaco	John Climaco	Chief Executive Officer
0001665160-19-000509	1	LRF Thoroughbred Fund II, LLC	Gary Fenton	Principal Executive Officer and Managing Partner, Principal Financial Officer and Principal Accounting Officer
0001665160-19-000508	1	Rhode Islands Dressings, LLC	Carder Starr	CEO, Principal Executive Officer and Manager, Principal Financial Officer and Principal Accounting Officer
0001665160-19-000506	1	Monetran, LLC	Don Bielak	CEO, Principal Executive Officer and Manager,Principal Financial Officer and Principal Accounting Officer
0001683168-19-001248	1	Crooru Corporation	/s/ Wilson Encarnacion	CEO, Principal Executive Officer and Director, Principal Financial Officer and Principal Accounting Officer
0001725941-19-000001	1	Mugatunes Inc.	Andrew Meagher	CEO
0001665160-19-000505	1	Erndo Inc.	Peter Jenson	CEO, Principal Executive Officer, and Principal Executive Director
0001665160-19-000503	1	Kind Katie Movie Partners, LLC	Jon Graham	CEO and Director, Principal Financial Officer and Principal Accounting Officer
0001669753-19-000001	1	Whoseyourlandlord, Inc.	Ofo Ezeugwu	CEO
0001725245-19-000002	1	Preemadonna Inc.	/s/Herpreet Walia	CEO, President, and Director
0001757098-19-000004	1	ZenSpace Inc	Mayank Agrawal	Chief Executive Officer
0001745321-19-000001	1	ECXTECH INC	Ryan Cullins	CEO
0001665160-19-000500	1	Mycroft AI Inc	Joshua Montgomery	Principal Executive Officer and Director, Principal Financial Officer and Principal Accounting Officer
0001737933-19-000002	1	Emmer & Co LLC	Jesse Solomon	CEO, Principal Executive Officer, Principal Accounting Officer, Principal Financial Officer
0001664526-19-000001	1	Play Impossible Corporation	Brian Monnin	CEO and Director
0001675773-19-000001	1	RadioPublic PBC	Jake Shapiro	CEO
0001751635-19-000003	1	Neopenda, PBC	Sona Shah	CEO
0001658754-19-000001	1	Pongalo Inc.	Richard Hull	Chief Executive Officer, Principal Financial Officer, Principal Accounting Officer
0001644600-19-000013	1	Legion M Entertainment, Inc.	Paul Scanlan	Co-Founder, Chief Executive Officer, Chief Financial Officer and Treasurer
0001665160-19-000498	1	Divinia Water, Inc.	Steven R Sedlmayr	CEO, Principal Executive Officer and Director and Principal Financial Officer
0001649856-19-000005	1	K POP Foods, Inc.	Theodore Lee	CEO and Director
0001730100-19-000002	1	Witnet Foundation	Daniele Levi	President
0001703835-19-000002	1	Sidekick Technologies, Inc.	J. Alexander Arata	CEO/Co-Founder
0001743467-19-000001	1	PropertyClub, Inc.	Andrew Weinberger	President and CEO
0001665160-19-000496	1	Boku International, Inc.	Lynn Rolle	CEO, Principal Executive Officer and Director, Principal Financial Officer and Principal Accounting Officer
0001665160-19-000495	1	Aurora Sky Events LLC	Nathanael Engen	Founder, CEO, Principal Executive Officer and Manager, Principal Financial Officer and Principal Accounting Officer
0001716791-19-000002	1	HireClub.com, Inc.	Ketan Anjaria	CEO
0001716174-19-000002	1	Tall Idea Labs, Inc.	Anand Pandharikar	CEO
0001193125-19-128119	1	ADVANCED AESTHETIC TECHNOLOGIES, INC.	/s/ Doug Abel	Chief Executive Officer
0001665160-19-000491	1	ARTICHOKE, LLC	Justin Shelby	CEO, Principal Executive Officer and Manager, Principal Financial Officer and Principal Accounting Officer
0001665160-19-000489	1	Jet Token Inc.	Michael Winston	CEO, Principal Executive Officer and Director, Principal Financial Officer and Principal Accounting Officer
0001680041-19-000002	1	Maternova Inc.	Praksh Veenom	CEO
0001718354-19-000001	1	Green Pinata LLC	Shiva Kashalkar	CEO
0001665160-19-000487	1	Monte Cristo Productions, LLC	Avi Bernard	CEO, Principal Executive Officer and Director, Principal Financial Officer and Principal Accounting Officer
0001665160-19-000485	1	Timeburst	Chris La Cross	CEO, Principal Executive Officer and Manager, Principal Financial Officer and Principal Accounting Officer
0001665160-19-000483	1	Paygevity Inc.	Neil H. Rothenberg	CEO, Principal Executive Officer and Director, Principal Financial Officer and Principal Accounting Officer
0001735360-19-000001	1	Parlay App, Inc.	Keith Frankel	President and Chief Executive Officer
0001665160-19-000481	1	MedChain Inc	Joachim Sandgaard	CEO, Director, Principal Executive Officer, Principal Financial Officer, and Principal Accounting Officer
0001665160-19-000479	1	Boku International, Inc.	Lynn Rolle	CEO, Principal Executive Officer and Director, Principal Financial Officer and Principal Accounting Officer
0001665160-19-000477	1	Eliport, Inc.	Dmitry Skorinko	CEO, Principal Executive Officer and Director, Principal Financial Officer and Principal Accounting Officer
0001665160-19-000474	1	Boku International, Inc.	Lynn Rolle	CEO, Principal Executive Officer and Director, Principal Financial Officer and Principal Accounting Officer
0001649856-19-000003	1	Gryphon Online Safety, Inc.	John Wu	CEO
0001745727-19-000002	1	FOCUSMATE INC	Taylor Jacobson	President and Chief Executive Officer
0001750337-19-000001	1	Remember When Ice Cream Inc	Debra Spotts	Owner
0001649856-19-000001	1	Greensbury Market, Corp.	Ted Hopper	CEO
0001478263-19-000002	1	PT Motion Works, Inc.	Bryan Pate	CEO
0001723082-19-000001	1	Farm.One, Inc.	Robert Laing	CEO
0001749046-19-000003	1	Nori, LLC	/s/ Paul Gambill	Chief Executive Officer
0001706939-19-000001	1	kulaBrands, Inc.	Peter Gantner	Chief Executive Officer
0001758696-19-000001	1	Smart Yields, Inc.	Vincent Kimura	Director & Chief Executive Officer
0001477932-19-002167	1	WOLFPRINT 3D INC	/s/ Timmu Toke	President/CEO
0001733803-19-000002	1	M Cycle LLC	Megan Tyrrell	Member
0001665160-19-000468	1	Your Car, Our Driver, Inc.	Josef Wojtkow	CEO, Principal Executive Officer and Director, Principal Financial Officer and Principal Accounting Officer
0001708907-19-000009	1	Modbook Inc	Andreas Haas	CEO, Director, Secretary, President, and CFO
0001733819-19-000001	1	City Griddle, LLC	Sameer Patel	Manager of APRB, LLC, the manager
0001665160-19-000470	1	Proctor360 Inc.	Ganga Bathula	CEO, Principal Executive Officer and Director, Principal Financial Officer and Principal Accounting Officer
0001755391-19-000001	1	Boku International, Inc.	Lynn Rolle	CEO
0001739109-19-000001	1	UBIF Tech Solutions Inc	MICHAEL W PIERCE	PRESIDENT
0001744839-19-000001	1	Woodpecker Technologies, LLC	Alex Melehy	Chief Executive Officer
0001773255-19-000001	1	InnaMed, Inc.	/s/Eshwar Inapuri	Director, President
0001193125-19-125891	1	Jeffrey Todd Coleman	J. Todd Coleman	Chief Executive Officer & Secretary
0001715599-19-000001	1	Full Circle Brewing, Co. Ltd. LLC	Arthur Moye	CEO
0001760170-19-000002	1	Commissary Hall LLC	Sebastian Madero	Treasurer
0001665160-19-000472	1	Divinia Water, Inc.	Steven R Sedlmayr	CEO, Principal Executive Officer and Director and Principal Financial Officer
0001770023-19-000003	1	Hit Reset LLC	Siri Chakka	Manager
0001665160-19-000466	1	ICARUS BLOCKCHAIN GROUP INC.	Maya Parbhoe	CEO, Principal Executive Officer and Director
0001745548-19-000001	1	K POP Foods, Inc.	Theodore Lee	CEO and Director
0001665160-19-000463	1	LGBT Media, Inc.	Jordan Weiss	Principal Executive Officer and Director, Principal Financial Officer and Principal Accounting Officer
0001756092-19-000003	1	Sunset Patio Lounge LLC	Dominic Moreau	Managing Member
0001724740-19-000003	1	YouNow Services, LLC	Adi Sideman	Managing Member
0001722182-19-000001	1	Pawprint, Inc.	Emily Dong	President
0001665160-19-000460	1	ZipZap, Inc.	Alan Safahi	CEO, Principal Executive Officer and Director, Principal Financial Officer and Principal Accounting Officer
0001742055-19-000001	1	SapientX Inc.	David Colleen	CEO
0001724637-19-000001	1	BuffBrew Taproom, LLC	Rassul Zarinfar	President/CEO of Sole Member
0001729314-19-000003	1	Dash Labs, Inc.	Jamyn Edis	Director
0001686552-19-000001	1	Better World Spirits Inc	Wade Keech	President
0001653582-19-000002	1	EF Resources, Inc.	Casey Minshew	Chief Executive Officer
0001758964-19-000003	1	Up Sonder, LLC	Derek Waleko	Chief Executive Officer
0001665160-19-000457	1	Fuller Real Estate Solutions LLC	Jonathan Fuller	CEO, Principal Executive Officer and Director, Principal Financial Officer and Principal Accounting Officer
0001665160-19-000455	1	LiteScape Technologies, Inc.	Aleksey Feldman	CEO, Principal Executive Officer and Director, Principal Financial Officer and Principal Accounting Officer
0001665160-19-000453	1	OPER, LLC	David Laiderman	Principal Executive Officer and Director, Principal Financial Officer, and Principal Accounting Officer
0001729314-19-000002	1	Dante Labs International LLC	Andrea Riposati	CEO and Managing Member
0001708142-19-000008	1	Ironclad Distillery, Inc.	/s/Stephen King	President
0001665160-19-000451	1	Flower Turbines LLC	Mark Daniel Farb	CEO, Principal Executive Officer and Director, Principal Financial Officer and Principal Accounting Officer
0001670254-19-000308	1	SpaceFab.US, Inc.	Randall Chung	CEO/Co-Founder
0001670254-19-000306	1	LiquidPiston, Inc.	Alexander Shkolnik	CEO
0001773714-19-000002	1	Core State Holdings Corp	Oleg Cheine	President
0001769004-19-000006	1	Sleepless Musical LLC	David Shor	Sole Member
0001669191-19-000143	1	Ocean Renewable Power Company, Inc.	Christopher Sauer	Principal Executive Officer
0001680729-19-000002	1	Arbit, Inc.	Alex Bullington	Co-Founder and Co-CEO
0001721124-19-000002	1	LoveBug Nutrition Inc.	Benjamin Harris	CFO & Treasurer
0001695244-19-000001	1	EverMem Inc	Thomas Reese	Chief Executive Officer; President
0001748372-19-000001	1	Feast & Fettle Inc.	Carlos Ventura	Chief Executive Officer
0001666102-19-000013	1	SUCCESS BY MEDIA HOLDINGS INC	Jay Noland	CEO
0001665160-19-000443	1	Vizrom Inc.	Emmanuel Umoh	CEO, Principal Executive Officer and Director,Principal Financial Officer and Principal Accounting Officer
0001665160-19-000448	1	Open Box Buy Corporation	Richard Marino	CEO, Principal Executive Officer and Director, Principal Financial Officer and Principal Accounting Officer
0001665160-19-000441	1	BluCollr, LLC.	Christoper R. Lawrence	CEO, Manager, Head of Business Development and Marketing
0001665160-19-000445	1	StartEngine Crowdfunding, Inc	Howard Marks	Chief Executive Officer, Chief Financial Officer, Chief Accounting Officer and Director
0001674421-19-000002	1	Bloomery Investment Holdings, LLC	Linda Losey	Member, LLC
0001669191-19-000140	1	GT Spirits Inc	Christopher Moran	Principal Executive Officer
0001665160-19-000438	1	One Roq Spirits LLC	J. Garrett Green	CEO, Principal Executive Officer and Manager, Principal Financial Officer and Principal Accounting Officer
0001701378-19-000001	1	Powell Development Group, Inc.	Charles Powell	Founder
0001726531-19-000002	1	Unlimited Tomorrow, Inc.	Easton LaChappelle	CEO
0001773714-19-000001	1	Core State Holdings Corp	Oleg Cheine	President
0001709539-19-000004	1	Shark Wheel Inc.	Zack Fleishman	Chief Operating Officer
0001665160-19-000435	1	Bublish, Inc.	Kathy Meis	President and CEO, Principal Executive Officer and Director, Principal Financial Officer and Principal Accounting Officer
0001665160-19-000433	1	Lettuce Networks, Inc.	Yogesh Sharma	CEO, Principal Executive Officer, Director, Principal Financial Officer and Principal Accounting Officer
0001732447-19-000002	1	Gather Voices, Inc.	Michael Hoffman	CEO
0001770585-19-000003	1	Alpha Vertex, Inc.	Mutisya Ndunda	principal executive officer, principal financial officer, principal accounting officer, and director
0001665160-19-000431	1	G3C Technologies Corporation	Vitaly Khusidman	CEO, Principal Executive Officer and Director, Principal Financial Officer and Principal Accounting Officer
0001670254-19-000301	1	PopSchools, Inc.	Nikema Prophet	Founder
0001670254-19-000299	1	HigherMe	Rob Hunter	Founder / CEO
0001670254-19-000298	1	WhiteClouds, Inc.	Jerry Ropelato	Chief Executive Officer
0001765330-19-000002	1	Airspace Experience Technologies, Inc.	Jon Rimanelli	Principal executive officer, principal financial officer, principal accounting officer and director
0001670254-19-000294	1	Eliot's Adult Nut Butters LLC	Michael Kanter	CEO
0001670254-19-000291	1	BLAZnTECH, Inc.	Benjamin Bondar	CEO & Founder
0001670254-19-000288	1	Extreme Sandbox, LLC	Randy Stenger	Founder/CEO
0001670254-19-000286	1	Tampon Tribe, Inc.	Jennifer Eden	CEO
0001774981-19-000001	1	Abjuration Brewing LLC	David Hallam	Owner
0001651835-19-000002	1	Cleveland Whiskey LLC	Tom Lix	CEO
0001644600-19-000009	1	NowRx, Inc.	Cary Breese	CEO
0001669191-19-000138	1	Berylline Corp	Dennis Dresser	President/Chief Executive Officer
0001144204-19-021378	1	Gab AI Inc	/s/ Andrew Torba	CEO
0001770587-19-000001	1	Coursalytics, Inc.	Ilya Breyman	Founder, CEO
0001665160-19-000429	1	WebTez, Inc.	Peter J. Tezza II	CEO, Principal Executive Officer and Director
0001720035-19-000002	1	ArtistWorks, LLC	Richard Lang	CONTROLLER
0001665160-19-000424	1	Eclipse Diagnostics Inc.	Luka Fajs	CEO, Principal Executive Officer and Director, Principal Financial Officer and Principal Accounting Officer
0001665160-19-000421	1	Monetran, LLC	Don Bielak	CEO, Principal Executive Officer and Manager,Principal Financial Officer and Principal Accounting Officer
0001765330-19-000001	1	Airspace Experience Technologies, Inc.	Jon Rimanelli	Principal executive officer, principal financial officer, principal accounting officer and director
0001666102-19-000012	1	Success By Media LLC	Jay Noland	CEO
0001665160-19-000419	1	Rayton Solar Inc.	Andrew Yakub	CEO, Principal Executive Officer and Director, Principal Financial Officer and Principal Accounting Officer
0001716906-19-000006	1	Martell Broadcasting Systems, Inc.	Carey Martell	President
0001728560-19-000002	1	SynTouch, Inc.	David Groves	CEO
0001768235-19-000003	1	Vinty Inc.	Pierre Lapointe	CEO, issuer, principal executive officer, and controller
0001665160-19-000418	1	Flower Turbines LLC	Mark Daniel Farb	CEO, Principal Executive Officer and Director, Principal Financial Officer and Principal Accounting Officer
0001665160-19-000415	1	The Spirit Apps, Inc. DBA Cheerlife	Alexander McCarthy	CEO, Principal Executive Officer, Director, Principal Financial Officer, Principal Accounting Officer
0001768235-19-000002	1	Vinty Inc.	Pierre Lapointe	CEO, issuer, principal executive officer, and controller
0001715013-19-000002	1	Edge Tech Labs, LLC	Shaun Masavage	CEO
0001665160-19-000413	1	Rhino Hide LLC	Jason Giddings	CEO, Principal Executive Officer and Manager, Principal Financial Officer and Principal Accounting Officer
0001665160-19-000411	1	Jasperate, Inc.	David Weksel	CEO, Principal Executive Officer and Director, Principal Financial Officer and Principal Accounting Officer
0001741753-19-000001	1	Local Choice Inc.	Paula Dezzutti Hewlette	Director, President, Chief Executive Officer
0001720880-19-000004	1	MJ Hybrid Solutions, INC	Melissa Stapley	CEO
0001665160-19-000409	1	FireBot, Inc.	Mark Baldino	CEO, Principal Executive Officer and Director, Principal Financial Officer and Principal Accounting Officer
0001718528-19-000002	1	World's Best Enterprises LLC	Kevin Chow	Managing Member
0001665160-19-000407	1	NetObjex, Inc.	Raghu Bala	CEO, Principal Executive Officer and Director, Principal Financial Officer and Principal Accounting Officer
0001669191-19-000137	1	Kingscrowd LLC	Chris Lustrino	Chief Executive Officer
0001739206-19-000002	1	Meg Media Inc.	/P. Davis Jones/	CEO
0001669191-19-000135	1	Involved, Inc.	Jacob Dansey	Chief Executive Officer
0001665160-19-000404	1	Rhino Hide LLC	Jason Giddings	CEO, Principal Executive Officer and Manager, Principal Financial Officer and Principal Accounting Officer
0001665160-19-000403	1	Locking Line Barriers Corporation dba WATERBLOCKS	Joseph Daniluk	CEO, Principal Executive Officer and Director, Principal Financial Officer, Secretary, and Principal Accounting Officer
0001709628-19-000003	1	CLOUDASTRUCTURE, INC.	S. Richard Bentley	CEO
0001665160-19-000401	1	Wow Sports Network Inc.	Jennifer Lapoint	CEO, Principal Executive Officer and Director, Principal Financial Officer and Principal Accounting Officer
0001768235-19-000001	1	Vinty Inc.	Pierre Lapointe	CEO, issuer, principal executive officer, and controller
0001665160-19-000399	1	BioHealthonomics Inc.	Cristian Arnou	CEO, Principal Executive Officer and Director, Principal Financial Officer and Principal Accounting Officer
0001670254-19-000285	1	Van Cleave Dry Goods LLC	Adam Van Cleave	President & CEO
0001670254-19-000283	1	Powur, PBC	Jonathan Budd	Founder & CEO
0001718414-19-000001	1	Spikes Beverage Co	Daniel A. Twyman	Co-founder
0001670254-19-000281	1	Sam Lee Laundry LLC	David Gluck	Producer & General Manager
0001669191-19-000133	1	Leo Aerospace LLC	Dane Rudy	Chief Executive Officer
0001647487-19-000002	1	Republic Restoratives LLC	Pia Carusone	Owner
0001670254-19-000280	1	SFBC Wyomissing, LLC	John Giannopoulos	Owner, Managing Director
0001670254-19-000272	1	MoJoe Brewing Company, LLC	Joseph Hyman	Co-Founder and CEO
0001574738-19-000002	1	FileThis, Inc.	Brian Berson	CEO, Director
0001670254-19-000268	1	Inhabit.io, Inc	Chaitanya Mishra	CEO
0001670254-19-000264	1	Minds, Inc.	Bill Ottman	CEO
0001665160-19-000397	1	Fusion Properties Managment Group, Inc.	Kendell Lang	CEO, Principal Executive Officer, Director, Principal Financial Officer and Principal Accounting Officer
0001670254-19-000260	1	Venomyx, Inc	Daniel Dempsey	Founder & CEO
0001670254-19-000259	1	Curtiss Motorcycle Company, Inc.	Jay Etheridge	CFO
0001665160-19-000396	1	Solutions Vending International, Inc.	Dawn Dickson	CEO, Principal Executive Officer and Director, Principal Financial Officer and Principal Accounting Officer
0001665160-19-000395	1	Geopulse Exploration Inc.	Marcus Laun	CEO, Principal Executive Officer and Director, Principal Financial Officer and Principal Accounting Officer
0001717904-19-000004	1	G&G Laboratories, Inc	Michael Lui	Chief Executive Officer
0001715704-19-000002	1	CrediBLL, Inc.	Neeraj Sharma	CEO, Comptroller, and Chief Financial Officer
0001665160-19-000394	1	Microsurgeonbot Inc.	Allan Grosvenor	CEO, Principal Executive Officer and Manager, Principal Financial Officer and Principal Accounting Officer
0001665160-19-000390	1	Goffee, Inc.	Vincent Meyer	CEO, Principal Executive Officer and Director, Principal Financial Officer and Principal Accounting Officer
0001765395-19-000002	1	Bumpy Pickle LLC	Daniel Ampuero	Member
0001670254-19-000250	1	Impact Hub Honolulu LLC	Nam Vu	Co-Founder
0001493152-19-005762	1	Smoke Cartel, Inc.	/s/ Darby Cox	CEO
0001737125-19-000009	1	SmartGurlz Us Inc	SHARMI ALBRECHTSEN	CEO
0001771075-19-000002	1	Ogden's Own Distillery, Inc.	Steve Conlin	CEO
0001647487-19-000001	1	Republic Restoratives LLC	Pia Carusone	Owner
0001553350-19-000423	1	Worth Financial, Inc.	/s/ Sally Outlaw	Chief Executive Officer
0001665160-19-000386	1	Kalibrate Blockchain Corporation	Calvin Wiese	CEO, Principal Executive Officer, Director, Principal Financial Officer, Principal Accounting Officer
0001668287-19-000012	1	Plugsby, LLC	William Jay Bennett	Founding CEO
0001738308-19-000005	1	Kare Mobile Inc	Brittany Becker	COO
0001729012-19-000001	1	Movatic, Inc.	Ansgar Strother	CEO
0001771010-19-000003	1	Hohm Inc.	Jonathon Nikolas Woods	CEO, issuer, principal executive officer, principal financial officer, controller, and principal accounting officer
0001743601-19-000002	1	Building Economic Advancement Network Corp	Darren V. Walker	CEO
0001706256-19-000001	1	1787 Financial Corporation, Inc.	Jean Borno	President
0001774339-19-000001	1	Lillii RNB Inc	Barbara Jones	Founder/CEO
0001665160-19-000382	1	Xcraft Enterprises, LLC	JD Claridge	CEO, Principal Executive Officer and Director, Principal Financial Officer and Principal Accounting Officer
0001670254-19-000247	1	Unity Vibration Living Kombucha Tea LLC	Rachel Kanaan	Co-founder
0001773979-19-000001	1	WHEELHOUSE CAPITAL INVESTMENTS INC.	JOHN P. BAILES	CEO
0001765507-19-000005	1	POPOVER KING LLC	Maria Cabuquit	CEO
0001670254-19-000244	1	Neurohacker Collective, LLC	Hakan Lindskog	Chief Operating Officer
0001670254-19-000243	1	SFO84, Inc	Matthieu Jost	CEO
0001665160-19-000381	1	Locking Line Barriers Corporation dba WATERBLOCKS	Joseph Daniluk	CEO, Principal Executive Officer and Director, Principal Financial Officer, Secretary, and Principal Accounting Officer
0001665160-19-000380	1	Keezel, Inc.	Friso Schmid	CFO, Principal Financial Officer and Principal Accounting Officer
0001670254-19-000239	1	All ebt Foundation	Elijah Andres Calderon Morin	CEO & Co-Founder
0001771010-19-000002	1	Hohm Inc.	Jonathon Nikolas Woods	CEO, issuer, principal executive officer, principal financial officer, controller, and principal accounting officer
0001670254-19-000234	1	VirZOOM, Inc.	Eric Janszen	Co-founder and CEO
0001665160-19-000373	1	Franny's Distribution Inc	Jeff Tacy	CEO, Principal Executive Officer and Director, Principal Financial Officer and Principal Accounting Officer
0001734702-19-000002	1	Finnest, Inc.	Richard Sawyer III	Chief Executive Officer
0001767504-19-000002	1	Brooklyn Heights Farm Residences LLC	Doug Maxwell	Doug Maxwell, Manager of the Managing Member, S3RD LLC
0001765833-19-000003	1	automed Inc.	David Edwards	Principal executive officer, principal financial officer, principal accounting officer, and director
0001764876-19-000003	1	Halo Energy LLC	Vincent Loccisano	CEO
0001669191-19-000131	1	Kindred Brands, Inc.	Andy Fox	Chief Executive Officer
0001670254-19-000230	1	Chicago Steak Company, Inc.	Matt Crowley	Vice President
0001685453-19-000001	1	Lawrence Hunt Fashion, Inc.	Jeff Schattner	CEO
0001665160-19-000371	1	Security Biometrics Corp	Joseph Gangi	CEO, Principal Executive Officer and Director, Principal Financial Officer and Principal Accounting Officer
0001670254-19-000229	1	Take Me to Tarzana LLC	Maceo Greenberg	Filmmaker
0001670254-19-000228	1	Federation Brewing, LLC	Larry Cretan	Co-founder and CFO
0001670254-19-000227	1	SouveNEAR, LLC	Suzanne Southard	Manager
0001670254-19-000226	1	Homefree, LLC	Jill Robbins	Founder/President
0001670254-19-000225	1	The Clement Street Brewpub, LLC	Ivan Hopkinson	Founder
0001768551-19-000003	1	47-53 Crescent Ave, LLC	Kim Bianca Williams	Manager of Manager, Urban Synergy in Action, LLC
0001665160-19-000369	1	Frannys Distribution Inc.	Jeff Tacy	CEO, Principal Executive Officer and Director, Principal Financial Officer and Principal Accounting Officer
0001665160-19-000366	1	Karaganda, LLC	Max Weissberg	CEO, Principal Executive Officer and Manager, Principal Financial Officer and Principal Accounting Officer
0001670254-19-000223	1	Naia, Inc.	Chris Tan	CEO and Co-Founder
0001670254-19-000221	1	Impact Science Education, Inc.	Ladie Malek	Co-Founder and President
0001670254-19-000218	1	Digitally Imported, Inc.	Gregory Ari Shohat	Founder and CEO
0001670254-19-000215	1	Altcoin Exchange, Inc.	Andrew Gazdecki	CEO and Co-Founder
0001768580-19-000001	1	BOODSKAPPER INC	Bejoynath Narayanapillai	CEO, issuer, principal executive officer, principal financial officer, controller, and principal accounting officer
0001670254-19-000213	1	Loveseat, Inc	Chris Stanchak	Cofounder & CEO
0001670254-19-000209	1	FamTerra, Inc	Elena Krasnoperova	Founder, CEO
0001665160-19-000363	1	Esportz Entertainment Corp.	Mark Thimmig	CEO, Principal Executive Officer, Director, Principal Financial Officer, Principal Accounting Officer
0001670254-19-000205	1	MySwimPro, Inc.	Fares Ksebati	CEO and Co-Founder
0001665160-19-000361	1	Persona Network, Inc.	Matthew Kerle	CEO, Principal Executive Officer and Director
0001642688-19-000001	1	Robin Technologies Inc.	Justin Crandall	Chief Executive Officer
0001740120-19-000001	1	JWJTWO LLC	William Patterson	Owner
0001739408-19-000001	1	Tall Pines Distillery LLC	Lisa Welsh	Owner
0001639097-19-000003	1	Chimani, Inc.	/s/Kerry Gallivan	Director & Chief Executive Officer
0001750894-19-000001	1	Zeehaus Inc.	Justin Lee	CEO
0001770444-19-000002	1	Video Scout LLC	Thomas Richard DeMorro, Jr.	Manager
0001731197-19-000001	1	Taste Labs, Inc	John Lin	CEO, principal executive officer, principal financial officer, principal accounting officer
0001731197-19-000003	1	Taste Labs, Inc	John Lin	CEO, principal executive officer, principal financial officer, principal accounting officer
0001740075-19-000003	1	Ecoventz Inc.	Andreas Roussos	CEO
0001773139-19-000002	1	ENHANCED POTENTIAL HOLDINGS, INC	David McCullar	President/CEO
0001773260-19-000005	1	Rockridge International Corp	David Roche	President
0001773260-19-000003	1	Rockridge International Corporation	David Roche	President
0001665160-19-000360	1	Firebot Inc	Mark Baldino	CEO, Principal Executive Officer and Director, Principal Financial Officer and Principal Accounting Officer
0001665160-19-000359	1	Firebot Inc	Mark Baldino	CEO, Principal Executive Officer and Director, Principal Financial Officer and Principal Accounting Officer
0001665160-19-000358	1	MicroGen Vet LLC	Kurt Dombkowski	CEO, Principal Executive Officer, Manager
0001665160-19-000357	1	Icarus Blockchain Group Inc.	Maya Parbhoe	CEO, Principal Executive Officer and Director
0001669191-19-000129	1	Rapunzl Investments, LLC	Brian Curcio	Principal Executive Officer
0001763665-19-000002	1	Orange Wolf Content L.L.C.	Vyacheslav I Anishchenko	Member
0001665160-19-000356	1	Open Box Buy Corp	Richard Marino	CEO, Principal Executive Officer and Director, Principal Financial Officer and Principal Accounting Officer
0001665160-19-000355	1	WebTez Inc.	Peter J. Tezza II	CEO, Principal Executive Officer and Director
0001568609-19-000001	1	Cuddle Clones LLC	Jennifer Williams	CFO
0001740075-19-000002	1	Ecoventz Inc.	Andreas Roussos	CEO
0001739450-19-000004	1	Fluent Forever Inc.	Gabriel Wyner	CEO
0001695816-19-000006	1	FenSens, Inc	Andrew Karuza	CEO
0001669191-19-000127	1	GT Spirits Inc	Christopher Moran	Principal Executive Officer
0001669191-19-000125	1	God's Garden Treasures LLC	Karin Crawford	Principal Executive Officer
0001670254-19-000200	1	Tribal LLC	Marni Shymkus	Co-founder
0001760272-19-000004	1	New Moon Clothing, Inc.	Carole Murphy	President
0001765300-19-000004	1	FanBeat Inc.	EDWARD TRIMBLE	CHIEF EXECUTIVE OFFICER
0001670254-19-000194	1	The Bacon Jams LLC	Michael Oraschewsky	Chief Executvie Boar
0001670254-19-000202	1	Caresplit, Inc	Arielle McKenzie	Founder
0001770444-19-000001	1	Video Scout LLC	Thomas Richard DeMorro, Jr.	Chief Executive Officer
0001763665-19-000001	1	Orange Wolf Content L.L.C.	Vyacheslav I Anishchenko	Member
0001669191-19-000122	1	HUNNY, INC.	Jeff Vanderpol	Principal Executive Officer
0001669191-19-000120	1	Orion Aircraft Company LLC	Andrew House	Principal Executive Officer
0001762066-19-000001	1	Anjin Services Group, Inc.	Michael Woodrum	CEO
0001665160-19-000353	1	Eclipse Diagnostics Inc.	Luka Fajs	CEO, Principal Executive Officer and Director, Principal Financial Officer and Principal Accounting Officer
0001670254-19-000192	1	Heroin Film LLC	Spencer T Folmar	Director, Writer, and Producer
0001670254-19-000190	1	eBroadcast Media Group Inc.	Jesse Wacht	Founder, CEO, Executive Producer
0001746725-19-000002	1	Veptas Technology Solutions, Inc	John C. George	CFO
0001665160-19-000351	1	G3C Technologies Corp	Vitaly Khusidman	CEO, Principal Executive Officer and Director, Principal Financial Officer and Principal Accounting Officer
0001771760-19-000001	1	Bakery on the Square	Viki Allin	Owner
0001765748-19-000006	1	Jack Henry Spirits LLC	John Barlow	Member
0001665160-19-000350	1	Bublish Inc.	Kathy Meis	President and CEO, Principal Executive Officer and Director, Principal Financial Officer and Principal Accounting Officer
0001691903-19-000002	1	Fun-gi Games LLC	Alfred Fung	CEO
0001670254-19-000187	1	Venomyx, Inc	Daniel Dempsey	Founder & CEO
0001670254-19-000186	1	Womp Studio LLC	Gabriela Trueba	Founder / CEO
0001670254-19-000184	1	Habit Carbon 2 LLC	Lisa Ruskaup	CEO
0001665160-19-000349	1	Solutions Vending International, Inc.	Dawn Dickson	CEO, Principal Executive Officer and Director, Principal Financial Officer and Principal Accounting Officer
0001665160-19-000346	1	Rayton Solar Inc.	Andrew Yakub	CEO, Principal Executive Officer and Director, Principal Financial Officer and Principal Accounting Officer
0001670254-19-000182	1	10 Below Franchising, LLC	Wilson Tam	Co-founder
0001751259-19-000001	1	5 Generation Bakers, LLC	Scott Baker	Owner
0001670254-19-000177	1	Onedome Global, Inc.	Bertram Meyer	CEO
0001768151-19-000003	1	Subziwalla LLC	Sajal Rohatgi	Manager
0001752109-19-000002	1	ROOTS & VINE PRODUCE & CAFE, INC	Ena Jones	President / CEO
0001766440-19-000006	1	Pope's Kitchen, LLC	Clark Pope	Owner
0001773322-19-000001	1	Mompops, Inc.	Stephanie Cohen	Owner
0001670254-19-000176	1	Neurocarrus Inc	Paul Blum	Co-founder/CEO
0001670254-19-000174	1	EVELO, Inc.	Boris Mordkovich	CEO
0001721517-19-000001	1	Sentry Baby Products, LLC	/s/ Jim Holley	CEO
0001665160-19-000344	1	Cityfreighter Inc	Michael Schoening	President, Principal Executive Officer and Director
0001708142-19-000007	1	Ironclad Distillery, Inc.	/s/Stephen King	President
0001745722-19-000001	1	LiveShopBuy, Inc.	Joseph Anselmo	CEO
0001617350-19-000002	1	Banaia, Inc.	Himanshu Agarwal	Director & Chief Executive Officer
0001144204-19-018627	1	ITFT, INC.	/s/ Matthew Godley	Founder & CEO
0001665160-19-000343	1	GeoOrbital Inc.	Michael Burtov	CEO, Principal Executive Officer and Director, Principal Financial Officer and Principal Accounting Officer
0001758255-19-000005	1	Thumb Butte Distillery, Inc.	Dana Murdock	President & Director
0001665160-19-000342	1	Boku International Inc	Lynn Rolle	CEO, Principal Executive Officer, Manager, Principal Financial Officer and Principal Accounting Officer
0001769004-19-000005	1	Sleepless Musical, LLC	David Shor	Sole Member
0001768117-19-000002	1	ITERUM FOODS LLC	Matthew McPherson	Owner
0001665160-19-000341	1	JWL.COM, Inc.	David Zinberg	CEO, Principal Executive Officer and Director
0001644600-19-000006	1	Voyage Media Inc.	Nathaniel Mundel	CEO and Director
0001772863-19-000001	1	DEW DROP INN NOLA, L.L.C.	Christopher Ryan Thomas	President, CEO
0001719522-19-000001	1	FC Sugar, LLC	Sameer Patel	Manager of APRB, LLC, the manager of the Issuer
0001670254-19-000168	1	Modern Times Drinks, Inc.	Chris Sarette	Chief Operations Officer
0001769284-19-000001	1	Osiris Media Corp	Randall James Bee II	Founder, CEO
0001769004-19-000004	1	Sleepless Musical, LLC	David Shor	Sole Member
0001747795-19-000002	1	Lavabit, LLC	Ladar Levison	CEO
0001715749-19-000002	1	3DaGoGo, Inc	Drew Taylor	CEO
0001669191-19-000112	1	Swoon City Music LLC	Maureen Lloren	Principal Executive Officer
0001213900-19-005827	1	MOCKOUT, INC.	/s/ Michael McKeon	President and CEO
0001666102-19-000010	1	GLUTE PROS, LLC	Jared Davis	Chief Executive Officer
0001665160-19-000340	1	Wand USA Inc.	Andrew Schlack	CEO, Principal Executive Officer and Director
0001670254-19-000163	1	Baron Nahmias Inc.	Dorit Nahmias	President
0001670254-19-000162	1	'Laine's Bake Shop LLC, BG Consortium LLC	Rachel E. Bernier-Green	Owner
0001769004-19-000003	1	Sleepless Musical, LLC	David Shor	Sole Member
0001766810-19-000002	1	Ruf Technology Corp	Jeff Chen	CEO
0001668287-19-000011	1	Simpkins E-Bikes, Inc.	Kent Simpkins	Owner
0001144204-19-018142	1	Blue World Voyages LLC	Hal Gassenheimer	CFO
0001768348-19-000001	1	Ubitquity LLC	Nathan Wosnack	principal executive officer, principal financial officer, principal accounting officer
0001665160-19-000337	1	ChicknCone Franchise, LLC	Jonathan Almanzar	CEO, Principal Executive Officer, Manager, Principal Financial Officer and Principal Accounting Officer
0001665160-19-000333	1	NowKeto Corporation	Joshua Paul Christensen	CEO, Principal Executive Officer and Director, Principal Financial Officer and Principal Accounting Officer
0001665160-19-000335	1	PerFIcT Inc.	Cory McKane	CEO, Principal Executive Officer and Director, Principal Financial Officer and Principal Accounting Officer
0001767272-19-000001	1	WIN-WIN APP,INC.	Michael Brown	Chief Executive Officer
0001665160-19-000322	1	Denim LA, Inc.	Corey Epstein	Co-CEO, Principal Executive Officer and Director
0001665160-19-000321	1	Third Coast Aviation Inc.	Robert Boulanger	CEO, Principal Executive Officer, Director, Principal Financial Officer, Principal Accounting Officer
0001771075-19-000001	1	Ogden's Own Distillery, Inc.	Steve Conlin	CEO
0001770563-19-000001	1	Batch LLC	Meghan Pohl	Owner
0001766620-19-000003	1	Gimme Radio Inc.	Tyler Lenane	CEO
0001666102-19-000009	1	Outlook Corporate Consulting, LLC.	Adam J. Robison	Chief Executive Officer
0001665160-19-000319	1	Lettuce Networks, Inc.	Yogesh Sharma	CEO, Principal Executive Officer, Director, Principal Financial Officer and Principal Accounting Officer
0001739571-19-000001	1	Crab Corner II, LLC	John Smolen	Owner
0001736283-19-000008	1	Ample Foods, Inc.	Connor Young	President and Chief Executive Officer
0001731540-19-000003	1	WolfPack Systems, Inc	Jonathan Chashper	CEO and Founder
0001758188-19-000003	1	Throwback Family Fun, LLC	Peter Redwine	Owner
0001669191-19-000109	1	Subba Media Inc	Mark Jennings	Principal Executive Officer
0001758188-19-000002	1	Throwback Family Fun, LLC	Peter Redwine	Owner
0001772270-19-000001	1	THIRD CLIFF BAKERY LLC	MARGARET CROWLEY	OWNER
0001665160-19-000317	1	Arygin Corporation	Giovanni Austin	CEO, Principal Executive Officer, Director, Principal Financial Officer and Principal Accounting Officer
0001760049-19-000002	1	Coinseed, Inc.	Sukhbat Lkhagvadorj	CFO
0001723949-19-000001	1	Fatwood LLC	Robert Dames	President
0001668287-19-000009	1	Shira Productions, LLC	DAVY HOBSON	Owner
0001755873-19-000001	1	Visuwall Technologies Inc.	Kobi Wu	CEO & Director
