ACCESSION_NUMBER	ISAMENDMENT	PROGRESSUPDATE	NATUREOFAMENDMENT	NAMEOFISSUER	LEGALSTATUSFORM	LEGALSTATUSOTHERDESC	JURISDICTIONORGANIZATION	DATEINCORPORATION	STREET1	STREET2	CITY	STATEORCOUNTRY	ZIPCODE	ISSUERWEBSITE	COMPANYNAME	COMMISSIONCIK	COMMISSIONFILENUMBER	CRDNUMBER
0001700351-17-000001	0			Plant Power Encinitas, LLC	Limited Liability Company		CA	2015-07-06	411 Santa Fe Drive		Encinitas	CA	92024	www.plantpowerfastfood.com	First Democracy VC	0001683054	007-00076	285360
0001669191-17-000039	0	End of offering		Court Innovations Incorporated	Corporation		DE	2014-01-27	213 S. Ashley St.	Suite 200	Ann Arbor	MI	48104	getmatterhorn.com	NetCapital Funding Portal Inc.	0001669191	007-00035	283596
0001702419-17-000001	0			Tier5International, Inc.	Corporation		DE	2014-02-12	995 Market Street	Floor 2	San Francisco	CA	94103	http://www.kylie.ai	SI Securities, LLC	0001603038	008-69440	170937
0001699630-17-000005	0			Angelei, llc														
0001699630-17-000002	0			Angelei, LLC	Limited Liability Company		CA	2016-10-08	905 Viewpoint Drive		San Marcos	CA	92078	www.angeleishoes.com	Marcie McGovern	0001680047	007-00070	285012
0001699630-17-000001	0			Angelei, LLC	Limited Liability Company		CA	2016-10-08	905 Viewpoint Drive		San Marcos	CA	92078	www.angeleishoes.com	Marcie McGovern	0001680047	007-00070	285012
0001670254-17-000049	0		Extend deadline date to April 30, 2017	Urban Juncture, Inc.	Corporation		IL	2003-11-12	4245 S. King Dr.		Chicago	IL	60653	http://www.urbanjuncture.com/	Wefunder Portal LLC	0001670254	007-00033	283503
0001669191-17-000037	0			VirZOOM, Inc.	Corporation		DE	2015-02-13	56 JFK St.	Third Floor	Cambridge	MA	02138	www.virzoom.com	NetCapital Funding Portal Inc.	0001669191	007-00035	283596
0001665160-17-000102	1		Issuer is extending the deadline of their offering and correcting incorrectly populated intermediary name.	Gotham Ballers, Inc.	Corporation		NY	2016-02-26	225 West 34th Street 9th floor		New York	NY	10122	www.gothamballers.com	StartEngine Capital, LLC	0001665160	007-00007	
0001670254-17-000048	0		Extend deadline date to April 7th, and include updated business plan.	Vera Roasting Company, Inc.	Corporation		DE	2015-09-17	99 Bow Street	Suite 100E	Portsmouth	NH	03801	https://www.veraroasting.com/	Wefunder Portal LLC	0001670254	007-00033	283503
0001670254-17-000047	0		Move deadline date to April 7th, and include updated business plan.	LiquidPiston, Inc.	Corporation		DE	2004-06-21	1292a Blue Hills Ave.		Bloomfield	CT	06002	http://liquidpiston.com	Wefunder Portal LLC	0001670254	007-00033	283503
0001665160-17-000099	0			MAGNABID INC.	Corporation		DE	2015-11-19	9735 Wilshire Blvd #123		Beverly Hills	CA	90212	www.magnabid.com	StartEngine Capital, LLC	0001665160	007-00007	
0001664957-17-000006	1		In connection with the increase in maximum offering amount provided in the Issuer's previous Form C/A filing, the Issuer is filing an updated Form C and financial statements reviewed by a public accountant.	Pearachute Inc.	Corporation		DE	2015-11-23	320 WEST OHIO STREET	SUITE 3W	CHICAGO	NY	60654	https://www.pearachutekids.com/	OpenDeal Inc.	0001672732	007-00046	283874
0001684321-17-000001	1		Extend Offering Deadline to 03/31/2017 and amend use of proceeds	Italian Cafe, LLC	Limited Liability Company		IL	2014-07-14	21020 N. RAND RD., STE. C-4		LAKE ZURICH	IL	60047	www.goitaliancafe.com	crowdsourcefunded.com	0001667727	007-00027	
0001665160-17-000096	1		The issuer has decided to extend the offering and correct the intermediary name	Alkane Truck Company, Inc.	Corporation		SC	2011-02-07	1053 London Street		Myrtle Beach	SC	29577	www.alkanetruckcompany.com	StartEngine Capital, LLC	0001665160	007-00007	
0001665160-17-000097	1		Corrected the End-Date of the campaign	Alkane Truck Company, Inc.	Corporation		SC	2011-02-07	1053 London Street		Myrtle Beach	SC	29577	www.alkanetruckcompany.com	StartEngine Capital, LLC	0001665160	007-00007	
0001670254-17-000045	0			FAFCO, INC.	Corporation		CA	1972-03-17	435 Otterson Drive		Chico	CA	95928	http://www.fafco.com	Wefunder Portal LLC	0001670254	007-00033	283503
0001694334-17-000003	0			RatHaus Tempe, LLC														
0001644600-17-000035	0	$270,000 is our best estimate for the total amount of securities that will be sold.		Traveling Spoon	Corporation		DE	2013-07-24	PO BOX 40758		SAN FRANCISCO	CA	94140	www.travelingspoon.com	SI SECURITIES, LLC	0001603038	008-69440	000170937
0001665160-17-000090	0		Corrected the incorrectly populated intermediary name	Hyper-Sub Platform Technologies, Inc.	Corporation		FL	2016-10-26	4661 West SR 238		Lake Butler	FL	32054	www.hypersub.com	StartEngine Capital LLC	0001665160	007-00007	
0001665160-17-000092	0		Corrected the incorrectly populated intermediary name	Bargible Inc.	Corporation		CA	2015-11-01	10144 Culver Blvd.	unit 4	Culver City	CA	90232	http://bargible.com/	StartEngine Capital LLC	0001665160	007-00007	
0001665160-17-000083	0		Corrected the incorrectly populated intermediary name	GLN Holdings, Inc.	Corporation		NV	2017-01-25	9613 South Lake Shore Drive		Lake Lotawana	MO	64086	https://www.gamelootnetwork.com	StartEngine Capital, LLC	0001665160	007-00007	
0001665160-17-000088	0		Corrected the incorrectly populated intermediary name	Vios Nutrition, Inc.	Corporation		NC	2015-12-29	751 West Fourth Street	Suite 120	Winston-Salem	NC	27040	vioslife.com	StartEngine Capital LLC	0001665160	007-00007	
0001695244-17-000004	0		Extend the deadline to reach the target offering amount to April 30, 2017.	EverMem, Inc	Corporation		DE	2015-07-17	1053 STANFORD AVE		PALO ALTO	CA	94306	https://flipword.co	OpenDeal Inc.	0001672732	007-00046	
0001670254-17-000043	0			GlobeChat, Inc.	Corporation		DE	2016-03-28	29200 Paseo Carmona		San Juan Capistrano	CA	92675	http://info.GlobeChat.com	Wefunder Portal LLC	0001670254	007-00033	283503
0001665160-17-000080	0		Adjusted the use of proceeds and the incorrectly populated CIK and CCC code.	Chores R Us LLC	Limited Liability Company		DE	2016-05-25	222 W MERCHANDISE MART PLAZA	SUITE1212	CHICAGO	IL	60654	https://chorerelief.com/	StartEngine Capital LLC	0001665160	007-00007	
0001644600-17-000032	0			Lendsnap, Inc.	Corporation		DE	2014-08-04	2880 HELEN ST		OAKLAND	CA	94608	www.lendsnap.com	SI SECURITIES, LLC	0001603038	008-69440	000170937
0001695437-17-000006	0		Extending the Application Period for subscribing to the offering from March 31, 2017 to April 17, 2017.	CF0005, LLC	Limited Liability Company		TX	2016-12-21	4550 POST OAK PL	STE 119	HOUSTON	TX	77027	cf0005.crudefunders.com	NORTH CAPITAL PRIVATE SECURITIES CORPORATION	0001496269	008-68648	000154559
0001701418-17-000001	0			BlueHollar, LLC	Limited Partnership		MO	2014-12-18	6901 W. 135TH ST		GRANDVIEW	MO	64030	bluehollar.com	GrowthFountain Capital LLC	0001668506	007-00028	
0001670254-17-000042	0			Beachmonkey Inc.	Corporation		DE	2017-01-31	504 30th Ave N	#15	Myrtle Beach	SC	29577	http://www.beachmonkey.com	Wefunder Portal LLC	0001670254	007-00033	283503
0001665160-17-000079	1		Issuer is extending the deadline of their offering.	AnJeDa Fitness, Inc.	Corporation		DE	2015-11-03	1104 S HAYWORTH AVE		Los Angeles	CA	90035	https://www.fattofinish.com	AnJeDa Fitness, Inc.	0001665160	007-00007	
0001670254-17-000038	1		Increase maximum offering amount; Move deadline date earlier; Add reviewed financials.	Vera Roasting Company, Inc.	Corporation		DE	2015-09-17	99 Bow Street	Suite 100E	Portsmouth	NH	03801	https://www.veraroasting.com/	Wefunder Portal LLC	0001670254	007-00033	283503
0001665160-17-000076	0			Zoi, INC	Corporation		DE	2017-01-06	611 N. Commonwealth Ave		Los Angeles	CA	90004	http://whatiszoi.com	Zoi, INC	0001665160	007-00007	
0001665160-17-000073	0	The total amount of securities sold in the Baqua offering are $30,200.		Baqua Inc.	Corporation		KY	2015-03-15	325 W MAIN ST THIRD FLOOR		LEXINGTON	KY	40507	http://www.baqua.com/	StartEngine Capital LLC	0001665160	007-00007	
0001665160-17-000070	0			Chores R Us LLC	Corporation		DE	2016-05-09	222 W Merchandise Mart Plaza	suite1212	Chicago	IL	60654	https://chorerelief.com/	Chores R Us LLC	0001665160	007-00007	
0001700529-17-000003	0		Fixed typing error.  The maximum amount of shares sold is 41,667.	BudLodge Inc	Corporation		AK	2017-02-25	6485 HAYSTACK DRIVE		FAIRBANKS	AK	99712	https://www.budlodge.com	truCrowd, Inc	0001667145	007-00015	
0001691189-17-000004	0			MB Fantasy Football League, Inc														
0001700529-17-000001	0			BudLodge Inc	Corporation		AK	2017-02-25	6485 HAYSTACK DRIVE		FAIRBANKS	AK	99712	https://www.BudLodge.com	truCrowd, Inc	0001667145	007-00015	
0001670254-17-000036	0			PlantSnap Inc.	Corporation		NV	2016-06-16	473.5 West Colorado Ave.		Telluride	CO	81435	http://www.plantsnap.net	Wefunder Portal LLC	0001670254	007-00033	283503
0001697047-17-000003	1		Corrected pre-money valuation from $3,000,000.00 to $3,300,000.00 in the Company Summary attached as Exhibit B.	Tasty Minstrel Games, LLC	Limited Liability Company		UT	2009-03-11	4883A OLD HIGHWAY ROAD		MOUNTAIN GREEN	UT	84050	http://www.playtmg.com	First Democracy VC	0001683054	007-00076	285360
0001608695-17-000002	0			G. Randall & Sons, Inc.	Corporation		CA	2014-04-08	2069 COAST BLVD		DEL MAR	CA	92014	Randysclub.com	truCrowd, Inc	0001667145	007-00015	
0001697047-17-000001	0			Tasty Minstrel Games, LLC	Limited Liability Company		UT	2009-03-11	4883A Old Highway Road		Mountain Green	UT	84050	http://www.playtmg.com	First Democracy VC	0001683054	007-00076	285360
0001445866-17-000228	0		Change deadline for target offering amount to March 31, 2017 and file financial statements as an exhibit.	Daplie, Inc.	Corporation		UT	2015-08-12	560 S. 100 W., SUITE 1		PROVO	UT	84601	https?//daplie.com	Wefunder Portal LLC	0001670254	007-00033	283503
0001698596-17-000001	0			JRC Enterprises LLC. DBA Dental Fix RX	Limited Liability Company		MD	2017-01-04	322 Fairmount Drive		Edgewater	MD	21037	www.dentalfixrx.com	FundingWonder	0001680047	007-00070	285012
0001665160-17-000064	0			GLN Holdings, Inc.	Corporation		NV	2017-01-25	9613 South Lake Shore Drive		Lake Lotawana	MO	64086	https://www.gamelootnetwork.com	GLN Holdings, Inc.	0001665160	007-00007	
0001669191-17-000029	0			chronability, inc	Corporation		DE	2015-03-11	745 Atlantic Ave		Boston	MA	02111	www.chronability.com	NetCapital Funding Portal Inc.	0001669191	007-00035	283596
0001674421-17-000001	0	We raised approximately $200,118.00. Payments are still being processed; final number is yet to be determined. The offering closed on 01-27-2017.		Bloomery Investment Holdings, LLC	Limited Liability Company		WV	2014-09-22	16357 CHARLES TOWN ROAD		CHARLES TOWN	WV	25414	bloomerysweetshine.com	Wefunder Portal LLC	0001670254	007-00033	283503
0001644600-17-000030	0			SEPARATE.US	Corporation		DE	2014-10-29	4096 PIEDMONT AVENUE	#325	OAKLAND	CA	94611	www.seperate.us.com	SI SECURITIES, LLC	0001603038	008-69440	000170937
0001669191-17-000028	0			nFlate, Inc.	Corporation		DE	2014-01-01	11501 Dublin Blvd	Suite 200	Dublin	CA	94568	http://seeitbuy.it	NetCapital Funding Portal Inc.	0001669191	007-00035	283596
0001644600-17-000028	0			Juhi LLC	Limited Liability Company		DE	2015-12-03	164 E. 61ST STREET	GROUND FLOOR	NEW YORK	NY	10065	www.juhicenter.com	SI SECURITIES, LLC	0001603038	008-69440	000170937
0001667014-17-000001	1		Additions to Management Discussion of Financial Condition, Additional Related Parties Transactions, Changes to Intended Use of Proceeds, Changes to Pending Litigation, Changes to Revenue Sharing Loan Maturity Date.	Big Brother Holding Company, LLC	Limited Liability Company		MI	2014-11-14	24 SOUTH WHITTAKER STREET		NEW BUFFALO	MI	49117	https://www.beerchurchbrewing.com/	LOCALSTAKE MARKETPLACE LLC	0001544442	008-69063	000162726
0001644600-17-000025	0		Including updated information regarding investor perks	GoFish Cam, Inc.	Corporation		DE	2015-11-02	4600 COMMANDERS POINT DRIVE		AUSTIN	VA	78734	www.gofishcam.com	SI SECURITIES, LLC	0001603038	008-69440	000170937
0001693084-17-000002	0			UpCurrent, Inc.														
0001670254-17-000035	0	$216,943.00 in investments. Payments are still being processed; final number is yet to be determined. The deadline date was set to today to work around an EDGAR glitch but the offering actually closed on 02-24-2017		South Austin Beer Partners, LLC dba South Austin Brewery	Limited Liability Company		TX	2013-09-16	415 East St. Elmo Rd. #1		Austin	TX	78745	http://southaustinbrewery.com/	Wefunder Portal LLC	0001670254	007-00033	283503
0001695370-17-000001	0			Intero Restaurant LLC	Limited Liability Company		TX	2014-04-01	2612 East Cesar Chavez Street		AUSTIN	TX	78702	http://interorestaurant.com/	NextSeed US LLC	0001667892	007-00023	283225
0001644600-17-000023	0			FenSens, Inc	Corporation		DE	2016-07-20	383 E. LAUREL RD		BELLINGHAM	WA	98226	www.fensens.com	SI SECURITIES, LLC	0001603038	008-69440	000170937
0001644600-17-000021	0	$199,150 is our best estimate for the total amount of securities that will be sold.		Barber Surgeons Inc.	Corporation		DE	2016-07-28	1880 CENTURY PARK EAST	SUITE 200	LOS ANGELES	CA	90067	www.barbersurgeons.co	SI SECURITIES, LLC	0001603038	008-69440	000170937
0001669191-17-000027	0		Removed URIs from attached pitchDeck.pdf	New Slobbr, LLC	Limited Liability Company		DE	2017-01-11	14 Mitchell Pond Road		Windham	NH	03087	slobbr.com	NetCapital Funding Portal Inc.	0001669191	007-00035	283596
0001669191-17-000026	1		Offering date change and updated pitch deck.	New Slobbr, LLC	Limited Liability Company		DE	2017-01-11	14 Mitchell Pond Road		Windham	NH	03087	slobbr.com	NetCapital Funding Portal Inc.	0001669191	007-00035	283596
0001670254-17-000032	0			Chicago Steak Company, Inc.	Corporation		MD	2007-10-26	350 B  Christopher Ave		Gaithersburg	MD	20879	http://www.mychicagosteak.com	Wefunder Portal LLC	0001670254	007-00033	283503
0001670254-17-000031	0		Extending deadline to 03/25/2017	MobileSpike Inc.	Corporation		DE	2016-03-31	3411 Silverside Rd #104 Rodney Bldg		Wilmington	DE	19819	http://www.mobilespike.com	Wefunder Portal LLC	0001670254	007-00033	283503
0001691341-17-000003	1		Added 5 states on pg. 2 of the pdf. Extended offering deadline to June 30, 2017	Damsel Productions LLC	Limited Liability Company		DE	2016-08-17	8 THE GREEN	SUITE B	DOVER	DE	19901	www.damselgame.net	MANORHAVEN CAPITAL LLC	0001058484	008-50911	000044965
0001669191-17-000023	0			New Slobbr, LLC	Limited Liability Company		DE	2017-01-11	14 Mitchell Pond Road		Windham	NH	03087	slobbr.com	NetCapital Funding Portal Inc.	0001669191	007-00035	283596
0001690909-17-000002	0		Incorrect 2.21.17 offering deadline entered on Form C. Intermediary's website and all Investor communications indicated offering deadline of 3.5.17. Offering did close 3.5.17: see Form C-U. EDGAR would not accept 3.5.17 offering deadline for this filing.	Ellison Eyewear, Inc	Corporation		DE	2014-03-19	314 WEST INSTITUTE PLACE	LOFT 2E	CHICAGO	IL	60610	www.WearEllison.com	OpenDeal Inc., dba Republic	0001672732	007-00046	283874
0001445866-17-000207	0		Change deadline for target offering amount to March 15, 2017 due to oversubscriptions and provide for treatment of oversubscriptions	Daplie, Inc.	Corporation		UT	2015-08-12	560 S. 100 W., SUITE 1		PROVO	UT	84601	https?//daplie.com	Wefunder Portal LLC	0001670254	007-00033	283503
0001690909-17-000001	0	The Issuer has raised a total of $131,079 during the offering period.		Ellison Eyewear, Inc	Corporation		DE	2014-03-19	314 WEST INSTITUTE PLACE	LOFT 2E	CHICAGO	IL	60610	www.WearEllison.com	OpenDeal Inc., dba Republic	0001672732	007-00046	283874
0001695437-17-000005	0		Extending the Application Period for subscribing to the offering from March 10, 2017 to March 31, 2017.	CF0005, LLC	Limited Liability Company		TX	2016-12-21	4550 POST OAK PL	STE 119	HOUSTON	TX	77027	cf0005.crudefunders.com	NORTH CAPITAL PRIVATE SECURITIES CORPORATION	0001496269	008-68648	000154559
0001670254-17-000030	1		Correcting presentation of pre-money valuation.	Retaggio's, Inc	Corporation		AL	2017-02-21	1394 Dug Hill Road		Brownsboro	AL	35741	http://www.retaggiohsv.com	Wefunder Portal LLC	0001670254	007-00033	283503
0001670254-17-000028	0			Retaggio's, Inc	Corporation		AL	2017-02-21	1394 Dug Hill Road		Brownsboro	AL	35741	http://www.retaggiohsv.com	Wefunder Portal LLC	0001670254	007-00033	283503
0001665160-17-000058	0	PT Motion works has closed on $1,000,000.00 at the conclusion of their offering period.		PT Motion Works, Inc.	Corporation		DE	2009-08-13	740 E. SOLANA CIRCLE		SOLANA BEACH	CA	92075	www.elliptigo.com	StartEngine Capital LLC	0001665160	007-00007	
0001664957-17-000003	1		The Issuer is increasing its maximum offering amount from $100,000 to $250,000.  Financial statements reviewed by a public accountant are being prepared and will be filed, along with an updated Form C, promptly once they are completed.	Pearachute Inc.	Corporation		DE	2015-11-23	320 WEST OHIO STREET	SUITE 3W	CHICAGO	IL	60654	https://www.pearachutekids.com/	OpenDeal Inc.	0001672732	007-00046	283874
0001670254-17-000026	0		Extended deadline date to June 1st, and updated business plan.	Hawaiian Ola Brewing Corporation	Corporation		HI	2015-12-22	89-1368 MAMALAHOA HWY		Captain Cook	HI	96704	http://www.hawaiianola.com	Wefunder Portal LLC	0001670254	007-00033	283503
0001670254-17-000027	0			Charron Favreau L.L.C.	Limited Liability Company		CA	2011-08-12	4682 Calle Bolero	Unit B	Camarillo	CA	93012	http://www.chareau.us	Wefunder Portal LLC	0001670254	007-00033	283503
0001696861-17-000001	0			CS Porters Partners, LP	Limited Partnership		TX	2017-01-12	800 TOWN AND COUNTRY BLVD	SUITE 200	HOUSTON	TX	77024	www.portersbutchery.com	NextSeed US LLC	0001667892	007-00023	283225
0001670254-17-000025	1		Update risks factors to mention the foreign subsidiary.	Scrap Connection, Inc.	Corporation		DE	2012-07-12	1828 Amos Drive		Muscle Shoals	AL	35661	http://www.scrapconnection.com	Wefunder Portal LLC	0001670254	007-00033	283503
0001674439-17-000005	1		Extended expiration date to 4/20/2017	NextRX Inc.	Corporation		NV	2015-09-01	8670 WEST CHEYENNE AVENUE	SUITE 120	LAS VEGAS	NV	89129	nextrx.net	truCrowd, Inc	0001667145	007-00015	
0001674439-17-000004	1		Updated valuation and change in price per share	NextRX Inc.	Corporation		NV	2015-09-01	8670 WEST CHEYENNE AVENUE	SUITE 120	LAS VEGAS	NV	89129	nextrx.net	truCrowd, Inc	0001667145	007-00015	
0001696993-17-000001	0			ALCHEMA INC.	Corporation		DE	2015-11-25	479 Jessie St		San Francisco	CA	94103	www.alchema.com	FIRST DEMOCRACY VC	0001683054	007-00076	285360
0001670254-17-000024	1		Include CPA reviewed financials, update most-recent and prior fiscal year financials, increase maximum offering amount to $750,000 and include updated business plan.	Scrap Connection, Inc.	Corporation		DE	2012-07-12	1828 Amos Drive		Muscle Shoals	AL	35661	http://www.scrapconnection.com	Wefunder Portal LLC	0001670254	007-00033	283503
0001676315-17-000007	0			CAYO Inc														
0001691477-17-000001	0			Cornerstone Kids, Inc.	Corporation		SC	2016-07-12	548 PINTAIL DR		AIKEN	SC	29803	www.aikencornerstonekids.com	Jumpstart Micro, Inc	0001664804	007-00008	
0001669191-17-000018	0			Master Renovations Associates, LLC	Limited Liability Company		FL	2016-08-01	7876 Mandarin Drive		Boca Raton	FL	33433	http://opensourcecap.com/?page_id=8592	NetCapital Funding Portal Inc.	0001669191	007-00035	283596
0001644600-17-000019	0			Couture Collective LLC	Limited Liability Company		NY	2014-10-01	410 EAST 57TH STREET	SUITE 2C	NEW YORK	NY	10022	www.couturecollective.com	SI SECURITIES, LLC	0001603038	008-69440	000170937
0001669191-17-000017	0		Removed incorrect references to Broker-dealer	Court Innovations Incorporated	Corporation		DE	2014-01-27	213 S. Ashley St.	Suite 200	Ann Arbor	MI	48104	getmatterhorn.com	NetCapital Funding Portal Inc.	0001669191	007-00035	283596
0001669191-17-000016	0		Removed incorrect references to Broker-dealer	G WIZICON Technologies, Inc.	Corporation		MI	2012-02-23	26300 Telegraph Rd.	Suite 101	Southfield	MI	48033	gaprosystem.com	NetCapital Funding Portal Inc.	0001669191	007-00035	283596
0001669191-17-000015	0			dotSport LLC	Limited Liability Company		NY	2007-10-09	1140 Broadway	6th Floor	New York	NY	10001	www.dotsportllc.com	NetCapital Funding Portal Inc.	0001669191	007-00035	283596
0001665160-17-000057	1		PDF was deleted from previous submission	Vios Nutrition, Inc.	Corporation		NC	2015-12-29	751 West Fourth Street	Suite 120	Winston-Salem	NC	27040	vioslife.com	Vios Nutrition, Inc.	0001665160	007-00007	
0001665160-17-000051	0			Vios Nutrition, Inc.	Corporation		NC	2015-12-29	751 West Fourth Street	Suite 120	Winston-Salem	NC	27040	vioslife.com	Vios Nutrition, Inc.	0001665160	007-00007	
0001644600-17-000017	0	The company has terminated its offering and will accept $150,000 from investors.		Hustle Con Media	Corporation		DE	2014-11-25	1381 9TH AVE.		SAN FRANCISCO	CA	94122	www.thehustle.co	SI SECURITIES, LLC	0001603038	008-69440	000170937
0001670254-17-000023	0		Move deadline date to February 24, include video transcript and updated business plan.	South Austin Beer Partners, LLC dba South Austin Brewery	Limited Liability Company		TX	2013-09-16	415 East St. Elmo Rd. #1		Austin	TX	78745	http://southaustinbrewery.com/	Wefunder Portal LLC	0001670254	007-00033	283503
0001694334-17-000001	0			RatHaus Tempe, LLC	Limited Liability Company		AZ	2016-11-08	3946 E GLENROSA AVE		PHOENIX	AZ	85018	www.rathaususa.com	FlashFunders Funding Portal, LLC	0001665087	007-00009	
0001694917-17-000002	0	The issuer has reached the maximum funding amount of $200,000.		Vive Restaurant Group Livermore, LLC	Limited Liability Company		CA	2016-12-29	3415 OTTER CT		HAYWARD	CA	94542	www.cincotacobar.com	NextSeed US LLC	0001667892	007-00023	283225
0001690794-17-000001	0			StressPal, Inc.														
0001691774-17-000001	0		Include webinar transcript	Texas Zebo, L.L.C.	Limited Liability Company		TX	2001-11-30	218 W. FOURTH STREET		AUSTIN	TX	78701	http://halcyoncoffeebar.com/	First Democracy VC	0001683054	007-00076	285360
0001665160-17-000042	0			Hyper-Sub Platform Technologies, Inc.	Corporation		FL	2016-10-26	4661 West SR 238		Lake Butler	FL	32054	www.hypersub.com	Hyper-Sub Platform Technologies, Inc.	0001665160	007-00007	
0001670254-17-000021	0			Comic Blitz LLC	Limited Liability Company		DE	2014-03-27	2669 1/2 Waverly Drive		Los Angeles	CA	90039	https://www.comicblitz.com	Wefunder Portal LLC	0001670254	007-00033	283503
0001665160-17-000040	1		Clerical error, should be filed as a Debt offering as represented on StartEngine website.	Better World Spirits Inc	Corporation		PA	2015-03-05	155 W Market St		York	PA	17401	www.betterworldspirits.com	Better World Spirits Inc	0001665160	007-00007	
0001665160-17-000036	0			Bargible Inc.	Corporation		CA	2015-11-01	383 Bay shore Ave	unit 220	Long Beach	CA	90803	http://bargible.com/	Bargible Inc.	0001665160	007-00007	
0001670254-17-000019	0		Moved deadline date forward to February 13, include updated business plan and video transcripts.	Evolution Spirits, Inc.	Corporation		DE	2014-06-09	1123 Broadway, Suite 1007		New York	NY	10014	http://www.monkeyrum.com	Wefunder Portal LLC	0001670254	007-00033	283503
0001665160-17-000033	0	Sol Board Inc offering has closed on $1,000,000 of investment		Sol Boards, Inc.	Corporation		OR	2013-03-05	1001 SW EMKAY DR	SUITE 100	BEND	OR	97702	www.golfboard.com	Sol Boards, Inc.	0001665160	007-00007	
0001691448-17-000001	0		Updated disclosure regarding concurrent offering.	Barber Surgeons Inc.	Corporation		DE	2016-07-28	1880 CENTURY PARK EAST	SUITE 200	LOS ANGELES	CA	90067	www.barbersurgeons.co	SI SECURITIES, LLC	0001603038	008-69440	000170937
0001668506-17-000010	0		Corrected clerical error resulting in discrepancy in share price and campaign end date between different places in the Form C.	Have Not Films	Corporation		WA	2015-10-29	113 CHERRY ST.		SEATTLE	WA	98104	http://www.havenotfilms.com	GrowthFountain Capital LLC	0001668506	007-00028	
0001682915-17-000003	0			RealtyReturns, Inc.														
0001668506-17-000008	0			Have Not Films	Corporation		WA	2015-10-29	113 CHERRY ST.		SEATTLE	WA	98104	http://www.havenotfilms.com	GrowthFountain Capital LLC	0001668506	007-00028	
0001694011-17-000001	0			Gorge Training Facility, LLC	Limited Liability Company		OR	2014-08-15	543 NE BRAZEE		PORTLAND	OR	97212	www.rutefoundations.com	GRIDSHARE LLC	0001665812	007-00018	
0001445866-17-000123	0			SLICK TECHNOLOGIES, CORP.	Corporation		DE	2015-08-31	1663 EL DORADO AVE		SANTA CRUZ	CA	95062	https://www.slick.video	DreamFunded MarketPlace, LLC	0001670761	007-00037	6639970
0001665160-17-000031	0			Jauvtis Engineering	Corporation		DE	2013-02-14	100 N Hill Dr #23		Brisbane,	CA	94005	www.mondaymotorbikes.com	Jauvtis Engineering	0001665160	007-00007	
0001691189-17-000003	0		Due to some marketing reasons and nothing material, this capital raise was not started. This amendment changes the end date to April 12, 2017. It also clarifies the Investment offer which includes preferred stock and a profit sharing component.	MB Fantasy Football League, Inc	Corporation		GA	2016-05-10	809 DEERWOOD DRIVE		STOCKBRIDGE	GA	30281	www.millionairefantasyfootball.com	Jumpstart Micro, Inc	0001664804	007-00008	
0001665160-17-000028	0			Hylete, Inc.	Corporation		CA	2012-03-26	560 Stevens Avenue		Solana Beach	CA	92075	www.hylete.com	Hylete, Inc.	0001665160	007-00007	
0001675896-17-000004	0			Treycent, Inc	Corporation		FL	2016-05-20	7431 ROEBELENII CT		SARASOTA	FL	34241	www.treycent.com	Jumpstart Micro, Inc	0001664804	007-00008	
0001675896-17-000003	0			Treycent, Inc														
0001691341-17-000002	1		Added 11 states on pg. 2 of the pdf. Corrected formatting issues to make pdf more legible.	Damsel Productions LLC	Limited Liability Company		DE	2016-08-17	8 THE GREEN	SUITE B	DOVER	DE	19901	www.damselgame.net	MANORHAVEN CAPITAL LLC	0001058484	008-50911	000044965
0001695657-17-000001	0			Pristine Sun Corp	Corporation		DE	2016-08-26	548 MARKET STREET	SUITE 13000	SAN FRANCISCO	CA	94104-5401	www.pristinesun.com	GRIDSHARE LLC	0001665812	007-00018	
0001676858-17-000001	0			Fizzics Group, LLC	Limited Liability Company		DE	2014-07-07	1775 Route 34	Ste D14	Farmingdale	NJ	07727	www.fizzics.com	First Democracy VC	0001683054	007-00076	285360
0001665160-17-000025	1		Adjusted the Minimum Share Purchase amount	Alkane Truck Company, Inc.	Corporation		SC	2011-02-07	1053 London Street		Myrtle Beach	SC	29577	www.alkanetruckcompany.com	Alkane Truck Company, Inc.	0001665160	007-00007	
0001670254-17-000017	0		Move up deadline date to February 9th and include latest business plan	Fun-gi Games LLC	Limited Liability Company		CA	2015-05-04	2135 W 236th Place		Torrance	CA	90501	http://www.fun-gi.com	Wefunder Portal LLC	0001670254	007-00033	283503
0001695082-17-000004	0		Attach business plan, change to executive summary and inventory amounts	DUO, LLC	Limited Liability Company		DE	2009-01-29	930 VIA MIL CUMBRES #47		SOLANA BEACH	CA	92075	www.tidymates.com	DreamFunded MarketPlace, LLC	0001670761	007-00037	6639970
0001695656-17-000001	0			Pristine Sun WI, LLC	Limited Liability Company		WI	2015-08-01	548 MARKET STREET	SUITE 13000	SAN FRANCISCO	CA	94104-5401	www.pristinesun.com	GRIDSHARE LLC	0001665812	007-00018	
0001665160-17-000022	1		The issuer has decided to extend the deadline of their offering	Jetpack Aviation	Corporation		CA	2016-09-01	14218 Aetna Street		Van Nuys	CA	91401	http://jetpackaviation.com/	Jetpack Aviation	0001665160	007-00007	
0001664957-17-000001	0			Pearachute Inc.	Corporation		DE	2015-11-23	320 West Ohio Street	Suite 3W	Chicago	IL	60654	https://www.pearachutekids.com/	OpenDeal Inc.	0001672732	007-00046	283874
0001670254-17-000016	0			Vera Roasting Company, Inc.	Corporation		DE	2015-09-17	99 Bow Street	Suite 100E	Portsmouth	NH	03801	https://www.veraroasting.com/	Wefunder Portal LLC	0001670254	007-00033	283503
0001670254-17-000015	0			Vera Roasting Company, Inc.														
0001670254-17-000013	0			Vera Roasting Company, Inc.	Corporation		DE	2015-09-17	99 Bow Street	Suite 100E	Portsmouth	NH	03801	https://www.veraroasting.com/	Wefunder Portal LLC	0001670254	007-00033	283503
0001693526-17-000004	0		Correction of typographical error in amount of compensation to be paid to the Intermediary and removal and replacement of superfluous signature not required under Sections 4(a)(6) and 4A of the Securities Act of 1933 and Regulation Crowdfunding.	Skillmil, Inc.	Corporation		DE	2016-02-11	103 VIA SANTA CRUZ		JUPITER	FL	33458	www.skillmil.com	OpenDeal Inc.	0001672732	007-00046	283874
0001693526-17-000002	0			Skillmil, Inc.	Corporation		DE	2016-02-11	103 Via Santa Cruz		Jupiter	FL	33458	www.skillmil.com	OpenDeal Inc.	0001672732	007-00046	283874
0001695244-17-000003	0		Correction of minor grammatical errors.	EverMem, Inc	Corporation		DE	2015-07-17	1053 STANFORD AVE		PALO ALTO	CA	94306	https://flipword.co	OpenDeal Inc.	0001672732	007-00046	
0001695244-17-000001	0			EverMem, Inc.	Other	Corporation	DE	2015-07-17	1053 Stanford Ave		Palo Alto	CA	94306	https://flipword.co	OpenDeal Inc. dba &quot;Republic&quot;	0001672732	007-00046	283874
0001670254-17-000012	0		Extend closing date to February 2nd.	Hopster's LLC	Limited Liability Company		MA	2013-04-05	292 Centre Street		Newton	MA	02458	http://www.hopstersbrew.com	Wefunder Portal LLC	0001670254	007-00033	283503
0001644600-17-000012	0		Refiling the offering page due to technical issues with the previous version.	Hustle Con Media	Corporation		DE	2014-11-25	1381 9TH AVE.		SAN FRANCISCO	CA	94122	www.thehustle.co	SI SECURITIES, LLC	0001603038	008-69440	000170937
0001665160-17-000019	1		Adjusted price per share is to be changed after 10 days from the launch of the campaign. No reconfirmation of investors is needed as it was disclosed in the Offering Document.	AnJeDa Fitness, Inc.	Corporation		DE	2015-11-03	1104 S HAYWORTH AVE		Los Angeles	CA	90035	https://www.fattofinish.com	AnJeDa Fitness, Inc.	0001665160	007-00007	
0001670254-17-000010	0			Dollar Shots Club, Inc.	Corporation		NV	2015-09-03	200 W Sahara Ave	Suite 3409	Las Vegas	NV	89102	https://www.dollarshotsclub.com/	Wefunder Portal LLC	0001670254	007-00033	283503
0001689502-17-000001	0			Next Minute, Inc.														
0001694917-17-000001	0		The maximum offering amount has been reduced to $200,000 from $300,000 and the offering deadline has been changed to February 7, 2016.	Vive Restaurant Group Livermore, LLC	Limited Liability Company		CA	2016-12-29	3415 OTTER CT		HAYWARD	CA	94542	www.cincotacobar.com	NextSeed US LLC	0001667892	007-00023	283225
0001669191-17-000011	0		Video transcript was ommitted from question 31 and previous raises were omitted from question 25 of offering statement.	G WIZICON Technologies, Inc.	Corporation		MI	2012-02-23	26300 Telegraph Rd.	Suite 101	Southfield	MI	48033	gaprosystem.com	NetCapital Funding Portal Inc.	0001669191	007-00035	283596
0001690042-17-000001	0	$183,000 in investments. Payments are still being processed; final number is yet to be determined.		BeatStars Inc.	Corporation		DE	2016-11-09	5816 VAN WINKLE LANE		AUSTIN	TX	78739	http://www.beatstars.com/	First Democracy VC	0001683054	007-00076	285360
0001669191-17-000009	0		Video transcript was incorrectly omitted from first filing	Court Innovations Incorporated	Corporation		DE	2014-01-27	213 S. Ashley St.	Suite 200	Ann Arbor	MI	48104	getmatterhorn.com	NetCapital Funding Portal Inc.	0001669191	007-00035	283596
0001688220-17-000001	0			KBlock Tools, LLC	Limited Liability Company		SC	2016-04-29	108 TIMBERLINE CT.		LEXINGTON	SC	29072	www.aquablasterharness.com	DreamFunded MarketPlace, LLC	0001670761	007-00037	6639970
0001695437-17-000004	0			CF0005, LLC	Limited Liability Company		TX	2016-12-21	4550 POST OAK PL	STE 119	HOUSTON	TX	77027	cf0005.crudefunders.com	NORTH CAPITAL PRIVATE SECURITIES CORPORATION	0001496269	008-68648	000154559
0001670254-17-000008	0			BLAZnTECH, Inc.	Corporation		DE	2016-11-04	The Frontier Bldg, The Edge Room,	800 Park Offices Drive	Res Triangle Park	NC	27709	https://blazntech.com	Wefunder Portal LLC	0001670254	007-00033	283503
0001664526-17-000002	0	$147,000 in investments. Payments are still being processed; final number is yet to be determined.		PLAY IMPOSSIBLE CORP	Corporation		DE	2014-04-04	111 S. JACKSON STREET		SEATTLE	WA	98104	http://www.playimpossible.com/	First Democracy VC	0001683054	007-00076	285360
0001674439-17-000002	1		Updated valuation and change in price per share	NextRX Inc.	Corporation		NV	2015-09-01	8670 WEST CHEYENNE AVENUE	SUITE 120	LAS VEGAS	NV	89129	nextrx.net	truCrowd, Inc	0001667145	007-00015	
0001611945-17-000001	0	$668,000 in investments. Payments are still being processed; final number is yet to be determined.		Art Craft Entertainment, Inc.	Corporation		DE	2013-05-20	815 A BRAZOS ST #313		AUSTIN	TX	78701	www.crowfall.com	First Democracy VC	0001683054	007-00076	285360
0001687197-17-000003	0		New CEO, former CEO sold his shares to Darell Austin;	Bluurp, Inc	Corporation		DE	2016-09-20	704 BUSH STREET	SUITE 105	SAN FRANCISCO	CA	94108	bluurp.com	DreamFunded MarketPlace, LLC	0001670761	007-00037	6639970
0001670254-17-000007	1		Include the correct investor contracts and extend deadline date by 1 day.	Hopster's LLC	Limited Liability Company		MA	2013-04-05	292 Centre Street		Newton	MA	02458	http://www.hopstersbrew.com	Wefunder Portal LLC	0001670254	007-00033	283503
0001687197-17-000002	0		complete form c answers	StressPal, Inc.	Corporation		DE	2015-04-22	2100 WEBSTER STREET SUITE 119		SAN FRANCISCO	CA	94115	www.stresspal.com	DreamFunded MarketPlace, LLC	0001670761	007-00037	6639970
0001144204-17-003456	0			WORTHPOINT Corp														
0001644600-17-000011	0			Seattle Monthly Bike Rental LLC	Limited Liability Company		WA	2012-02-29	718 10TH AVENUE EAST	#1	SEATTLE	WA	98102	www.pedalanywhere.com	SI SECURITIES, LLC	0001603038	008-69440	000170937
0001695333-17-000004	0		Correcting the financial documents, last amendment did not include signature page	Live Esq, LLC	Limited Partnership		NJ	2016-05-13	111 LONG HILL RD		LITTLE FALLS	NJ	07424	www.liveesq.com	DreamFunded MarketPlace, LLC	0001670761	007-00037	6639970
0001695082-17-000003	0		Attach business plan and executive summary (exhibits)	DUO, LLC	Limited Liability Company		DE	2009-01-29	930 VIA MIL CUMBRES #47		SOLANA BEACH	CA	92075	www.tidymates.com	DreamFunded MarketPlace, LLC	0001670761	007-00037	6639970
0001695333-17-000003	0		Correcting the financial documents.	Live Esq, LLC	Limited Partnership		NJ	2016-05-13	111 LONG HILL RD		LITTLE FALLS	NJ	07424	www.liveesq.com	DreamFunded MarketPlace, LLC	0001670761	007-00037	6639970
0001668506-17-000006	0		Additional exhibit of transcripts for videos included in issuer campaign.	Instaparty, LLC	Limited Liability Company		DE	2013-09-11	1401 HUDSON STREET	STE #1105	HOBOKEN	NJ	07030	https://venueapp.io	GrowthFountain Capital LLC	0001668506	007-00028	
0001695166-17-000001	0			Phrame, Inc.	Corporation		DE	2015-08-03	78 BROADWAY STE #235		SAN FRANCISCO	CA	94111	www.phrame.com	DreamFunded MarketPlace, LLC	0001670761	007-00037	6639970
0001695082-17-000001	0			DUO, LLC	Limited Liability Company		DE	2009-01-29	930 VIA MIL CUMBRES #47		SOLANA BEACH	CA	92075	www.tidymates.com	DreamFunded MarketPlace, LLC	0001670761	007-00037	6639970
0001691877-17-000001	0			Me Tyme Network, Inc.	Corporation		CA	2016-04-18	8885 RIO SAN DIEGO DR. SUITE 237		SAN DIEGO	CA	92108	www.metymenetwork.com	DreamFunded MarketPlace, LLC	0001670761	007-00037	6639970
0001693411-17-000004	0		Updated disclosure regarding concurrent offering.	GoFish Cam, Inc.	Corporation		DE	2015-11-02	4600 COMMANDERS POINT DRIVE		AUSTIN	TX	78734	www.gofishcam.com	SI SECURITIES, LLC	0001603038	008-69440	000170937
0001644600-17-000008	0			Swannies Footwear, LLC	Limited Liability Company		MN	2014-10-15	4084 WILD GOOSE LANE		WHITE BEAR LAKE	MN	55110	www.swannies.co	SI SECURITIES, LLC	0001603038	008-69440	000170937
0001668506-17-000005	0			Instaparty, LLC	Limited Liability Company		DE	2013-09-11	1401 HUDSON STREET	STE #1105	HOBOKEN	NJ	07030	https://venueapp.io	GrowthFountain Capital LLC	0001668506	007-00028	
0001647487-17-000001	0	$300,000 in investments. Payments are still being processed; final number is yet to be determined.		Republic Restoratives LLC	Limited Liability Company		DC	2013-10-29	1369 NEW YORK AVENUE, NE		WASHINGTON	DC	20002	http://www.republicrestoratives.com/	First Democracy VC	0001683054	007-00076	285360
0001695333-17-000001	0			Live Esq, LLC	Limited Partnership		NJ	2016-05-13	111 LONG HILL RD		LITTLE FALLS	NJ	07424	www.liveesq.com	DreamFunded MarketPlace, LLC	0001670761	007-00037	6639970
0001669191-17-000005	1		Offering deadline extended	G WIZICON Technologies, Inc.	Corporation		MI	2012-02-23	26300 Telegraph Rd.	Suite 101	Southfield	MI	48033	gaprosystem.com	NetCapital Funding Portal Inc.	0001669191	007-00035	283596
0001213900-17-000472	1		N/A	Snapwire Media, Inc.	Corporation		DE	2012-08-03	3905 STATE STREET, SUITE 7-510		SANTA BARBARA	CA	93105	www.snapwi.re	Wefunder Portal LLC	0001670254	007-00033	283503
0001695121-17-000001	0			Sievent, LLC	Corporation		CA	2015-07-15	10821 OLSEN DR STE 197		RANCHO CORDOVA	CA	95670	www.sievent.com	DreamFunded MarketPlace, LLC	0001670761	007-00037	6639970
0001694974-17-000001	0			Field Guide to Evil, LLC	Limited Liability Company		DE	2016-12-19	160 Greentree Drive, Suite 101		Dover	DE	19904	www.fieldguidetoevil.com	First Democracy VC	0001683054	007-00076	285360
0001694994-17-000001	0			Big Cheese, Inc.	Corporation		DE	2016-09-16	990 BISCAYNE BLVD., SUITE 401		MIAMI	FL	33132	www.thegrilledcheesetruck.com	FIRST DEMOCRACY VC	0001683054	007-00076	285360
0001665160-17-000012	0			Alkane Truck Company, Inc.	Corporation		SC	2011-02-06	1053 London Street		Myrtle Beach	SC	29577	www.alkanetruckcompany.com	Alkane Truck Company, Inc.	0001665160	007-00007	
0001695029-17-000001	0			WorkCar, Inc.	Corporation		DE	2015-09-03	548 MARKET ST #67827		SAN FRANCISCO	CA	94108	www.workcar.com	DreamFunded MarketPlace, LLC	0001670761	007-00037	6639970
0001690216-17-000001	0		changing funding portal intermediaries and extending the offering deadline to 9/30/17.	Bronzebuck LLC	Limited Liability Company		AZ	2011-02-23	8283 N HAYDEN ROAD #270		SCOTTSDALE	AZ	85258	bux180.com	crowdsourcefunded.com	0001667727	007-00027	
0001674439-17-000001	0			NextRX Inc.	Corporation		NV	2015-09-01	8670 WEST CHEYENNE AVENUE	SUITE 120	LAS VEGAS	NV	89129	nextrx.net	truCrowd, Inc	0001667145	007-00015	
0001685706-17-000001	0			Vive Restaurant Group Livermore, LLC	Limited Liability Company		CA	2016-12-29	3415 OTTER CT		HAYWARD	CA	94542	www.cincotacobar.com	NextSeed US LLC	0001667892	007-00023	283225
0001691341-17-000001	1		Changed Offering Deadline to 4/30/17 on page 1 and 3 Added 7 states on page 2  Changed Transaction Fee on page 3 to 3.25% plus $.50 Included transcript of offering media as exhibit 4	Damsel Productions LLC	Limited Liability Company		DE	2016-08-17	8 THE GREEN	SUITE B	DOVER	DE	19901	www.damselgame.net	MANORHAVEN CAPITAL LLC	0001058484	008-50911	000044965
0001668506-17-000003	0			IS3D, LLC	Limited Liability Company		GA	2010-04-10	320 EAST CLAYTON ST.	SUITE 504	ATHENS	GA	30601	https://www.cogenteducation.com	GrowthFountain Capital LLC	0001668506	007-00028	
0001668506-17-000002	0		Changes: (1) expanded the jurisdictions for the offering of securities, (2) corrected a reference to deadline date, and (3) revised the description of the qualified third party used for funds transfer.	Oma's Spirit's, LLC	Limited Liability Company		IL	2016-09-26	500 N. MICHIGAN AVE. STE 600	2	CHICAGO	IL	60611	http://www.omasspirits.com	GrowthFountain Capital LLC	0001668506	007-00028	
0001691942-17-000003	0		Correcting calculation of number of shares to reach the target offering amount, typographic error regarding the fee paid to the funding portal, and identifying accounts payable under short term debt on the XML portion of the Form C.	Voyage Media Inc.	Corporation		CA	2004-01-05	4223 GLENCOE AVE SUITE B119		MARINA DEL REY	CA	90292	www.voyagemedia.com	Wefunder Portal LLC	0001670254	007-00033	283503
0001670254-17-000006	1		Extend deadline date.	Hopster's LLC	Limited Liability Company		MA	2013-04-05	292 Centre Street		Newton	MA	02458	http://www.hopstersbrew.com	Wefunder Portal LLC	0001670254	007-00033	283503
0001693084-17-000001	0		TO change the maximum amount and other edits	UpCurrent, Inc.	Corporation		DE	2016-01-15	660 4TH ST. #475		SAN FRANCISCO	CA	94107	www.upcurrent.co	DreamFunded MarketPlace, LLC	0001670761	007-00037	6639970
0001644600-17-000005	0			Hustle Con Media	Corporation		DE	2014-11-25	1381 9th Ave.		SAN FRANCISCO	CA	94122	www.thehustle.co	SI SECURITIES, LLC	0001603038	008-69440	000170937
0001676315-17-000005	0			CAYO Inc	Corporation		NV	2015-06-10	4747 CAUGHLIN PKWY #1		RENO	NV	89519	instalifecoverage.com	NOBLES & RICHARDS, INC.	0001430284	008-67859	000146870
0001691942-17-000001	0			Voyage Media Inc.	Corporation		CA	2004-01-05	4223 GLENCOE AVE SUITE B119		MARINA DEL REY	CA	90292	www.voyagemedia.com	Wefunder Portal LLC	0001670254	007-00033	283503
0001670254-17-000005	1		Included CPA reviewed financials, increased maximum target to $1M, updated board of directors, updated risks / disclosures, updated business plan and other changes. Please review the Form C for all the details.	Evolution Spirits, Inc.	Corporation		DE	2014-06-09	1123 Broadway, Suite 1007		New York	NY	10014	http://www.monkeyrum.com	Wefunder Portal LLC	0001670254	007-00033	283503
0001665160-17-000009	0			AnJeDa Fitness, Inc.	Corporation		DE	2015-11-03	1104 S HAYWORTH AVE		Los Angeles	CA	90035	https://www.fattofinish.com	AnJeDa Fitness, Inc.	0001665160	007-00007	
0001687197-17-000001	0		New CEO, former CEO sold his shares to Darell Austin	Bluurp, Inc	Corporation		DE	2016-09-20	704 BUSH STREET	SUITE 105	SAN FRANCISCO	CA	94108	bluurp.com	DreamFunded MarketPlace, LLC	0001670761	007-00037	6639970
0001668506-17-000001	0			Oma's Spirit's, LLC	Limited Liability Company		IL	2016-09-26	500 N. MICHIGAN AVE. STE 600	2	CHICAGO	IL	60611	http://www.omasspirits.com	GrowthFountain Capital LLC	0001668506	007-00028	
0001669191-17-000002	0			G WIZICON Technologies, Inc.	Corporation		MI	2012-02-23	26300 Telegraph Rd.	Suite 101	Southfield	MI	48033	gaprosystem.com	NetCapital Funding Portal Inc.	0001669191	007-00035	283596
0001670254-17-000004	0		Extended deadline date to Jan 13, updated business plan and included video transcript.	Hopster's LLC	Limited Liability Company		MA	2013-04-05	292 Centre Street		Newton	MA	02458	http://www.hopstersbrew.com	Wefunder Portal LLC	0001670254	007-00033	283503
0001665160-17-000007	0	Green Sense Farms, LLC offering closed on December 31, 2016 with an investment total of $600,000.		Green Sense Farms, LLC	Limited Liability Company		IN	2012-09-24	6525 DANIEL BURNHAM DR	SUITE B	PORTAGE	IN	46368	www.greensensefarms.com	StartEngine Capital LLC	0001665160	007-00007	
0001665160-17-000005	0	Sondors Electric Car Company offering closed on December 31, 2016 and will close on $1,000,000 in investment.		Sondors Electric Car Co	Corporation		DE	2016-08-15	20058 PACIFIC COAST HIGHWAY		MALIBU	CA	90265	http://gosondors.com	StartEngine Capital LLC	0001665160	007-00007	
0001670254-17-000001	0		Updated risk factors, moved deadline to January 12, 2017, and updated business plan.	EVELO, Inc.	Corporation		NY	2012-01-20	6624 S 196TH ST	Suite U-101	Kent	WA	98032	www.evelo.com	Wefunder Portal LLC	0001670254	007-00033	283503
0001665160-17-000006	0	Baqua Inc offering closed on December 31st, 2016 with a total investment amount of $26,000.		Baqua Inc.	Corporation		KY	2014-03-14	325 W MAIN ST THIRD FLOOR		LEXINGTON	KY	40507	www.baqua.com	StartEngine Capital LLC	0001665160	007-00007	
0001670254-17-000002	0			Motoroso, Inc.	Corporation		DE	2013-08-01	1297 Manzanita Way		San Luis Obispo	CA	93401	http://www.motoroso.com	Wefunder Portal LLC	0001670254	007-00033	283503
0001691189-17-000001	0			MB Fantasy Football League, Inc	Corporation		GA	2016-05-10	809 DEERWOOD DRIVE		STOCKBRIDGE	GA	30281	www.millionairefantasyfootball.com	Jumpstart Micro, Inc	0001664804	007-00008	
0001693411-17-000003	0		Updated offering page and slide deck.	GoFish Cam, Inc.	Corporation		DE	2015-11-02	4600 COMMANDERS POINT DRIVE		AUSTIN	TX	78734	www.gofishcam.com	SI SECURITIES, LLC	0001603038	008-69440	000170937
0001644600-17-000002	0			PT Motion Works, Inc.	Corporation		DE	2009-08-13	740 E. SOLANA CIRCLE		SOLANA BEACH	CA	92075	www.elliptigo.com	StartEngine Capital LLC	0001665160	007-00007	
0001693411-17-000001	0			GoFish Cam, Inc.	Corporation		DE	2015-11-02	4600 COMMANDERS POINT DRIVE		AUSTIN	TX	78734	www.gofishcam.com	SI SECURITIES, LLC	0001603038	008-69440	000170937
0001688072-17-000001	0	The issuer has raised a total of $219,228 during the offering period.		GOODMEETS, INC	Corporation		DE	2013-10-01	180 CAPP STREET	3RD FLOOR	SAN FRANCISCO	CA	94110	joinwhim.com	Opendeal Inc.	0001672732	007-00046	283874
0001665160-17-000003	1		SEC glitch did not use most updated document.	Gotham Ballers, Inc.	Corporation		NY	2016-02-25	225 West 34th Street 9th floor		New York	NY	10122	www.gothamballers.com	Gotham Ballers, Inc.	0001665160	007-00007	
0001686564-17-000003	1		This amendment modifies the closing date of the offering and the maximum offering amount.	LGBT Weddings, Inc.	Corporation		CA	2016-09-27	3353 HIGHWAY 49 SOUTH		MARIPOSA	CA	95338	http://www.LGBTWeddings.com	Ksdaq Inc.	0001666102	007-00042	284278
0001686564-17-000002	1		This amendment modifies the closing date of the offering and the maximum offering amount.	LGBT Weddings, Inc.	Corporation		CA	2016-09-27	3353 HIGHWAY 49 SOUTH		MARIPOSA	CA	95338	http://www.LGBTWeddings.com	Ksdaq Inc.	0001666102	007-00042	284278
0001686564-17-000001	1		This amendment modifies the closing date of the offering and the maximum offering amount.	LGBT Weddings, Inc.	Corporation		CA	2016-09-27	3353 HIGHWAY 49 SOUTH		MARIPOSA	CA	95338	http://www.LGBTWeddings.com	Ksdaq Inc.	0001666102	007-00042	284278
0001665160-16-000192	1		Adjust the end date and add a new perk.	Gotham Ballers, Inc.	Corporation		NY	2016-02-25	225 West 34th Street 9th floor		New York	NY	10122	www.gothamballers.com	Gotham Ballers, Inc.	0001665160	007-00007	
0001665160-16-000193	1		Remove unnecessary signers, add CEO Matthew Godley as sole signer, change end date, and describe security offered.	ITFT, Inc.	Corporation		NC	2013-06-04	18400 Dembridge Drive		Davidson	NC	28036	http://itftsolutions.com/	ITFT, Inc.	0001665160	007-00007	
