ACCESSION_NUMBER	ID	PERSONSIGNATURE	PERSONTITLE	SIGNATUREDATE
0001665160-17-000251	1	Saiful Khandaker	Principal Executive Officer, Financial Controller, Principal Financial Officer, Director	2017-06-30
0001665160-17-000246	2	Michelle Taylor	President & Creative Director	2017-06-30
0001665160-17-000246	1	Brig Taylor	Founder & CEO	2017-06-30
0001665160-17-000246	5	Cameron Diegle	Financial Controller	2017-06-30
0001665160-17-000246	3	Rick Lilley	Chief Operations Officer	2017-06-30
0001665160-17-000246	4	Navi Singh	Chief Financial Officer	2017-06-30
0001708142-17-000002	1	Stephen King	President	2017-06-30
0001665160-17-000245	2	James Betesh	SVP - Operations	2017-06-29
0001665160-17-000245	5	Tim Larson	SVP - Distribution	2017-06-29
0001665160-17-000245	1	Jon Bottorff	CFO	2017-06-29
0001665160-17-000245	4	Dan Zifkin	President and CEO	2017-06-29
0001665160-17-000245	3	Jessica Hoyt	VP Program Acquisitions	2017-06-29
0001665160-17-000244	1	Sean Patrick Fahey	CEO	2017-06-29
0001665160-17-000244	2	Chris Kerzich	Board of Directors	2017-06-29
0001665160-17-000244	3	Joseph Marcello	Board of Directors	2017-06-29
0001665160-17-000243	2	Charles Manning	Co-Founder, Director	2017-06-29
0001665160-17-000243	3	Kevin Nichols	CFO	2017-06-29
0001665160-17-000243	1	JD Claridge	CEO and Co-Founder	2017-06-29
0001665160-17-000242	1	Deanna Hodges	President	2017-06-29
0001665160-17-000241	1	Bryan Lorden	CEO	2017-06-29
0001665160-17-000241	2	Christian Broce	CTO	2017-06-29
0001665160-17-000240	2	John Askew	Executive Vice President	2017-06-29
0001665160-17-000240	1	Mark Scoggins	Chairman and CEO	2017-06-29
0001665160-17-000239	1	Ramzi Hajj	President, CEO	2017-06-29
0001665160-17-000238	2	Emmanuele Spera	CEO	2017-06-29
0001665160-17-000238	1	Tommaso Gecchelin	CTO	2017-06-29
0001665160-17-000237	1	Helena Fogarty	CEO and Founder	2017-06-29
0001665160-17-000236	1	Aviv Hillo	CEO	2017-06-29
0001665160-17-000235	2	Houshang Jalili	Secretary, CFO and Director	2017-06-29
0001665160-17-000235	1	Eemaan Jalili	CEO and Director	2017-06-29
0001665160-17-000235	3	Monir Jalili	Director	2017-06-29
0001665160-17-000234	3	Ralene Cavataio	CFO	2017-06-29
0001665160-17-000234	1	Kimberly Caccavo	Founder and CEO	2017-06-29
0001665160-17-000234	2	Kate Nowlan	Founder and COO	2017-06-29
0001665160-17-000233	10	Kevin Hertz	Chief Technology Consultant	2017-06-29
0001665160-17-000233	9	Chris J. Davis	Chief Technology Officer	2017-06-29
0001665160-17-000233	7	Don Richmond	Chief Creative Officer	2017-06-29
0001665160-17-000233	6	Corey Hertz	Chief Product Officer	2017-06-29
0001665160-17-000233	5	Peter Bowers	Chief Content Officer	2017-06-29
0001665160-17-000233	4	Patrick Read Johnson	EVP Development	2017-06-29
0001665160-17-000233	3	Bob Giargiari	Chief Financial Officer	2017-06-29
0001665160-17-000233	2	Bryan Hertz	Executive Chairman	2017-06-29
0001665160-17-000233	1	Ian LeWinter	President	2017-06-29
0001665160-17-000233	8	Elvis Williams	VP, Sound	2017-06-29
0001665160-17-000232	3	Parvathy Sreekumar	Operations Associate	2017-06-29
0001665160-17-000232	2	Imad Samhat	V.P. Operations	2017-06-29
0001665160-17-000232	1	Sunil Vallath	CEO	2017-06-29
0001665160-17-000231	1	John Rooney	CEO	2017-06-29
0001665160-17-000231	2	Anthony Grega	CFO	2017-06-29
0001665160-17-000230	2	Diane Ashbee	Director of Marketing/Merchandising	2017-06-29
0001665160-17-000230	1	Richard Ashbee	President, Secretary, Treasurer and Director	2017-06-29
0001665160-17-000229	2	Elliott Johnson	CEO	2017-06-29
0001665160-17-000229	1	Marielle Wardell	Vice President	2017-06-29
0001708179-17-000001	2	Daniel Acuna	Managing Member of Hoke Poke, LLC, the majority member of the Issuer	2017-06-28
0001708179-17-000001	1	Darin Barton	Managing Member of Hoke Poke, LLC, the majority member of the Issuer	2017-06-28
0001708189-17-000001	1	Yu Lun Kao	Co-Founder and Chief Creative Officer	2017-06-28
0001708189-17-000001	2	Matt Davis	Co-Founder and Chief Executive Officer	2017-06-28
0001710284-17-000001	3	Danny Ghosn	CMO	2017-06-07
0001710284-17-000001	4	Warren A. Blom	CEO	2017-06-07
0001710284-17-000001	1	Orlando Vallue	COO	2017-06-07
0001710284-17-000001	2	Salim J. Moussallem	CTO	2017-06-07
0001683052-17-000001	1	Alexandra D.F. Cripps	Director	2017-06-27
0001669191-17-000080	1	Charles Zwebner	Principal Executive Officer	2017-06-28
0001669191-17-000080	2	Charles Zwebner	Principal Financial Officer	2017-06-28
0001669191-17-000080	3	Charles Zwebner	Principal Accounting Officer	2017-06-28
0001669191-17-000080	4	Charles Zwebner	Board Member	2017-06-28
0001669191-17-000077	5	Monte Snyder	Board Member	2017-06-28
0001669191-17-000077	4	Mark Snyder	Board Member	2017-06-28
0001669191-17-000077	3	Mark Snyder	Principal Accounting Officer	2017-06-28
0001669191-17-000077	2	Mark Snyder	Principal Financial Officer	2017-06-28
0001669191-17-000077	1	Mark Snyder	Principal Executive Officer	2017-06-28
0001670254-17-000185	1	Thomas H Vogl Jr	Director	2017-06-28
0001670254-17-000185	4	Geoffrey McDonnell O'Keeffe	Director	2017-06-27
0001670254-17-000185	3	Anne Maleady	Trustee	2017-06-27
0001670254-17-000185	2	Kimberly Anne Riether Coupounas	Director, B Lab	2017-06-28
0001644600-17-000140	1	Lisa Tamayo	Principal Executive Officer, Principal Accounting Officer, Principal Financial Officer and Director	2017-06-28
0001644600-17-000140	2	John Kennedy	Director	2017-06-28
0001644600-17-000140	4	Carol Frank	Director	2017-06-28
0001644600-17-000140	3	Lance Cottrell	Director	2017-06-28
0001644600-17-000138	1	Orion Parrott	Principal Executive Officer, Principal Accounting Officer, Principal Financial Officer and Director	2017-06-28
0001674439-17-000007	1	Ralf-Rainer von Albedyhll	CEO	2017-06-27
0001670254-17-000182	1	Matthew James Hyder	Founder	2017-06-27
0001670254-17-000180	2	Nathan C. Jarvinen	Chairman of the Board	2017-06-24
0001605652-17-000001	1	Marlon Evans	Chief Executive Officer	2017-06-27
0001670254-17-000180	1	Mark Paulson	CFO	2017-06-26
0001670254-17-000178	3	andrew tulchin	CFO	2017-06-27
0001670254-17-000178	2	Stewart Alsop II	Director	2017-06-27
0001670254-17-000178	1	Peter Zandan	Director	2017-06-27
0001670254-17-000178	4	Vince Kadlubek	CEO	2017-06-27
0001669191-17-000075	1	John Fanning Jr	Principal Executive Officer	2017-04-27
0001670254-17-000176	3	Jason Bowne	Director	2017-06-26
0001670254-17-000176	2	Kim schademan	Board of directors	2017-06-26
0001670254-17-000176	1	Daniel Rubano	CEO	2017-06-26
0001670254-17-000174	1	Mark A TIlsen	President	2017-06-23
0001675896-17-000005	1	Donald McSwain	President	2017-06-26
0001665160-17-000228	2	Perry Christensen	Principal Financial Officer and Principal Accounting Officer	2017-06-23
0001665160-17-000228	3	Yuri Pikover	Director	2017-06-23
0001665160-17-000227	3	Kimberly Caccavo	Founder/CEO	2017-06-23
0001665160-17-000227	1	Kate Nowlan	Founder/COO	2017-06-23
0001665160-17-000227	2	Ralene Cavataio	CFO	2017-06-23
0001665160-17-000228	1	Claire Roberts	Principal Executive Officer and Director	2017-06-23
0001665160-17-000228	4	Jeff Davis	Director	2017-06-23
0001644600-17-000135	1	Robert Steinberg	Principal Executive Officer and Director	2017-06-23
0001644600-17-000135	2	Douglas Todd	Principal Accounting Officer, Principal Financial Officer and Director	2017-06-23
0001608695-17-000004	1	Brendon Strause	Managing Director	2017-06-23
0001683872-17-000005	1	/Storm Sondors/	CEO	2017-06-23
0001670254-17-000172	1	Albert Dahan	CEO	2017-06-22
0001691935-17-000001	1	/s/Michael Pelland	CEO / Founder	2017-06-22
0001644600-17-000133	1	Christopher K Sopher	Principal Executive Officer and Director	2017-06-22
0001644600-17-000133	2	Rebekah Monson	Principal Financial Officer, Principal Accounting Officer and Director	2017-06-22
0001644600-17-000131	1	Oliver Ryan	CEO, Principal Accounting Officer, Principal Financial Officer and Director	2017-06-22
0001695029-17-000005	1	Manny Fernandez	CEO	2017-06-21
0001695082-17-000006	1	Manny Fernandez	DreamFunded CEO	2017-06-21
0001665160-17-000225	1	Claire Roberts	Chief Executive Officer	2017-06-21
0001665160-17-000225	2	Scott Wilson	President	2017-06-21
0001665160-17-000225	3	Kelly Brodbeck	Chief Strategy Officer	2017-06-21
0001665160-17-000225	4	Terri Simpson	Chief Marketing and Sales Officer	2017-06-21
0001665160-17-000225	5	Adam Ward	Chief Operating Officer	2017-06-21
0001665160-17-000225	6	Perry Christensen	Chief Financial Officer	2017-06-21
0001665160-17-000225	7	Jennifer Jackenthal	VP of Strategic Clinic Operations	2017-06-21
0001665160-17-000225	8	Dr. Krista Lauer	Medical Director	2017-06-21
0001688220-17-000004	1	Manny Fernandez	DreamFunded CEO	2017-06-21
0001692818-17-000002	1	Manny Fernandez	CEO	2017-06-21
0001696377-17-000003	1	Manny Fernandez	DreamFunded CEO	2017-06-21
0001695333-17-000006	1	Manny Fernandez	CEO	2017-06-21
0001644600-17-000129	1	Oliver Ryan	CEO, Principal Accounting Officer, Principal Financial Officer and Director	2017-06-21
0001669191-17-000073	1	Jean Borno	Principal Executive Officer	2017-05-12
0001669191-17-000073	4	Jean Borno	Board Member	2017-05-12
0001669191-17-000073	3	Jean Borno	Principal Accounting Officer	2017-05-12
0001669191-17-000073	2	Jean Borno	Principal Financial Officer	2017-05-12
0001670254-17-000170	2	James Schmachtenberger	President	2017-06-20
0001670254-17-000170	1	Daniel Schmachtenberger	Chief Strategy Officer	2017-06-20
0001665160-17-000224	2	Charles Manning	Co-Founder, Director	2017-06-20
0001665160-17-000224	1	JD Claridge	President and CEO	2017-06-20
0001665160-17-000224	3	Kevin Nichols	CFO	2017-06-20
0001706024-17-000004	1	Patrick Sherwin	Chief Executive Officer	2017-06-20
0001695121-17-000004	1	Manny Fernandez	CEO	2017-06-20
0001644600-17-000128	1	John Millin	Principal Executive Officer, Principal Accounting Officer, Principal Financial Officer and Director	2017-06-20
0001695166-17-000004	1	Manny Fernandez	CEO	2017-06-20
0001704091-17-000003	1	Jonathan Tate	Member	2017-06-19
0001704091-17-000003	2	Jonathan Tate	Member	2017-06-19
0001665160-17-000223	2	Emmanuele Spera	CEO	2017-06-19
0001665160-17-000223	1	Tommaso Gecchelin	CTO	2017-06-19
0001665160-17-000222	1	Helena Fogarty	Founder and CEO	2017-06-19
0001644600-17-000125	1	Christopher K Sopher	Principal Executive Officer and Director	2017-06-19
0001644600-17-000125	2	Rebekah Monson	Principal Financial Officer, Principal Accounting Officer and Director	2017-06-19
0001665160-17-000221	2	Emmanuele Spera	CEO	2017-06-19
0001665160-17-000221	1	Tommaso Gecchelin	CTO	2017-06-19
0001686564-17-000008	1	Kimberly Vaughan	CEO	2017-06-19
0001670254-17-000168	1	Jose Leonardo Lopez	Manager. Mexico	2017-06-16
0001670254-17-000168	2	Jesse Lee Carrigan	Manager. CEO	2017-05-30
0001665160-17-000220	5	Adi Peleg	Chief Operating Officer	2017-06-15
0001665160-17-000220	4	Mary Wolff	Chief Strategy Officer	2017-06-15
0001665160-17-000220	3	Aviv Hillo, Esq., Adv.	Founder, CEO	2017-06-15
0001665160-17-000220	2	Omer Hertz	CTO, Co-Founder	2017-06-15
0001665160-17-000220	1	Leticia Kontoroff	Director of Customer Relation	2017-06-15
0001445866-17-000869	1	/s/ Darell Austin, Jr	CEO	2017-06-16
0001670254-17-000166	3	Sajal Sahay	Co-Founder/CEO	2017-05-08
0001670254-17-000166	1	Arti Kapoor	Director	2017-06-15
0001670254-17-000166	2	Sajal Sahay	Co-founder & CEO	2017-06-15
0001644600-17-000123	2	Josh Rasmussen	Co-Founder and Chief Executive Officer	2017-06-16
0001644600-17-000123	1	Nathan Jauvtis	Principal Executive Officer, Principal Accounting Officer, Principal Financial Officer and Director	2017-06-16
0001665160-17-000218	1	Leticia Kontoroff	Director of Customer Relation	2017-06-15
0001665160-17-000218	2	Omer Hertz	CTO, Co-Founder	2017-06-15
0001665160-17-000218	3	Aviv Hillo, Esq., Adv.	Founder, CEO	2017-06-15
0001665160-17-000218	4	Mary Wolff	Chief Strategy Officer	2017-06-15
0001665160-17-000218	5	Adi Peleg	Chief Operating Officer	2017-06-15
0001708099-17-000001	1	Scott Bachman	CFO	2017-06-14
0001644600-17-000121	1	Oliver Ryan	CEO, Principal Financial Officer, Principal Accounting Officer, Director	2017-06-14
0001701184-17-000004	1	Sky Wegman	Member	2017-06-14
0001644600-17-000119	1	Oliver Ryan	Chief Executive Officer, Principal Financial Officer, Principal Accounting Officer and Director	2017-06-14
0001665160-17-000214	4	Patrick Read Johnson	EVP Development	2017-06-13
0001665160-17-000214	9	Chris J. Davis	Chief Technology Officer	2017-06-13
0001665160-17-000214	10	Kevin Hertz	Chief Technology Consultant	2017-06-13
0001665160-17-000214	1	Bryan Hertz	Executive Chairman	2017-06-13
0001665160-17-000214	2	Ian LeWinter	President	2017-06-13
0001665160-17-000214	3	Bob Giargiari	Chief Financial Officer	2017-06-13
0001665160-17-000214	7	Don Richmond	Chief Creative Officer	2017-06-13
0001665160-17-000214	6	Corey Hertz	Chief Product Officer	2017-06-13
0001665160-17-000214	5	Peter Bowers	Chief Content Officer	2017-06-13
0001665160-17-000214	8	Elvis Williams	VP, Sound	2017-06-13
0001213900-17-006413	1	/s/ CHAD NEWELL	Chief Executive Officer	2017-06-13
0001670254-17-000163	1	Brenda Guerra	CFO	2017-06-12
0001709126-17-000001	1	Rebecca L. Kip	Chief Executive Officer	2017-06-11
0001686564-17-000007	1	Kimberly Vaughan	CEO	2017-06-12
0001708725-17-000002	1	Mallesh Murugesan	CEO & Co-Founder	2017-06-12
0001670254-17-000161	1	Michael J. Rosenberg	President	2017-06-08
0001670254-17-000159	1	Barbara Bickham	CTO	2017-06-09
0001557286-17-000006	1	Arthur Hartunian	Managing Member, Master Spirits Maker	2017-06-09
0001684321-17-000005	1	Christy J. Jepson	Manager	2017-06-09
0001684321-17-000004	1	Christy J. Jepson	Manager	2017-06-09
0001644600-17-000117	1	Colin Roche	CEO and Director	2017-06-09
0001644600-17-000117	2	Leandro Vera	Principal Accounting Officer, Principal Financial Officer and Director	2017-06-09
0001644600-17-000115	2	Sumeet Sheokand	Director	2017-06-09
0001644600-17-000115	1	Cary Breese	Principal Executive Officer, Principal Accounting Officer, Principal Financial Officer and Director	2017-06-09
0001665160-17-000211	5	Tim Larson	SVP - Distribution	2017-06-08
0001665160-17-000211	3	Jessica Hoyt	VP Program Acquisitions	2017-06-08
0001665160-17-000211	2	James Betesh	SVP - Operations	2017-06-08
0001665160-17-000211	1	Jon Bottorff	CFO	2017-06-08
0001665160-17-000211	4	Dan Zifkin	President and CEO	2017-06-08
0001669191-17-000071	3	Nizar Taki MD	Principal Accounting Officer	2017-03-14
0001669191-17-000071	4	Nizar Taki MD	Board Member	2017-03-14
0001669191-17-000071	2	Nizar Taki MD	Principal Financial Officer	2017-03-14
0001669191-17-000071	1	Nizar Taki MD	Principal Executive Officer	2017-03-14
0001706939-17-000001	1	Peter Gantner	President	2017-06-08
0001687516-17-000003	1	Jonathan Ofir	CEO	2017-06-08
0001670254-17-000157	1	Peter Nevenglosky	Co-CEO and Director	2017-06-07
0001670254-17-000156	1	John B. Ottman	Chairman	2017-06-06
0001670254-17-000156	2	Peter Schwartz	CFO	2017-06-06
0001687688-17-000006	1	Elizabeth Bambach	CEO	2017-06-06
0001705517-17-000001	1	/s/ Charles Carpenter	Board Member	2017-06-06
0001705517-17-000001	2	/s/ Whitney Gass	Board Member	2017-06-06
0001705517-17-000001	3	/s/ Barton Hamilton	Board Member	2017-06-06
0001705517-17-000001	4	Steven Smith	Board Member	2017-06-06
0001522456-17-000005	1	Richard Garriott de Cayeux	CEO & Creative Director	2017-05-23
0001665160-17-000207	1	Storm Sondors	Chief Electric Officer and CEO	2017-06-06
0001686564-17-000006	1	Kimberly Vaughan	CEO	2017-06-06
0001686564-17-000005	1	Kimberly Vaughan	CEO	2017-06-06
0001644600-17-000113	2	Aashi Vel	Co-Chief Executive Officer and Director	2017-06-06
0001644600-17-000113	1	Stephanie Lawrence	Co-Chief Executive Officer and Director	2017-06-06
0001669191-17-000070	1	Eric  Janszen	Principal Executive Officer	2017-03-30
0001669191-17-000070	2	Eric  Janszen	Principal Financial Officer	2017-03-30
0001669191-17-000070	6	Sonny Tahiliani	Board Member	2017-03-30
0001669191-17-000070	4	Eric  Janszen	Board Member	2017-03-30
0001669191-17-000070	5	Eric Malafeew	Board Member	2017-03-30
0001669191-17-000070	3	Eric  Janszen	Principal Accounting Officer	2017-03-30
0001665160-17-000206	1	Brock Agee	President, COO, Director	2017-06-01
0001644600-17-000110	1	Jose Gildo Beleski	Principal Executive Officer, Principal Financial Officer and Director	2017-06-01
0001644600-17-000110	2	Catherine Bunke	Principal Accounting Officer and Director	2017-06-01
0001644600-17-000110	3	Ana D'Arace	Director	2017-06-01
0001669191-17-000069	5	Dennis  Adamo	Board Member	2017-05-12
0001669191-17-000069	2	Dennis  Adamo	Principal Financial Officer	2017-05-12
0001669191-17-000069	3	Dennis  Adamo	Principal Accounting Officer	2017-05-12
0001669191-17-000069	4	V Owen  Bush	Board Member	2017-05-12
0001669191-17-000069	1	V Owen  Bush	Principal Executive Officer	2017-05-12
0001670254-17-000147	2	Stuart S. Shapiro	Founder and CEO	2017-06-01
0001670254-17-000147	1	Laurie Dolphin	Treasurer	2017-06-01
0001522456-17-000003	1	Richard Garriott de Cayeux	CEO & Creative Director	2017-05-23
0001665160-17-000205	1	Robert Smith III	CEO,CFO, Director	2017-05-30
0001669191-17-000068	1	Daniel Wielhouwer	Principal Executive Officer	2017-02-13
0001669191-17-000068	2	James Beeson	Principal Financial Officer	2017-02-13
0001669191-17-000068	3	James Beeson	Principal Accounting Officer	2017-02-13
0001669191-17-000068	4	James Beeson	Board Member	2017-02-13
0001669191-17-000068	5	Daniel Wielhouwer	Board Member	2017-02-13
0001670254-17-000145	1	Colleen Marie O'Connor	Founder and CEO	2017-05-26
0001670254-17-000143	1	Gene Frisco	CEO and Managing Member	2017-05-25
0001644600-17-000108	1	John Mullin	CEO, Principal Accounting Officer, Principal Financial Officer and Director	2017-05-26
0001670254-17-000139	2	Daniel J Kaplan	Board member	2017-05-25
0001670254-17-000141	4	Daris Rice	Director	2017-05-25
0001670254-17-000139	1	Morgan W Duffy	Director	2017-05-24
0001670254-17-000141	2	Brandon D. Fugal	Director	2017-05-25
0001670254-17-000141	1	William W Cawsey	Vice President/ Business Development	2017-05-24
0001670254-17-000141	3	Gerwin Martin	COO	2017-05-25
0001669191-17-000067	2	Joseph Monastiero	Principal Financial Officer	2017-03-13
0001669191-17-000067	1	Joseph Monastiero	Principal Executive Officer	2017-03-13
0001669191-17-000067	4	Joseph Monastiero	Board Member	2017-03-13
0001669191-17-000067	3	Joseph Monastiero	Principal Accounting Officer	2017-03-13
0001670254-17-000137	1	Teague Egan	Chief Chatter Officer	2017-05-24
0001665160-17-000204	1	Brock Agee	President, COO, Director	2017-05-24
0001665160-17-000201	1	Kate Nowlan	Founder/COO	2017-05-24
0001665160-17-000201	3	Kimberly Caccavo	CEO	2017-05-24
0001665160-17-000201	2	Ralene Cavataio	CFO	2017-05-24
0001665160-17-000199	1	Bryan Lorden	CEO	2017-05-23
0001665160-17-000199	2	Christian Broce	CTO	2017-05-23
0001644600-17-000105	1	C. David Kerpen	Chief Executive Officer, Chief Financial Officer, Principal Accounting Officer and Director	2017-05-23
0001706950-17-000003	1	Mychal Simka	Sole Manager, CEO, and President	2017-05-23
0001644600-17-000102	1	Michael Burtov	Chief Executive Officer and Director	2017-05-23
0001644600-17-000102	2	Richard Cuoto	Chief Financial Officer, Principal Accounting Officer	2017-05-23
0001665160-17-000197	1	John Askew	Executive Vice President	2017-05-22
0001665160-17-000197	2	Mark Scoggins	Chairman and CEO	2017-05-22
0001670254-17-000134	1	Martijn van Halen	CTO	2017-05-22
0001644600-17-000098	1	Dan Miller	Chief Executive Officer, Chief Financial Officer, Principal Accounting Officer and Director	2017-05-22
0001670254-17-000131	1	Hadar Eshel	CEO	2017-05-20
0001670254-17-000131	3	Tsur Yahav	CTO	2017-05-20
0001670254-17-000131	2	Lior Eliezer	Chairman	2017-05-20
0001665160-17-000194	1	Jason N. Garland	CEO	2017-05-22
0001670254-17-000128	1	William Matthew F. McKinstry	Co-Founder	2017-05-19
0001701417-17-000004	1	Arlene Utal	President of Utal Yoga Corporation, its manager	2017-05-19
0001701417-17-000004	2	Sheryl Utal	Vice President and Secretary of Utal Yoga Corporation, the manager	2017-05-19
0001644600-17-000096	1	Tyler Tate	CEO, President and Sole Director	2017-05-19
0001670254-17-000127	1	Marcus Slater	VP of Marketing	2017-05-02
0001670254-17-000127	2	Ted Muftic	CFO	2017-05-03
0001698596-17-000004	1	Ryan Clark	Manager	2017-05-19
0001670254-17-000125	1	Matt Crowley	VP	2017-05-01
0001670254-17-000126	1	Chris Yerbey	CEO	2017-05-17
0001695816-17-000001	1	/andy karuza/	CEO	2017-05-18
0001644600-17-000094	1	Tyler Tate	CEO, President and Sole Director	2017-05-18
0001691477-17-000006	1	Lynne Fleming	CEO	2017-05-18
0001691477-17-000005	1	Lynne Fleming	CEO	2017-05-18
0001694994-17-000010	2	/s/Ronald Scott	Chief Financial Officer	2017-05-18
0001694994-17-000010	1	/s/Alfonso J. Cervantes	Executive Chairman	2017-05-18
0001694994-17-000010	3	/s/Algie Hodges	President, Chief Executive Officer, Director	2017-05-18
0001694994-17-000009	2	/s/Ronald Scott	Chief Financial Officer	2017-05-18
0001694994-17-000009	1	/s/Alfonso J. Cervantes	Executive Chairman	2017-05-18
0001694994-17-000009	3	/s/Algie Hodges	President, Chief Executive Officer, Director	2017-05-18
0001706216-17-000001	1	/s/ Jordan Samson	Board	2017-05-17
0001665160-17-000193	1	Marielle Wardell	Vice President	2017-05-17
0001704250-17-000001	1	John Kang	Managing Member	2017-05-17
0001704250-17-000001	2	Cuong Mai	Director	2017-05-17
0001665160-17-000190	1	Deanna Hodges	President	2017-05-17
0001672227-17-000003	1	Michael Scillia	Corporate Secretary	2017-05-16
0001705130-17-000002	1	Jamie Migdal	CEO, CFO and Director	2017-05-16
0001213900-17-005172	1	/s/ AVIV HILLO	CEO	2017-05-09
0001695370-17-000003	2	Krystal Craig	Manager	2017-05-15
0001695370-17-000003	1	Ian Thurwachter	Manager	2017-05-15
0001687688-17-000005	1	Elizabeth Bambach	CEO	2017-05-15
0001669191-17-000066	6	Dave Dombroski	Board Member	2017-05-01
0001669191-17-000066	1	Alex Arata	Principal Executive Officer	2017-05-01
0001669191-17-000066	2	Andrew Austin	Principal Financial Officer	2017-05-01
0001669191-17-000066	3	Dave Dombroski	Principal Accounting Officer	2017-05-01
0001669191-17-000066	4	Alex Arata	Board Member	2017-05-01
0001665160-17-000187	1	Storm Sondors	Chief Electric Officer and CEO	2017-05-12
0001669191-17-000064	1	V Owen  Bush	Principal Executive Officer	2017-05-12
0001669191-17-000064	2	Dennis  Adamo	Principal Financial Officer	2017-05-12
0001669191-17-000064	3	Dennis  Adamo	Principal Accounting Officer	2017-05-12
0001669191-17-000064	4	V Owen  Bush	Board Member	2017-05-12
0001669191-17-000064	5	Dennis  Adamo	Board Member	2017-05-12
0001670254-17-000123	1	Marcus Slater	VP of Marketing	2017-05-02
0001670254-17-000123	2	Ted Muftic	CFO	2017-05-03
0001669191-17-000066	5	Andrew Austin	Board Member	2017-05-01
0001669191-17-000065	4	Joseph La Torre	Board Member	2017-05-12
0001669191-17-000065	3	Joseph La Torre	Principal Accounting Officer	2017-05-12
0001669191-17-000065	1	Joseph La Torre	Principal Executive Officer	2017-05-12
0001669191-17-000065	2	Joseph La Torre	Principal Financial Officer	2017-05-12
0001669191-17-000059	1	Jean Borno	Principal Executive Officer	2017-05-12
0001669191-17-000059	2	Jean Borno	Principal Financial Officer	2017-05-12
0001669191-17-000059	4	Jean Borno	Board Member	2017-05-12
0001669191-17-000059	3	Jean Borno	Principal Accounting Officer	2017-05-12
0001670254-17-000121	1	Michael J. Rosenberg	President	2017-05-12
0001665160-17-000186	2	Sunil Vallath	Founder and CEO	2017-05-12
0001665160-17-000186	1	Imad Samhat	V.P Operations	2017-05-12
0001665160-17-000186	3	Parvathy Sreekumar	Operations Associate	2017-05-12
0001644600-17-000091	3	Ronald Tribble	Director	2017-05-12
0001644600-17-000091	2	Jason Schmidt	CFO, Principal Accounting Officer and Director	2017-05-12
0001644600-17-000091	1	Philip Vidal	CEO and Director	2017-05-12
0001670254-17-000120	1	Alex Littlewood	Founder & CEO	2017-05-11
0001670254-17-000119	1	Eric Ralls	CEO	2017-05-09
0001706024-17-000002	2	Gary Starr	Director	2017-05-11
0001706024-17-000002	1	Patrick Sherwin	Chief Executive Officer	2017-05-11
0001670254-17-000118	1	Lizzy Boelter	Chef & Owner	2017-05-11
0001687688-17-000004	1	Elizabeth Bambach	CEO	2017-05-11
0001701604-17-000004	1	David Huth	Partner	2017-05-10
0001701604-17-000004	2	Stephen Deyton	Partner	2017-05-10
0001701604-17-000004	3	Jordan Sliz	Partner	2017-05-10
0001665160-17-000181	1	Diane Ashbee	Director of Marketing/Merchandising	2017-05-10
0001665160-17-000181	2	Richard Ashbee	President, Secretary, Treasurer and Director	2017-05-10
0001665160-17-000168	1	Imad Samhat	V.P Operations	2017-05-10
0001665160-17-000170	3	Parvathy Sreekunar	Operations Associate	2017-05-10
0001665160-17-000170	2	Imad Samhat	VP of Operations	2017-05-10
0001665160-17-000170	1	Sunil Vallath	CEO	2017-05-10
0001665160-17-000168	3	Parvathy Sreekumar	Operations Associate	2017-05-10
0001665160-17-000168	2	Sunil Vallath	Founder and CEO	2017-05-10
0001665160-17-000174	3	Parvathy Sreekumar	Operations Associate	2017-05-10
0001665160-17-000174	2	Sunil Vallath	Founder and CEO	2017-05-10
0001665160-17-000174	1	Imad Samhat	V.P Operations	2017-05-10
0001701604-17-000001	1	Sky Wegman	Member	2017-05-10
0001703108-17-000008	1	/s/ James Treneman	Manager	2017-05-10
0001691341-17-000008	1	/s/ Megan Summers	Manager	2017-05-10
0001691341-17-000008	2	/s/ Anthony Wood	Owner/Creative Director	2017-05-10
0001669191-17-000055	2	Michelle Fournier	Principal Financial Officer	2017-03-07
0001669191-17-000055	1	Michelle Fournier	Principal Executive Officer	2017-03-07
0001669191-17-000055	3	Michelle Fournier	Principal Accounting Officer	2017-03-07
0001670254-17-000116	1	Lizzy Boelter	Chef & Owner	2017-05-09
0001690888-17-000003	1	Arshad Hisham Acharathu Parakkatu Mahal	CEO	2017-05-09
0001696861-17-000002	2	Jonathan Brinsden	Director and Executive Vice President	2017-05-08
0001696861-17-000002	3	Stephen J. Bryant	Vice President	2017-05-08
0001665160-17-000165	2	Joseph Marcello	Board of Directors	2017-05-08
0001665160-17-000165	3	Sean Patrick Fahey	CEO	2017-05-08
0001696861-17-000002	1	Bradley R. Freels	Director and President	2017-05-08
0001665160-17-000165	1	Chris Kerzich	Board of Directors	2017-05-08
0001670254-17-000114	4	Geoffrey McDonnell O'Keeffe	Director	2017-05-04
0001670254-17-000114	3	Kimberly Anne Riether Coupounas	Director, B Lab	2017-05-04
0001670254-17-000114	2	Anne Marady	BoardifDirectors	2017-05-04
0001670254-17-000114	1	Thomas H Vogl, Jr	Board Member	2017-05-04
0001675554-17-000001	1	Preston Swincher	Chief Executive Officer	2017-05-08
0001705954-17-000001	1	Martha Hernandez	CEO, President, CFO and Director	2017-05-08
0001680041-17-000001	1	Margaret E. Wirth	Director	2017-05-08
0001669191-17-000051	2	Cherian Mathai	Principal Financial Officer	2017-01-30
0001669191-17-000051	5	Cherian Mathai	Board Member	2017-01-30
0001669191-17-000051	4	Ronald Andruff	Board Member	2017-01-30
0001669191-17-000051	3	Cherian Mathai	Principal Accounting Officer	2017-01-30
0001669191-17-000051	1	Ronald Andruff	Principal Executive Officer	2017-01-30
0001686564-17-000004	1	Kimberly Vaughan	Kimberly Vaughan	2017-05-08
0001670254-17-000112	1	Marcus Slater	VP of Marketing	2017-05-02
0001670254-17-000110	2	Nick A. Olivero	Managing Member	2017-05-03
0001670254-17-000107	1	Jared Heyman	CEO	2017-05-04
0001670254-17-000113	1	Surya Krishnan	CFO	2017-05-05
0001670254-17-000111	1	Geoffrey Libby	Managing Member	2017-05-02
0001670254-17-000111	2	Nick A. Olivero	Managing Member	2017-05-03
0001670254-17-000113	2	Gregory Weiss	CTO	2017-05-05
0001670254-17-000112	2	Ted Muftic	CFO	2017-05-03
0001670254-17-000110	1	Geoffrey Libby	Managing Member	2017-05-02
0001664957-17-000009	1	Martha Hernandez	CEO, President, CFO and Director	2017-05-05
0001670254-17-000104	1	Wilburn Kelly Hudson, Jr.	Executive Chairman	2017-05-04
0001670254-17-000104	2	Janice Dunn	Secretary	2017-05-04
0001705463-17-000001	2	/s/ Sarah Dubbeldam	Director and Chief Executive Officer	2017-05-04
0001705463-17-000001	1	/s/ Steve Dubbeldam	Director and President	2017-05-04
0001670254-17-000102	1	John B. Ottman, Jr.	Chairman	2017-05-03
0001670254-17-000102	2	Peter Schwartz	CFO	2017-05-05
0001644600-17-000089	1	Juhi Singh	Principal Executive Officer, Principal Accounting Officer, Principal Financial Officer and Director	2017-05-05
0001644600-17-000089	2	Deborah Adams	Director	2017-05-05
0001644600-17-000089	3	Neal Shenoy	Director	2017-05-05
0001625242-17-000015	1	Gordon Clements	Presidnet	2016-08-10
0001665160-17-000161	4	Dave Johnson	Chairman of the Board	2017-05-04
0001665160-17-000161	3	Cynthia Akey	Chief Operating Officer	2017-05-04
0001665160-17-000161	2	Karen Curtis	Chief Technology Officer	2017-05-04
0001670254-17-000100	1	Julian Martinez	Director of Marketing	2017-05-04
0001665160-17-000161	1	Angela Lee	CEO and Co Founder	2017-05-04
0001665160-17-000161	5	Jennifer Roe	CMO and Co-Founder	2017-05-04
0001644600-17-000087	1	David Scott	Principal Executive Officer and Director	2017-05-04
0001644600-17-000087	4	Michael Palitz	Director	2017-05-04
0001644600-17-000087	3	Maikao Grare	Principal Accounting Officer	2017-05-04
0001644600-17-000087	2	Michael Rome	Principal Financial Officer and Director	2017-05-04
0001670254-17-000098	1	Philip Klaparda	Chief Executive Officer, CFO, President, Secretary	2017-05-03
0001665160-17-000155	1	John Rooney	CEO	2017-05-03
0001665160-17-000155	2	Anthony Grega	CFO	2017-05-03
0001665160-17-000159	1	Sean D. Hale	Vice President and Co-Founder	2017-05-03
0001665160-17-000159	2	Laura Borland	President and Co-Founder	2017-05-03
0001669191-17-000049	1	Alex Arata	Principal Executive Officer	2017-05-01
0001669191-17-000049	2	Andrew Austin	Principal Financial Officer	2017-05-01
0001669191-17-000049	3	Dave Dombroski	Principal Accounting Officer	2017-05-01
0001669191-17-000049	4	Alex Arata	Board Member	2017-05-01
0001669191-17-000049	5	Andrew Austin	Board Member	2017-05-01
0001669191-17-000049	6	Dave Dombroski	Board Member	2017-05-01
0001644600-17-000085	4	Michael Palitz	Director	2017-05-03
0001644600-17-000085	3	Maikao Grare	Principal Accounting Officer	2017-05-03
0001644600-17-000085	2	Michael Rome	Principal Financial Officer and Director	2017-05-02
0001644600-17-000085	1	David Scott	Principal Executive Officer and Director	2017-05-03
0001644600-17-000083	1	Andrew Karuza	CEO, Principal Accounting Officer, Principal Financial Officer and Director	2017-05-03
0001644600-17-000083	2	Kyle Ellicott	Director	2017-05-03
0001670254-17-000096	1	Nick A. Olivero	Managing Member	2017-05-01
0001665160-17-000152	1	Emett Stone	CEO	2017-05-02
0001670254-17-000096	2	Geoffrey Libby	Managing Member	2017-05-01
0001665160-17-000153	3	Garrett Potter	CFO	2017-05-02
0001665160-17-000153	2	Matt Paulson	Co-Founder, CIO	2017-05-02
0001665160-17-000153	1	Ron Wilson	Co-Founder, CEO	2017-05-02
0001665160-17-000151	1	Matthew Godley	Founder and CEO	2017-05-02
0001705496-17-000001	1	Lu Yang	Managing Member	2017-04-28
0001665160-17-000150	1	Nathan Jauvtis	Principal Executive Officer and Director	2017-05-02
0001665160-17-000150	2	Josh Rasmussen	Co-Founder and CEO	2017-05-02
0001477932-17-002043	1	/s/ Timmu Toke	Chief Executive Officer and Director	2017-05-01
0001667014-17-000002	2	Jane Simon	Secretary/Treasurer	2017-05-02
0001667014-17-000002	1	John Lustina	President	2017-05-02
0001665160-17-000149	1	Carl George	CEO	2017-05-02
0001702939-17-000003	2	Trevor Harries Jones	Director	2017-05-02
0001702939-17-000003	1	Mark Hadfield	CEO and Director	2017-05-02
0001694994-17-000008	1	/s/Alfonso J. Cervantes	Executive Chairman	2017-05-02
0001493152-17-004639	1	/s/ Sandra Marlowe	Sandra Marlowe	2017-05-01
0001573591-17-000002	1	Jaden Levitt	Controller	2017-05-01
0001670254-17-000091	1	Joe Waltman	CEO	2017-05-01
0001670254-17-000091	2	Katherine van Ekert	COO	2017-05-01
0001670254-17-000094	1	Douglas Nguyen	Vice President	2017-04-27
0001670254-17-000094	2	Kiet Lu	Vice President	2017-04-27
0001670254-17-000094	3	Kevin Tran	IT Director	2017-04-27
0001670254-17-000094	4	Michael Tran	Marketing Director	2017-04-28
0001670254-17-000094	5	Tanya Flynn	Product Development Director	2017-04-28
0001670254-17-000094	6	Dat (Darren) Lu	CEO	2017-04-28
0001670254-17-000089	1	Antony Evans	CEO	2017-05-01
0001684972-17-000002	3	Adam Snyder	Manager	2017-05-01
0001684972-17-000002	2	Andre Wasserman	Manager	2017-05-01
0001684972-17-000002	1	Hugo Gamboa	Manager	2017-05-01
0001684972-17-000003	2	Thuy-My Luong	Chief Executive Officer	2017-05-01
0001684972-17-000003	1	Sandy Tran	Chief Financial Officer	2017-05-01
0001206774-17-001525	1	/s/ CARL GEORGE	CEO	2017-05-01
0001670254-17-000093	1	Chris Yerbey	Founder & CEO	2017-04-28
0001647869-17-000001	1	Abigail Edgecliffe-Johnson	Director, Chief Executive Officer	2017-05-01
0001694974-17-000003	1	/s/ James Shapiro	Manager and Principal Officer and Principal Accounting Officer	2017-05-01
0001665160-17-000148	1	Robert Colangelo	CEO and Founder Farmer	2017-05-01
0001644600-17-000080	1	Paul LaPorte	CEO and Director	2017-05-01
0001644600-17-000080	2	Taylor Myers	CTO and Director	2017-05-01
0001644600-17-000080	3	Ryan Fisher	COO and Director	2017-05-01
0001684972-17-000001	1	Jessica Hughes	Manages	2017-05-01
0001670254-17-000088	1	Edward Raskin	VP Benefit Officer, Board Member	2017-05-01
0001670254-17-000088	2	Jeff Hitchcock	Board Member, Public Benefit Director	2017-05-01
0001670254-17-000088	3	Gilbert Clarke	VP, Chief Financial Officer & Treasurer	2017-05-01
0001699129-17-000002	1	Tarik Khribech	CEO	2017-02-28
0001674180-17-000002	3	William Steakly	Member	2017-05-01
0001674180-17-000002	1	Michael Dickson	Member	2017-05-01
0001674180-17-000002	2	Antonio T. Madrid	Member	2017-05-01
0001678705-17-000001	2	Chintalapati Ray	CTO	2017-05-01
0001678705-17-000001	1	William Bonhorst	CEO, President Treasurer, Secretary	2017-05-01
0001691774-17-000003	1	Kris Hardy	Managing Member, Zebo LLC	2017-04-30
0001691774-17-000003	2	John Long	Managing Member, Zebo LLC	2017-04-30
0001690042-17-000002	1	Joseph E. Shatara	CCO/Acting CFO	2017-04-30
0001690042-17-000002	2	Ibrahim Batshon	CEO	2017-04-30
0001690909-17-000003	1	Aristotle Loumis	Director	2017-05-01
0001690909-17-000003	2	Ravi Patel	Director	2017-05-01
0001647487-17-000002	1	Pia Carusone	Owner	2017-04-30
0001697047-17-000004	1	/s/ Michael Mindes	CEO, Co-Founder	2017-05-01
0001691774-17-000002	2	/s/ Kris Hardy	Managing Partner	2017-05-01
0001691774-17-000002	1	/s/ John Long	Managing Partner	2017-05-01
0001696993-17-000003	1	/s/ Chingyen Chang	CEO, President and Treasurer	2017-05-01
0001644600-17-000079	1	Robert Smith III	CEO, CFO, Director	2017-05-01
0001684715-17-000001	1	Amrita Karnani	President	2017-05-01
0001664526-17-000003	1	Brian Monnin	CEO	2017-04-30
0001571049-17-004254	1	/s/ Brock Agee	President, COO, Director	2017-05-01
0001676480-17-000001	1	Ali Sabzevari	Manager	2017-05-01
0001676480-17-000001	2	Jacob Maddux	Owner	2017-05-01
0001656615-17-000003	1	Jason N. Garland	Chief Executive Officer	2017-05-01
0001144204-17-023611	1	/s/ Matthew Godley	Founder & CEO	2017-05-01
0001644600-17-000077	2	Garrett Potter	CFO	2017-05-01
0001644600-17-000077	1	Matt Paulson	Co-Founder, CIO	2017-05-01
0001611945-17-000002	1	J. Todd Coleman	CEO	2017-04-30
0001674421-17-000002	1	Linda S. Losey	Class A Member	2017-04-30
0001674421-17-000002	2	Thomas J. Kiefer	Class A Member	2017-04-30
0001674421-17-000002	3	Robert H. Losey	Class A Member	2017-04-30
0001699129-17-000001	1	Tarik Khribech	CEO	2017-03-28
0001665160-17-000147	1	Robert Smith, III	CEO, CFO, Secretary	2017-05-01
0001644600-17-000074	1	Brandon Jason Austin	Chief Executive Officer and Director	2017-05-01
0001684220-17-000002	1	Jennifer Kassan	President	2017-04-28
0001679373-17-000002	1	Scott Stewart Thompson	Director	2017-05-01
0001679373-17-000002	2	Brandi Leanne Decarli	Director	2017-05-01
0001679372-17-000001	1	Ash Kumra	President	2017-05-01
0001688072-17-000002	1	Eve Peters	President, CEO and Director	2017-05-01
0001688786-17-000001	1	/David Mayman/	CEO	2017-05-01
0001699630-17-000006	1	Marcie McGovern	Manager	2017-05-01
0001693526-17-000006	1	Noel Gonzalez	President and CEO; Sole Director	2017-05-01
0001693526-17-000006	2	Leonard Chapman	Chief Operating Officer	2017-05-01
0001665160-17-000146	2	Marielle Wardell	Vice President	2017-04-28
0001704461-17-000001	1	Jon Underwood	Manager	2017-04-28
0001669191-17-000045	1	MJ Cartwright	Principal executive officer, principal financial officer, principal accounting officer, board member	2017-04-28
0001669191-17-000045	2	James Prescott	board member	2017-04-28
0001669191-17-000045	3	Ted Dacko	board member	2017-04-28
0001670254-17-000084	3	Terra Ayers	Vice President of Operations	2017-04-28
0001670254-17-000084	4	Bruce McCaul	Director	2017-04-28
0001669191-17-000046	1	Jeffrey Schattner	Principal executive officer, principal financial officer, principal accounting officer, board member	2017-04-28
0001669191-17-000046	2	David Pinkney	board member	2017-04-28
0001670254-17-000084	1	Freeman Ford	Founder & Chairman	2017-04-28
0001665160-17-000146	1	Elliott Johnson	CEO	2017-04-28
0001670254-17-000085	1	Heather Gillette	CEO	2017-04-28
0001670254-17-000079	4	Lesa May	Controller	2017-04-28
0001670254-17-000079	3	Joey Lee Skinner	Chief Operating Officer (COO)	2017-04-28
0001670254-17-000079	2	Braden Ellis	CRO	2017-04-28
0001670254-17-000079	1	Jerry Ropelato	CEO	2017-04-28
0001206774-17-001500	1	/s/ CARL GEORGE	CEO	2017-04-28
0001669191-17-000047	1	Andy Fox	Principal executive officer, principal financial officer, principal account officer, director	2017-04-28
0001665160-17-000145	5	Jennifer Roe	CMO / Co-Founder	2017-04-28
0001665160-17-000145	4	Dave Johnson	Chairman of the Board	2017-04-28
0001665160-17-000145	3	Cynthia Akey	Chief Operating Officer	2017-04-28
0001665160-17-000145	2	Karen Curtis	Chief Technology Officer	2017-04-28
0001665160-17-000145	1	Angela Lee	CEO and Co Founder	2017-04-28
0001670254-17-000082	1	Michael De Santis	Managing Partner	2017-04-28
0001670254-17-000081	1	Stacy Lowery	President	2017-04-28
0001670254-17-000084	2	Phil DelNegro	VP of Sales and Marketing	2017-04-28
0001665160-17-000144	1	Jason Garland	CEO	2017-04-28
0001670254-17-000078	3	Rodney C Jones	V.P. New Product Launch & Marketing	2017-04-25
0001670254-17-000078	2	George McFarland	Owner	2017-04-25
0001670254-17-000078	1	Charles Powell	President and CEO	2017-04-25
0001670254-17-000076	1	Kurt Charron	President	2017-04-27
0001690888-17-000002	1	Arshad Hisham Acharathu Parakkatu Mahal	CEO	2017-04-28
0001656615-17-000002	1	Jason N. Garland	Chief Executive Officer	2017-04-28
0001670254-17-000074	3	Jonathon D. Gins	Co-founder / COO / Brewer	2017-04-28
0001670254-17-000074	6	Char Hu	Director	2017-04-28
0001670254-17-000074	5	Elena White	Director	2017-04-28
0001670254-17-000074	2	Amy Everhart	Director	2017-04-28
0001670254-17-000074	4	Clifton Olle	Director	2017-04-28
0001670254-17-000074	1	Ian Davis	CEO	2017-04-28
0001670254-17-000073	2	Christopher Whidden	Brand Manager	2017-04-27
0001670254-17-000073	1	Josephine Naehalani Breeland	Secretary	2017-04-25
0001694994-17-000006	1	/s/Alfonso J. Cervantes	Executive Chairman	2017-04-28
0001694994-17-000006	3	/s/Algie Hodges	President, Chief Executive Officer, Director	2017-04-28
0001694994-17-000006	2	/s/Ronald Scott	Chief Financial Officer	2017-04-28
0001672227-17-000002	1	Michael Scillia	Corporate Secretary	2017-04-28
0001644600-17-000071	1	Bryan Pate	CEO	2017-04-28
0001644600-17-000071	2	Brent Teal	CTO and Co Founder	2017-04-28
0001644600-17-000069	1	Sandro Tuzzo	Principal Executive Officer, Principal Accounting Officer, Principal Financial Officer and Director	2017-04-28
0001670254-17-000072	1	David Needham	CEO	2017-03-14
0001651835-17-000001	5	Rebecca White	Director	2017-04-28
0001651835-17-000001	2	David Haynes	Director	2017-04-28
0001651835-17-000001	1	Kevin L. Cash	Director	2017-04-28
0001651835-17-000001	3	Blake Squires	Director	2017-04-28
0001651835-17-000001	4	John Stahl	Director	2017-04-28
0001669191-17-000044	1	John Fanning Jr	Principal Executive Officer	2017-04-27
0001669191-17-000042	1	John Fanning Jr	Principal Executive Officer	2017-04-27
0001644600-17-000067	1	Stephanie Lawrence	Co-Chief Executive Officer and Director	2017-04-28
0001644600-17-000067	2	Aashi Vel	Co-Chief Executive Officer and Director	2017-04-28
0001693526-17-000005	2	Leonard Chapman	Chief Operating Officer	2017-04-27
0001693526-17-000005	1	Noel Gonzalez	President and CEO; Sole Director	2017-04-27
0001665160-17-000143	1	Angela Lee	CEO	2017-04-27
0001656615-17-000001	1	Jason N. Garland	Chief Executive Officer	2017-04-27
0001665160-17-000142	2	Tommaso Gecchelin	CTO	2017-04-27
0001665160-17-000142	1	Emmanuele Spera	CEO	2017-04-27
0001665160-17-000140	1	Wade Keech	CEO and Philanthropic Spirit	2017-04-26
0001670254-17-000070	1	John McDougall	Co-Founder/chief creative officer	2017-03-22
0001670254-17-000069	1	Ray Chintalapati	CTO	2017-03-30
0001670254-17-000071	1	Bernard Loyd	President	2017-04-26
0001665160-17-000139	1	David Mayman	CEO	2017-04-26
0001701418-17-000005	1	/s/ Kalen Barker	Board Member	2017-04-26
0001701418-17-000005	2	/s/ Bryant Callahan	Board Member	2017-04-26
0001683872-17-000004	1	/Storm Sondors/	CEO	2017-04-26
0001691477-17-000004	1	Lynne Fleming	CEO	2017-04-26
0001704091-17-000001	1	Jonathan Tate	Member	2017-04-25
0001691341-17-000007	2	/s/ Anthony Wood	Owner/Creative Director	2017-04-25
0001691341-17-000007	1	/s/ Megan Summers	Manager	2017-04-25
0001703108-17-000007	1	/s/ James Treneman	Manager	2017-04-25
0001670254-17-000068	2	Surya Krishnan	CFO	2017-04-24
0001670254-17-000066	1	Alan Safahi	CEO	2017-04-20
0001670254-17-000068	1	Gregory Weiss	CTO	2017-04-24
0001644600-17-000064	1	Paul Scanlan	Co-Founder, Chief Executive Officer, Chief Financial Officer and Director	2017-04-24
0001644600-17-000064	2	Jeff Annison	President and Director	2017-04-24
0001670254-17-000065	1	Anna Somogyi (aka Aniko Somogyi)	Vice President	2017-04-17
0001670254-17-000064	1	Anna Somogyi (aka Aniko Somogyi)	Vice President	2017-04-17
0001693725-17-000001	1	/s/ Liam Hayden	Board Member	2017-04-24
0001670254-17-000062	2	Tomasz Odrobinski	Vp	2017-04-20
0001670254-17-000062	1	Robert W Blanchard	Web Developer	2017-04-20
0001691942-17-000004	1	Nat Mundel	Chief Executive Officer and Director	2017-04-21
0001644600-17-000062	2	David Vatz	Principal Accounting Officer, Principal Financial Officer and Director	2017-04-21
0001644600-17-000062	1	Christian Jennewein	Principal Executive Officer	2017-04-21
0001670254-17-000060	1	Anna Somogyi (aka Aniko Somogyi)	Vice President	2017-04-17
0001695260-17-000005	1	Byron Holmes	CEO	2017-04-21
0001670254-17-000058	5	Basil R. Twist, Jr.	Director	2017-04-19
0001670254-17-000058	11	Andrew Wilson	CFO	2017-04-18
0001670254-17-000058	10	jonathan budd	ceo	2017-04-18
0001670254-17-000058	9	Andrea Budd	VP of Operations	2017-04-18
0001670254-17-000058	8	VaNessa Duplessie	VP, Field Operations	2017-04-18
0001670254-17-000058	7	James Harrison Bunch	President	2017-04-18
0001670254-17-000058	1	Richard Hoskins	Director	2017-04-20
0001670254-17-000058	2	Rick Hou	Chief Product Officer	2017-04-19
0001670254-17-000058	3	Henrik Rosendahl	Investors	2017-04-19
0001670254-17-000058	4	Paul Walker	CTO	2017-04-19
0001670254-17-000058	6	Robert Smith	VP of Sales	2017-04-19
0001703991-17-000001	1	Grant Chaput	Secretary	2017-04-20
0001665160-17-000138	2	Ramzi Samir Hajj	President	2017-04-20
0001665160-17-000138	1	Ramzi S. Hajj	President	2017-04-20
0001665160-17-000135	1	Helena Fogarty	CEO and Founder	2017-04-20
0001683872-17-000001	1	/Storm Sondors/	Chief Executive Officer	2017-04-20
0001665160-17-000137	1	Arshad Hisham	CEO and Founder	2017-04-20
0001665160-17-000132	1	Ramzi S. Hajj	President,CEO	2017-04-20
0001703784-17-000001	1	Daniel L Stanton	CEO President	2017-04-20
0001665160-17-000129	1	Emmanuele Spera	CEO	2017-04-20
0001665160-17-000129	2	Tommaso Gecchelin	CTO	2017-04-20
0001704205-17-000002	1	Kirk Kjellberg	CEO	2017-04-19
0001674439-17-000006	1	Ralf-Rainer von Albedyhll	CEO	2017-04-19
0001701417-17-000003	2	Sheryl Utal	Vice President and Secretary of Utal Yoga Corporation, the manager	2017-04-19
0001701417-17-000003	1	Arlene Utal	President of Utal Yoga Corporation, the manager	2017-04-19
0001691477-17-000003	1	Lynne Fleming	CEO	2017-04-18
0001670254-17-000057	3	Fares Ksebati	CEO	2017-04-17
0001670254-17-000057	1	Michael Allon	Co-Founder	2017-04-17
0001670254-17-000057	2	Adam Oxner	Co-Founder	2017-04-17
0001644600-17-000059	2	David Vatz	Principal Accounting Officer, Principal Financial Officer and Director	2017-04-17
0001644600-17-000059	1	Christian Jennewein	Principal Executive Officer	2017-04-17
0001644600-17-000056	1	Brandon Jason Austin	Chief Executive Officer and Director	2017-04-14
0001665160-17-000125	4	Houshang Jalili	CFO, Director, Secretary	2017-04-14
0001665160-17-000125	3	Eemaan Jalili	CEO	2017-04-14
0001665160-17-000125	2	Monir Jalili	Director	2017-04-14
0001665160-17-000125	1	Houshang Jalili	Secretary, CFO and Director	2017-04-14
0001695260-17-000004	1	Byron Holmes	CEO	2017-04-14
0001695260-17-000003	1	Byron Holmes	CEO	2017-04-14
0001669191-17-000040	1	Herbert Gibson	Principal Executive Officer	2017-01-09
0001669191-17-000040	4	Herbert Gibson	Board Member	2017-01-09
0001669191-17-000040	3	Herbert Gibson	Principal Accounting Officer	2017-01-09
0001669191-17-000040	2	Herbert Gibson	Principal Financial Officer	2017-01-09
0001703108-17-000006	1	/s/ James Treneman	Manager	2017-04-13
0001691341-17-000006	2	/s/ Anthony Wood	Owner/Creative Director	2017-04-13
0001691341-17-000006	1	/s/ Megan Summers	Manager	2017-04-13
0001680382-17-000004	1	Jacob N. Maaga	Chief Executive Officer	2017-04-13
0001697680-17-000001	1	Thom Gambaro	Member	2017-04-12
0001670254-17-000056	4	Kiet Lu	Vice President Of Operations	2017-04-11
0001670254-17-000056	3	Darren Dat Lu	CEO	2017-04-11
0001670254-17-000056	2	Douglas Nguyen	Vice President	2017-04-12
0001670254-17-000056	1	Michael Tran	Marketing Director	2017-04-12
0001670254-17-000056	5	Kevin Tran	IT Director	2017-04-11
0001687688-17-000002	1	Elizabeth Bambach	CEO/President	2017-04-12
0001665160-17-000122	7	David Willis	President	2017-04-11
0001665160-17-000122	5	Jenna Park	Associate Producer	2017-04-11
0001665160-17-000122	4	Tom Shell	Line Producer	2017-04-11
0001665160-17-000122	3	Donald Markowitz	Composer	2017-04-11
0001665160-17-000122	2	Geralyn Flood	Casting Director / Producer	2017-04-11
0001665160-17-000122	1	David Willis	Director / Writer / Producer	2017-04-11
0001665160-17-000122	6	Katherine Botts	Associate Producer	2017-04-11
0001665160-17-000119	1	Charles Manning	Co-Founder, Director	2017-04-11
0001665160-17-000119	4	Charles Manning	Director/Founder	2017-04-11
0001665160-17-000119	3	JD Claridge	President/CEO	2017-04-11
0001665160-17-000119	2	Kevin Nichols	CFO	2017-04-11
0001703108-17-000005	1	/s/ James Treneman	Manager/Owner	2017-04-11
0001674199-17-000001	1	Robert Nathanson	President	2017-04-10
0001699583-17-000001	1	Robert J McCarthy	Vice President	2017-04-10
0001670254-17-000054	4	Gaurav Chandra	Vice President Research and Development	2017-04-07
0001670254-17-000054	3	Joseph P. Cotropia, M.D.	President/CSO	2017-04-08
0001670254-17-000054	2	Paul D. Fellegy	Treasurer	2017-04-09
0001670254-17-000054	1	Seth Sheiner	Vice President Business and Scientific Development	2017-04-10
0001665160-17-000115	1	Josh Rasmussen	Co-Founder and CEO	2017-04-10
0001665160-17-000115	2	Nathan Jauvtis	Principal Executive Officer and Director	2017-04-10
0001691341-17-000005	2	/s/ Anthony Wood	Owner/Creative Director	2017-04-10
0001691341-17-000005	1	/s/ Megan Summers	Manager	2017-04-10
0001703108-17-000003	1	/s/ James Treneman	Owner	2017-04-10
0001703108-17-000001	1	/s/ James Treneman	Owner	2017-04-07
0001691341-17-000004	2	/s/ Anthony Wood	Owner/Creative Director	2017-04-07
0001691341-17-000004	1	/s/ Megan Summers	Manager	2017-04-07
0001676858-17-000003	1	/s/ Philip Petraca	CEO & Founder	2017-04-07
0001695260-17-000001	1	Byron Holmes	CEO	2017-04-07
0001701417-17-000001	1	Arlene Utal	Arlene Utal, President of Utal Yoga Corporation, the manager	2017-04-07
0001701417-17-000001	2	Sheryl Utal	Sheryl Utal, Vice President and Secretary of Utal Yoga Corporation, the manager	2017-04-07
0001644600-17-000055	1	John Mullin	CEO, Principal Accounting Officer, Principal Financial Officer and Director	2017-04-06
0001701184-17-000003	1	Sky Wegman	Member	2017-04-06
0001644600-17-000053	1	David Scott	Principal Executive Officer and Director	2017-04-06
0001644600-17-000053	4	Michael Palitz	Director	2017-04-06
0001644600-17-000053	2	Michael Rome	Principal Financial Officer and Director	2017-04-06
0001644600-17-000053	3	Maikao Grare	Principal Accounting Officer	2017-04-06
0001699213-17-000001	2	Paul Friedman	Chief Chef	2017-04-06
0001699213-17-000001	1	Michael Tran	Chief Executive Officer	2017-04-06
0001699213-17-000001	3	Thomas Nguyen	Chief Marketing Officer	2017-04-06
0001702516-17-000002	1	Walter Paulsen	CEO	2017-04-05
0001702939-17-000001	2	Trevor Harries-Jones	Board Director	2017-04-05
0001702939-17-000001	1	Mark Hadfield	CEO	2017-04-05
0001665160-17-000112	1	Marielle Wardell	Vice President	2017-04-05
0001670254-17-000053	1	Alex Littlewood	Founder & CEO	2017-04-03
0001665160-17-000112	2	Elliott Johnson	CEO	2017-04-05
0001702248-17-000002	1	Geoffrey Zawolkow	CEO	2017-04-05
0001702248-17-000002	2	Daniel Paley	EVP Engineering	2017-04-05
0001670254-17-000050	3	Ted Muftic	CFO	2017-04-04
0001670254-17-000050	4	Keith E Alessi	DIRECTOR	2017-04-05
0001670254-17-000050	2	Melissa Salyer	Executive VP Franchise Opportunities	2017-04-04
0001670254-17-000050	1	Marcus Slater	VP of Marketing	2017-04-04
0001687516-17-000001	1	Jonathan Ofir	CEO	2017-03-31
0001702179-17-000001	1	Adam Honig	Chief Executive Officer	2017-04-05
0001701184-17-000001	1	Sky Wegman	Member	2017-04-05
0001644600-17-000050	2	James Edward Lucas	Principal Accounting Officer, Principal Financial Officer and Director	2017-04-04
0001644600-17-000050	4	William Richard Briant	Director	2017-04-04
0001644600-17-000050	3	Andy Hani Sassine	Chairman	2017-04-04
0001644600-17-000050	1	Perry Patrick Teevens	CEO and Director	2017-04-04
0001684321-17-000003	1	Christy J. Jepson	Manager	2017-04-04
0001684321-17-000002	1	Christy J. Jepson	Manager	2017-04-04
0001644600-17-000046	1	John Mullin	Principal Executive Officer, Principal Accounting Officer, Principal Financial Officer and Director	2017-04-04
0001644600-17-000044	1	Deborah Goldberg	CEO, Principal Accounting Officer, Principal Financial Officer and Director	2017-04-04
0001665160-17-000109	5	Brig Taylor	CEO	2017-04-04
0001665160-17-000109	4	Cameron Diegle	Financial Controller	2017-04-04
0001665160-17-000109	3	Navi Singh	Chief Financial Officer	2017-04-04
0001665160-17-000109	2	Rick Lilley	Chief Operations Officer	2017-04-04
0001665160-17-000109	1	Michelle Taylor	President & Creative Director	2017-04-04
0001665160-17-000106	2	Walt Maclay	Interim CTO	2017-04-03
0001665160-17-000106	1	Amel Hill	Contract Patent Engineer	2017-04-03
0001665160-17-000104	3	Christian Broce	CTO	2017-04-03
0001665160-17-000104	2	Bryan Lorden	CEO	2017-04-03
0001665160-17-000104	1	Christian Broce	CTO	2017-04-03
0001665160-17-000106	3	Cindy Godley	Corporate Secretary	2017-04-03
0001644600-17-000040	1	Cary Breese	Principal Executive Officer, Principal Accounting Officer, Principal Financial Officer and Director	2017-04-03
0001644600-17-000040	2	Sumeet Sheokand	Director	2017-04-03
0001644600-17-000037	1	Colin Roche	CEO and Director	2017-04-03
0001644600-17-000037	2	Leandro Vera	Principal Accounting Officer, Principal Financial Officer and Director	2017-04-03
0001664957-17-000008	1	Desiree Vargas Wrigley	Director, Chief Executive Officer, President and Chief Financial Officer	2017-04-03
0001664957-17-000008	2	Sam Yagan	Director and Chairman of the Board	2017-04-03
