ACCESSION_NUMBER	ID	PERSONSIGNATURE	PERSONTITLE	SIGNATUREDATE
0001691877-17-000004	1	Manny Fernandez	CEO	2017-09-29
0001712427-17-000004	1	/s/ Michael Schieck	Board Member	2017-09-29
0001710332-17-000003	1	Henry Deutsch	Director	2017-09-28
0001710332-17-000003	2	Bryce Fisher	Director	2017-09-28
0001665160-17-000454	3	Glendon Luettgerodt	CTO and Manager, Director	2017-09-28
0001665160-17-000454	2	Alex Bean	CEO and Manager, Principal Executive Officer and Director	2017-09-28
0001665160-17-000451	1	Peter F Travers	CEO and Managing Member, Principal Financial Officer and Principal Accounting Officer	2017-09-28
0001670254-17-000268	1	Benjamin Bondar	CEO & Founder	2017-09-28
0001665160-17-000454	1	George Cady	CFO and Manager, Principal Financial Officer and Principal Accounting Officer	2017-09-28
0001665160-17-000446	1	David Weksel	CEO, Principal Executive Officer and Director, Principal Financial Officer and Principal Accounting Officer	2017-09-28
0001665160-17-000444	2	Mark Scoggins	Chairman and CEO	2017-09-28
0001665160-17-000444	1	John Askew	Executive Vice President	2017-09-28
0001665160-17-000441	1	Charles Zwebner	CEO, Principal Executive Officer, Principal Financial Officer and Principal Accounting Officer	2017-09-27
0001670254-17-000266	1	Matt Hyder	CEO	2017-09-20
0001665160-17-000439	1	Saiful Khandaker	Principal Executive Officer, Financial Controller, Principal Financial Officer, Director	2017-09-27
0001665160-17-000437	1	Cornell Christianson	CEO, Principal Executive Officer and Director, Principal Financial Officer and Principal Accounting Officer	2017-09-27
0001665160-17-000434	1	Carey Ray Martell	President, Principal Executive Officer and Director, Principal Financial Officer and Principal Accounting Officer	2017-09-27
0001665160-17-000431	1	Rubin Rodriguez Jr.	CEO, Principal Executive Officer and Director, Principal Financial Officer and Principal Accounting Officer	2017-09-27
0001665160-17-000428	1	Tim Bradford	CTO/Director	2017-09-27
0001665160-17-000426	1	Aike Muller	Principal Executive Officer and President	2017-09-26
0001665160-17-000426	2	Friso Schmid	Principal Executive Officer and Director, Principal Financial Officer and Principal Accounting Officer	2017-09-26
0001670254-17-000264	2	Jeff Thramann	Founder & Chairman of the Board	2017-09-21
0001670254-17-000264	1	Michael T. Lawless	CEO	2017-09-21
0001717605-17-000001	1	/s/ J. Dakin Cranwell, Jr	Board Member	2017-09-26
0001665160-17-000424	1	Marlin Miller	CFO and Principal Accounting Officer	2017-09-26
0001665160-17-000424	2	Randy Paynter	CEO and Board Director	2017-09-26
0001665160-17-000424	3	Gerald Marxman	Board Director	2017-09-26
0001665160-17-000424	4	Frank Kocsis	Board Director	2017-09-26
0001670254-17-000262	1	Elias Chavando	President & CEO	2017-09-18
0001665160-17-000422	1	Dontra Hughes	Principal Executive Officer and Director, Principal Accounting Officer, Principal Financial Officer	2017-09-26
0001670254-17-000261	4	Jerry Ropelato	Chief Executive Officer	2017-09-21
0001670254-17-000261	2	Joey Skinner	Chief Operating Officer	2017-09-21
0001670254-17-000261	1	Braden Ellis	CRO	2017-09-21
0001670254-17-000261	3	Lesa May	Controller	2017-09-21
0001669191-17-000139	3	Matthew Gira	Principal Accounting Officer	2017-09-25
0001669191-17-000139	2	Matthew Gira	Principal Financial Officer	2017-09-25
0001669191-17-000139	1	Matthew Gira	Principal Executive Officer	2017-09-25
0001665160-17-000421	1	Alice Crisci	Principal Executive Officer and Director, Principal Financial Officer, Principal Accounting Officer	2017-09-25
0001665160-17-000419	1	Neil Patel	Chief Executive Officer, Principal Executive Officer and Director, Principal Financial Officer and Principal Accounting Officer	2017-09-25
0001669191-17-000138	1	William Overhulser	Principal Executive Officer	2017-09-19
0001669191-17-000138	2	William Overhulser	Principal Financial Officer	2017-09-19
0001608695-17-000005	1	Brendon Strause	Co-founder	2017-09-25
0001665160-17-000420	2	Perry Christensen	Principal Financial Officer and Principal Accounting Officer	2017-09-25
0001665160-17-000420	1	Claire Roberts	Principal Executive Officer and Director	2017-09-25
0001665160-17-000420	4	Jeff Davis	Director	2017-09-25
0001665160-17-000420	3	Yuri Pikover	Director	2017-09-25
0001669191-17-000131	3	Matthew Gira	Principal Accounting Officer	2017-09-25
0001669191-17-000131	2	Matthew Gira	Principal Financial Officer	2017-09-25
0001669191-17-000131	1	Matthew Gira	Principal Executive Officer	2017-09-25
0001669191-17-000138	3	William Overhulser	Principal Accounting Officer	2017-09-19
0001669191-17-000138	4	William Overhulser	Board Member	2017-09-19
0001669191-17-000138	5	Gerald  Smith	Board Member	2017-09-20
0001717615-17-000003	1	/s/ Kevin Fitzgerald	Managing Director/CFO	2017-09-25
0001717615-17-000003	2	/s/ Richard Meigs	Managing Director	2017-09-25
0001717615-17-000003	3	/s/ William T. Hough Jr.	Chairman	2017-09-25
0001717615-17-000003	4	/s/ Robert Francis	Managing Director/CEO	2017-09-25
0001665160-17-000418	2	John Askew	Executive Vice President	2017-09-25
0001665160-17-000418	1	Mark Scoggins	Chairman and CEO	2017-09-25
0001640709-17-000008	1	Payam Safa	Director	2017-09-25
0001640709-17-000007	1	Payam Safa	Director	2017-09-25
0001716462-17-000001	3	Angela Blatteis	Director & CFO	2017-09-25
0001716462-17-000001	2	Jesse Langley	CEO	2017-09-25
0001716462-17-000001	1	Greg Davis	CMO	2017-09-25
0001716462-17-000001	4	Vivienne Vella	Director	2017-09-25
0001665160-17-000416	2	Michael Machat	CEO, Principal Executive Officer and Director, Principal Financial Officer and Principal Accounting Officer	2017-09-22
0001665160-17-000416	1	Lisa Machat	Director	2017-09-22
0001665160-17-000414	1	Robert Smith III	CEO,CFO, Director	2017-09-22
0001665160-17-000413	1	David Laiderman	Principal Executive Officer and Director, Principal Financial Officer, and Principal Accounting Officer	2017-09-22
0001711471-17-000005	1	Martez Malone	Managing Member	2017-09-21
0001717615-17-000002	1	/s/ Kevin Fitzgerald	Managing Director/CFO	2017-09-21
0001717615-17-000002	2	/s/ Richard Meigs	Managing Director	2017-09-21
0001717615-17-000002	3	/s/ William T. Hough Jr.	Chairman	2017-09-21
0001717615-17-000002	4	/s/ Robert Francis	Managing Director/CEO	2017-09-21
0001711429-17-000005	1	Earl Benjamin	President, CEO	2017-07-06
0001684321-17-000007	1	Christy J. Jepson	Manager	2017-09-21
0001665872-17-000004	1	Lu Yang	Managing Partner	2017-09-21
0001711429-17-000004	1	Earl Benjamin	President, CEO	2017-07-06
0001665160-17-000411	1	Mark Lyle	CEO, CTO, Principal Executive Officer and Director, Principal Financial Officer and Principal Accounting Officer	2017-09-21
0001665160-17-000411	2	Chris Ladwig	Chief Design Officer and Director	2017-09-21
0001669191-17-000128	1	Jessica Hyejin Lee	Principal Executive Officer	2017-09-17
0001669191-17-000128	2	Jessica Hyejin Lee	Principal Financial Officer	2017-09-17
0001669191-17-000128	3	Jessica Hyejin Lee	Principal Accounting Officer	2017-09-17
0001669191-17-000128	4	Jessica Hyejin Lee	Board Member	2017-09-17
0001665160-17-000408	1	Ian LeWinter	President	2017-09-20
0001665160-17-000408	2	Bryan Hertz	Executive Chairman	2017-09-20
0001665160-17-000408	3	Bob Giargiari	Chief Financial Officer	2017-09-20
0001665160-17-000408	4	Patrick Read Johnson	EVP Development	2017-09-20
0001665160-17-000408	10	Kevin Hertz	Chief Technology Consultant	2017-09-20
0001665160-17-000408	6	Corey Hertz	Chief Product Officer	2017-09-20
0001665160-17-000408	7	Don Richmond	Chief Creative Officer	2017-09-20
0001665160-17-000408	8	Elvis Williams	VP, Sound	2017-09-20
0001665160-17-000408	9	Chris J. Davis	Chief Technology Officer	2017-09-20
0001665160-17-000408	5	Peter Bowers	Chief Content Officer	2017-09-20
0001716456-17-000004	2	/s/ Howard Carpenter	Board Member	2017-09-19
0001716456-17-000004	1	/s/ Peter Kaufman	Board Member	2017-09-19
0001649856-17-000002	4	Bradley Harrison	Board of Director	2017-09-19
0001649856-17-000002	3	Todd Horowitz	Board of Director	2017-09-19
0001649856-17-000002	2	Mrinali Vaswani	CFO & COO	2017-09-19
0001649856-17-000002	1	Edward B. Hopper, III	CEO	2017-09-19
0001649856-17-000002	5	Ray Rastelli	Board of Director	2017-09-19
0001716954-17-000007	1	Gary Paul Jurman	President	2017-09-17
0001665160-17-000407	1	Michael Burtov	Chief Executive Officer	2017-09-18
0001670254-17-000260	5	Ian Schuster	CEO	2017-09-13
0001670254-17-000260	4	Murty Chennubhotla	President	2017-09-13
0001670254-17-000260	3	Darron Rolfe Brackenbury	Non Executive Director	2017-09-13
0001670254-17-000260	2	Atul Madne	COO	2017-09-13
0001665160-17-000407	2	Richard Cuoto	Chief Financial Officer, Principal Accounting Officer	2017-09-18
0001670254-17-000259	1	Benjamin Norman Baron	Chief Technology Officer	2017-09-14
0001670254-17-000259	3	Richard Burton	Chief Executive Officer	2017-09-14
0001670254-17-000259	2	Christian Alexander Baroni	Chief Design Officer	2017-09-14
0001670254-17-000260	1	Chris Hampton	Chief Restaurant Officer	2017-09-14
0001711429-17-000003	1	Earl Benjamin	President, CEO	2017-07-06
0001716174-17-000001	1	Anand (Andy) Pandharikar	Founder and CEO	2017-09-18
0001644600-17-000164	2	Sunder Nadarajah	Controller	2017-09-18
0001644600-17-000164	1	Koushalah Sunder	Principal Executive Officer, Principal Financial Officer and Director	2017-09-18
0001716797-17-000001	2	Martin Ancevski	Director	2017-09-18
0001716797-17-000001	1	Nino Karas	Director	2017-09-18
0001716588-17-000001	4	Clifton Pereira	Chief Product Officer	2017-09-15
0001716588-17-000001	5	Marc Bishara	Chief Technology Officer	2017-09-15
0001716588-17-000001	3	Alan Cheng	Chief Design Officer	2017-09-15
0001716588-17-000001	2	Manu Menon	Chief Operating Officer	2017-09-15
0001716588-17-000001	1	Trung Pham	Chief Executive Officer	2017-09-15
0001644600-17-000162	1	Koushalah Sunder	Principal Executive Officer, Principal Financial Officer and Director	2017-09-18
0001644600-17-000162	2	Sunder Nadarajah	Controller	2017-09-18
0001670254-17-000257	1	Christopher Mulgrew	CEO	2017-08-29
0001665160-17-000406	2	Ekrem Buyukkaya	Director	2017-09-15
0001665160-17-000406	1	Andrew Torba	Principal Executive Officer, Principal Financial Officer and Principal Accounting Officer	2017-09-15
0001710903-17-000006	2	Kaiwei Tang	Director	2017-09-15
0001710903-17-000006	1	Joseph Hollier	Director	2017-09-15
0001716130-17-000001	1	Matt Nicosia	CEO, Comptroller, Chief Financial Officer, and Director	2017-09-15
0001716130-17-000001	2	Andrew Otto	CTO, Director	2017-09-15
0001640709-17-000006	1	Payam Safa	Director	2017-09-15
0001669191-17-000126	4	Joseph La Torre	Board Member	2017-06-28
0001669191-17-000126	3	Joseph La Torre	Principal Accounting Officer	2017-06-28
0001669191-17-000126	1	Joseph La Torre	Principal Executive Officer	2017-06-28
0001669191-17-000126	2	Joseph La Torre	Principal Financial Officer	2017-06-28
0001715813-17-000002	1	Cheryl Clements	Chief Executive Officer	2017-09-15
0001715704-17-000001	1	Neeraj Sharma	CEO, Comptroller, Chief Financial Officer, and Director	2017-09-15
0001715704-17-000001	2	Varun Singh	Director	2017-09-15
0001715704-17-000001	3	Deep Shikha Vashisth	Director	2017-09-15
0001665160-17-000405	3	Gregory L. Hirsch	Director	2017-09-14
0001665160-17-000405	2	Don DiCostanzo	Director	2017-09-14
0001665160-17-000405	1	Jamie Garelli	CEO, Principal Executive Officer and Director, Principal Financial Officer and Principal Accounting Officer	2017-09-14
0001715749-17-000001	3	Daniel Arroyo	CTO, President, Treasurer	2017-09-09
0001715749-17-000001	2	Joshua White	CDO, Secretary	2017-09-09
0001715749-17-000001	1	Andrew Taylor	CEO	2017-09-09
0001710938-17-000007	1	Dan Yashiv	Managing Manger	2017-07-19
0001710938-17-000006	1	Dan Yashiv	Managing Manger	2017-07-19
0001716456-17-000002	2	/s/ Howard Carpenter	Board Member	2017-09-14
0001716456-17-000002	1	/s/ Peter Kaufman	Board Member	2017-09-14
0001670254-17-000256	2	Emily McCullough	Finance Director	2017-09-13
0001670254-17-000256	1	Eloy Lopez	President & COO	2017-09-13
0001670254-17-000256	3	Ari Shohat	Founder and CEO	2017-09-13
0001670254-17-000255	1	Eric Ralls	CEO	2017-09-08
0001665160-17-000403	1	Channing Porter	CEO, Principal Executive Officer and Director, Principal Financial Officer and Principal Accounting Officer	2017-09-13
0001715813-17-000001	1	Cheryl Clements	Chief Executive Officer	2017-09-13
0001710938-17-000005	1	Dan Yashiv	Managing Manger	2017-07-19
0001710938-17-000004	1	Dan Yashiv	Managing Member	2017-09-13
0001669191-17-000124	5	Frank DeGeorge	Board Member	2017-09-12
0001669191-17-000124	6	Scott Hansbury	Board Member	2017-09-12
0001669191-17-000124	3	Scott Hansbury	Principal Accounting Officer	2017-09-12
0001669191-17-000124	2	Scott Hansbury	Principal Financial Officer	2017-09-12
0001669191-17-000124	1	Frank DeGeorge	Principal Executive Officer	2017-09-12
0001669191-17-000124	4	Nick DeGeorge	Board Member	2017-09-12
0001708179-17-000004	1	Darin Barton	Managing Member of Hoke Poke, LLC, the majority member of the Issuer	2017-09-13
0001708179-17-000004	2	Daniel Acuna	Managing Member of Hoke Poke, LLC, the majority member of the Issuer	2017-09-13
0001670254-17-000254	1	Damian Taggart	Chief Business Development Officer	2017-07-31
0001670254-17-000254	2	Matthew King	Chief Instillation Officer	2017-07-30
0001670254-17-000254	3	Caity Kennedy	Chief Creative Officer	2017-07-30
0001670254-17-000254	4	Corvas Brinkerhoff	Chief Technology Officer	2017-07-29
0001670254-17-000254	5	Peter. Zandan	Director	2017-07-28
0001670254-17-000254	6	Sean Di Ianni	COO	2017-07-28
0001670254-17-000254	7	Andrew Tulchin	CFO	2017-07-28
0001670254-17-000254	10	Vince Kadlubek	CEO	2017-07-28
0001670254-17-000254	9	Stewart Alsop	Director	2017-07-28
0001670254-17-000254	8	Emily Montoya	Chief Brand Officer	2017-07-28
0001665160-17-000400	3	Igor Efremov	Director	2017-09-12
0001665160-17-000400	2	Mark Rizzo	Chief Technology Officer, Secretary, and Director	2017-09-12
0001665160-17-000400	1	Rubin Cortez	CEO, Principal Executive Officer and Director, Principal Financial Officer and Principal Accounting Officer	2017-09-12
0001665160-17-000400	4	Dmitriy Smirnov	Director	2017-09-12
0001665160-17-000398	2	Chris Kerzich	Board of Directors	2017-09-11
0001665160-17-000398	3	Joseph Marcello	Board of Directors	2017-09-11
0001665160-17-000398	1	Sean Patrick Fahey	CEO	2017-09-11
0001665160-17-000397	2	Eric Morley	Principal Financial Officer and Principal Accounting Officer	2017-09-08
0001695657-17-000004	1	Doug Krause	Manager	2017-09-08
0001665160-17-000397	3	Jeff Bentley	Director	2017-09-08
0001665160-17-000397	1	Jim Riley	President	2017-09-08
0001695657-17-000002	1	Troy Helming	President	2017-09-08
0001665160-17-000396	1	Amir Amini	Principal Executive Officer and Director, Principal Accounting Officer and Director	2017-09-08
0001706031-17-000003	1	Ian Tucker	President & Chief Executive Officer	2017-09-08
0001706031-17-000003	2	David Fay	Partner	2017-09-08
0001715013-17-000001	1	Shaun Masavage	Managing Member	2017-09-08
0001711875-17-000003	2	Fatima Dicko	Director	2017-09-08
0001711875-17-000003	1	Lawrence Morris	Director	2017-09-08
0001711875-17-000003	3	Ryan Middleton	Director	2017-09-08
0001713410-17-000001	1	/s/ Sean Rimokh	Chief Executive Officer	2017-09-07
0001715417-17-000001	2	Anthony Paruszewski	Member	2017-09-06
0001715417-17-000001	1	Erin Paruszewski	President	2017-09-04
0001670254-17-000252	1	Michael Kanter	Founder	2017-09-01
0001669191-17-000123	1	Joseph La Torre	Principal Executive Officer	2017-06-28
0001669191-17-000123	2	Joseph La Torre	Principal Financial Officer	2017-06-28
0001669191-17-000123	3	Joseph La Torre	Principal Accounting Officer	2017-06-28
0001669191-17-000123	4	Joseph La Torre	Board Member	2017-06-28
0001708142-17-000008	1	Stephen King	President	2017-09-05
0001714426-17-000001	1	Gagan Johal	Co-founder	2017-09-01
0001714426-17-000001	2	Steven Nguyen	Co-founder	2017-09-01
0001669191-17-000122	1	Charles Zwebner	Principal Executive Officer	2017-06-28
0001669191-17-000122	4	Charles Zwebner	Board Member	2017-06-28
0001669191-17-000122	3	Charles Zwebner	Principal Accounting Officer	2017-06-28
0001669191-17-000122	2	Charles Zwebner	Principal Financial Officer	2017-06-28
0001640709-17-000004	1	Payam Safa	Director	2017-09-01
0001670254-17-000251	5	Charles Cotropia	CEO	2017-08-30
0001665160-17-000395	1	Helena Fogarty	CEO and Founder	2017-08-31
0001670254-17-000251	4	Charles Cotropia	CEO/President	2017-08-30
0001670254-17-000251	3	Joseph Cotropia	Founder/CSO	2017-08-30
0001670254-17-000251	2	Gaurav Chandra	Chief Operating Officer	2017-08-30
0001670254-17-000251	1	Paul D. Fellegy	Chief Financial Officer	2017-08-31
0001644600-17-000160	1	Christopher K Sopher	Principal Executive Officer and Director	2017-08-31
0001644600-17-000160	2	Rebekah Monson	Principal Financial Officer, Principal Accounting Officer and Director	2017-08-31
0001665160-17-000392	3	Jeffrey Blyseth	Founder, CTO	2017-08-31
0001665160-17-000392	2	Ivan Stoilkovich	Founder, CFO, Chief Accounting Officer	2017-08-31
0001665160-17-000392	1	Jay Popeski	Founder, CCO	2017-08-31
0001670254-17-000249	1	Richard Grover	Founder/CEO	2017-08-28
0001691942-17-000005	1	Nat Mundel	Chief Executive Officer and Director	2017-08-31
0001670254-17-000244	1	Tommy Tsitouris	President	2017-08-30
0001670254-17-000247	1	Robert Chung	Director	2017-08-29
0001670254-17-000247	2	Randall Chung	CEO/Co-Founder	2017-08-29
0001670254-17-000244	2	Matt Crowley	Vice President	2017-08-29
0001665160-17-000390	1	Joseph M. Baliva	Principal Executive Officer and Director, Principal Financial Officer Principal Accounting Officer	2017-08-30
0001665160-17-000388	1	Steve Salani	CEO, Principal Executive Officer and Director, Principal Financial Officer and Principal Accounting Officer	2017-08-29
0001557286-17-000013	1	Michael Pelland	CEO	2017-08-30
0001665160-17-000386	2	Ben Mansouri	CTO	2017-08-30
0001665160-17-000386	1	Anita Sabeti	President	2017-08-30
0001665160-17-000386	3	Pez Zarifian	CEO	2017-08-30
0001557286-17-000012	1	Mitch Wallis	President	2017-08-30
0001557286-17-000011	1	Arthur Hartunian	Managing Member, Master Spirits Maker	2017-08-30
0001670254-17-000243	1	Terri Lubaroff	Secretary	2017-08-28
0001670254-17-000243	3	Jeff Annison	President	2017-08-24
0001670254-17-000243	2	Paul Scanlan	CEO	2017-08-25
0001715599-17-000001	2	Jacob Iest	CFO	2017-08-25
0001715599-17-000001	1	Arthur Moye	CEO	2017-08-25
0001669191-17-000119	1	Brad Ziajor	Principal Executive Officer	2017-08-28
0001669191-17-000119	3	Brad Ziajor	Principal Accounting Officer	2017-08-28
0001669191-17-000119	2	Brad Ziajor	Principal Financial Officer	2017-08-28
0001715385-17-000005	1	/s/ Jeffery Lippert	Board Member	2017-08-28
0001669191-17-000117	3	Francis Huynh	Principal Accounting Officer	2017-08-28
0001669191-17-000117	2	Francis Huynh	Principal Financial Officer	2017-08-28
0001669191-17-000117	1	Francis Huynh	Principal Executive Officer	2017-08-28
0001670254-17-000242	2	Adam Oxner	Co-Founder	2017-08-28
0001670254-17-000242	3	Fares Ksebati	CEO	2017-08-28
0001670254-17-000242	1	Michael Allon	Co-founder	2017-08-28
0001674439-17-000009	1	Ralf-Rainer von Albedyhll	CEO	2017-08-28
0001715385-17-000003	1	/s/ Jeffery Lippert	Board Member	2017-08-28
0001708099-17-000002	1	Scott Bachman	CFO	2017-08-25
0001670254-17-000240	3	Gary Mekikian	Co-founder, CEO and CTO	2017-08-22
0001670254-17-000240	1	Adrian G. Sada Cueva	Director	2017-08-24
0001670254-17-000240	2	Tigran Mekikian	Secretary	2017-08-24
0001665160-17-000384	2	Herbert Hanson	Founder and CEO	2017-08-25
0001665160-17-000384	1	Robert Fiumara	Director	2017-08-25
0001712565-17-000001	1	Alice Cheng	President, CEO & Director	2017-08-25
0001710903-17-000005	1	Joseph Hollier	President and Director	2017-08-25
0001710903-17-000005	2	Kaiwei Tang	CEO, Director, Treasurer and Secretary	2017-08-25
0001665160-17-000382	2	Alan Scholz	CEO, Principal Financial Officer and Principal Accounting Officer	2017-08-23
0001665160-17-000382	1	Hanna Scholz	President, Principal Executive Officer and Director	2017-08-23
0001715385-17-000001	1	/s/ Brian Spagola	Board Member	2017-08-24
0001665160-17-000380	1	Jon Bottorff	CFO	2017-08-24
0001665160-17-000380	5	Tim Larson	SVP - Operations	2017-08-24
0001665160-17-000380	4	Dan Zifkin	President and CEO	2017-08-24
0001665160-17-000380	3	Jessica Hoyt	VP Program Acquisitions	2017-08-24
0001665160-17-000380	2	James Betesh	SVP - Operations	2017-08-24
0001710903-17-000004	2	Kaiwei Tang	CEO, Director, Treasurer and Secretary	2017-08-24
0001710903-17-000004	1	Joseph Hollier	President and Director	2017-08-24
0001665160-17-000377	1	Jay Smith	CEO, Principal Executive Officer and Director, Principal Financial Officer and Principal Accounting Officer	2017-08-23
0001665160-17-000379	1	David Goodman	Principal Executive Officer and Director, Principal Accounting Officer, Principal Financial Officer	2017-08-23
0001665160-17-000373	3	Brad Kifferstein	CEO	2017-08-23
0001665160-17-000373	2	Brad Shanahan	Principal Accounting Officer and Principal Financial Officer	2017-08-23
0001665160-17-000373	1	Jeremy Belchinsky	Principal Executive Officer and Director	2017-08-23
0001665160-17-000377	2	Anson Sims	Senior Vice President and Director	2017-08-23
0001710013-17-000001	1	Michael K. Smock	President	2017-08-23
0001687688-17-000008	1	Elizabeth Bambach	CEO	2017-08-23
0001665160-17-000370	1	Steve Orosco	EO, Principal Executive Officer and Director, Principal Financial Officer and Principal Accounting Officer	2017-08-22
0001665160-17-000368	1	Kimberly Caccavo	Founder and CEO	2017-08-22
0001665160-17-000368	3	Ralene Cavataio	CFO	2017-08-22
0001665160-17-000368	4	Jim Caccavo	Jim Caccavo	2017-08-22
0001665160-17-000368	2	Kate Nowlan	Founder and COO	2017-08-22
0001711451-17-000004	1	Scott O'Leary	CEO	2017-08-21
0001711451-17-000003	1	Scott O'Leary	CEO	2017-08-21
0001644600-17-000159	2	M. Jay Walkingshaw	Principal Financial Officer, Principal Accounting Officer and Director	2017-08-21
0001644600-17-000159	1	Jill Taft	Principal Executive Officer and Director	2017-08-21
0001644600-17-000159	3	Joel Roodman	Director	2017-08-21
0001665160-17-000367	4	Jim Caccavo	Director	2017-08-21
0001665160-17-000367	3	Ralene Cavataio	CFO	2017-08-21
0001665160-17-000367	2	Kate Nowlan	Founder and COO	2017-08-21
0001665160-17-000367	1	Kimberly Caccavo	Founder and CEO	2017-08-21
0001665160-17-000366	2	Emmanuele Spera	CEO	2017-08-18
0001665160-17-000366	1	Tommaso Gecchelin	CTO	2017-08-18
0001670254-17-000239	3	Asheesh Barman	Co-Founder, President & COO	2017-08-18
0001670254-17-000239	2	Arti Kapoor	Director	2017-08-18
0001670254-17-000239	1	Sajal Sahay	Co-founder & CEO	2017-08-18
0001670254-17-000238	3	Srinivas Artham	Co-founder	2017-08-18
0001670254-17-000238	1	Mary Jo Cook	Chair, Board of Directors	2017-08-18
0001670254-17-000238	2	Hannah Freeman	Co-Founder	2017-08-18
0001644600-17-000156	1	Jill Taft	Principal Executive Officer and Director	2017-08-18
0001644600-17-000156	3	Joel Roodman	Director	2017-08-18
0001644600-17-000156	2	M. Jay Walkingshaw	Principal Financial Officer, Principal Accounting Officer and Director	2017-08-18
0001665160-17-000364	1	Jamie Garelli	CEO, Principal Executive Officer and Director, Principal Financial Officer and Principal Accounting Officer	2017-08-17
0001665160-17-000364	2	Don DiCostanzo	Director	2017-08-17
0001665160-17-000364	3	Gregory L. Hirsch	Director	2017-08-17
0001665160-17-000361	1	Rick Medlen	CEO, Principal Executive Officer and Director, Principal Financial Officer and Principal Accounting Officer	2017-08-17
0001670254-17-000236	1	Andreas Haas	CEO & Lead Engineer	2017-08-17
0001665160-17-000356	1	David Goodman	Principal Executive Officer and Director, Principal Accounting Officer, Principal Financial Officer	2017-08-16
0001445866-17-001236	1	/s/ Estela Mata	CEO	2017-08-16
0001445866-17-001230	1	/s/ Estela Mata	CEO	2017-08-15
0001708179-17-000003	1	Darin Barton	Managing Member of Hoke Poke, LLC, the majority member of the Issuer	2017-08-15
0001708179-17-000003	2	Daniel Acuna	Managing Member of Hoke Poke, LLC, the majority member of the Issuer	2017-08-15
0001517560-17-000009	4	Lisa Younis	Director	2017-08-16
0001517560-17-000009	6	Paul Feldman	Director	2017-08-16
0001517560-17-000009	7	John Greer	Director	2017-08-16
0001517560-17-000009	3	Xanthe Larsen	Director	2017-08-16
0001517560-17-000009	2	Mike Rhodes	Chief Financial Officer, Treasurer and Secretary	2017-08-16
0001517560-17-000009	1	David Levine	President, Chief Executive Officer and Director	2017-08-16
0001517560-17-000009	5	Sam G Rubenstein	Director	2017-08-16
0001714567-17-000001	1	David Scott Zasloff	President	2017-08-15
0001665160-17-000354	3	Pez Zarifian	CEO	2017-08-14
0001665160-17-000353	1	Allen Osborne	President, Principal Executive Officer and Director, Principal Financial Officer and Principal Accounting Officer	2017-08-14
0001665160-17-000354	2	Ben Mansouri	CTO	2017-08-14
0001665160-17-000354	1	Anita Sabeti	President	2017-08-14
0001517560-17-000008	5	Sam G Rubenstein	Director	2017-08-14
0001517560-17-000008	2	Mike Rhodes	Chief Financial Officer, Treasurer and Secretary	2017-08-14
0001517560-17-000008	3	Xanthe Larsen	Director	2017-08-14
0001517560-17-000008	4	Lisa Younis	Director	2017-08-14
0001517560-17-000008	1	David Levine	President, Chief Executive Officer and Director	2017-08-14
0001517560-17-000008	6	Paul Feldman	Director	2017-08-14
0001517560-17-000008	7	John Greer	Director	2017-08-14
0001714511-17-000001	1	Janel Young	CEO	2017-08-11
0001522456-17-000006	1	Richard Garriott de Cayeux	CEO & Creative Director	2017-08-14
0001695656-17-000006	1	Troy Helming	Manager	2017-08-14
0001711451-17-000001	1	Scott O'Leary	CEO	2017-08-14
0001695656-17-000005	1	Troy Helming	Manager	2017-08-14
0001694011-17-000006	1	Thom Gambaro	Manager	2017-08-14
0001694011-17-000005	1	Doug Krause	Manager	2017-08-14
0001665160-17-000351	9	Chris J. Davis	Chief Technology Officer	2017-08-11
0001665160-17-000351	8	Elvis Williams	VP, Sound	2017-08-11
0001665160-17-000351	7	Don Richmond	Chief Creative Officer	2017-08-11
0001665160-17-000351	6	Corey Hertz	Chief Product Officer	2017-08-11
0001665160-17-000351	5	Peter Bowers	Chief Content Officer	2017-08-11
0001665160-17-000351	4	Patrick Read Johnson	EVP Development	2017-08-11
0001665160-17-000351	3	Bob Giargiari	Chief Financial Officer	2017-08-11
0001665160-17-000351	2	Bryan Hertz	Executive Chairman	2017-08-11
0001665160-17-000351	1	Ian LeWinter	President	2017-08-11
0001670254-17-000234	3	Harley Bauer	Co-Founder and Director	2017-08-11
0001665160-17-000351	10	Kevin Hertz	Chief Technology Consultant	2017-08-11
0001670254-17-000234	1	Jason Bauer	Director	2017-08-11
0001670254-17-000234	2	victor bauer	Director	2017-08-11
0001670254-17-000233	3	Richard Burton	Chief Executive Officer	2017-08-10
0001670254-17-000233	1	Christian Alexander Baroni	Chief Design Officer	2017-08-11
0001670254-17-000233	2	Benjamin Norman Baron	Chief Technology Officer	2017-08-11
0001517560-17-000006	1	David Levine	President, Chief Executive Officer and Director	2017-08-09
0001517560-17-000006	7	John Greer	Director	2017-08-10
0001517560-17-000006	6	Paul Feldman	Director	2017-08-10
0001517560-17-000006	5	Sam G Rubenstein	Director	2017-08-10
0001517560-17-000006	4	Lisa Younis	Director	2017-08-10
0001517560-17-000006	3	Xanthe Larsen	Director	2017-08-10
0001517560-17-000006	2	Mike Rhodes	Chief Financial Officer, Treasurer and Secretary	2017-08-10
0001713789-17-000002	1	/s/ Frantz Metellus	Board Member	2017-08-11
0001670254-17-000232	2	John Ottman	Chairman	2017-07-12
0001670254-17-000232	1	peter schwartz	cfo	2017-07-12
0001670254-17-000230	1	Karen Cooper	Owner	2017-08-08
0001670254-17-000230	2	Lee Cooper	Founder	2017-08-08
0001665160-17-000349	1	Ana Quintana	Director	2017-08-10
0001665160-17-000349	3	Ryan Britt	Principal Financial Officer and Principal Accounting Officer, Secretary and Director	2017-08-10
0001665160-17-000349	4	Jean Marc Touch	Co-Founder, President	2017-08-10
0001665160-17-000349	2	Jon Kraft	Interim Principal Executive Officer and Director	2017-08-10
0001669191-17-000112	5	Rick Dansey	Board Member	2017-08-04
0001669191-17-000112	4	Jacob Dansey	Board Member	2017-08-04
0001669191-17-000112	3	Jacob Dansey	Principal Accounting Officer	2017-08-04
0001669191-17-000112	1	Jacob Dansey	Principal Executive Officer	2017-08-04
0001669191-17-000112	2	Chad Bell	Principal Financial Officer	2017-08-04
0001713167-17-000004	1	Emmanuel Sant-Martin	CEO	2017-08-10
0001713167-17-000003	1	Emmanuel Sant-Martin	CEO	2017-08-10
0001713167-17-000001	1	Emmanuel Sant-Martin	CEO	2017-08-10
0001669191-17-000110	5	Rick Dansey	Board Member	2017-08-04
0001669191-17-000110	1	Jacob Dansey	Principal Executive Officer	2017-08-04
0001669191-17-000110	2	Chad Bell	Principal Financial Officer	2017-08-04
0001669191-17-000110	3	Jacob Dansey	Principal Accounting Officer	2017-08-04
0001669191-17-000110	4	Jacob Dansey	Board Member	2017-08-04
0001710938-17-000003	1	Dan Yashiv	Managing Manger	2017-07-19
0001710619-17-000002	1	Ivan Fatovic	Director	2017-08-09
0001644600-17-000152	1	John Mullin	Principal Executive Officer, Principal Accounting Officer, Principal Financial Officer and Director	2017-08-10
0001665160-17-000346	2	Alan Scholz	CEO, Principal Financial Officer and Principal Accounting Officer	2017-08-09
0001665160-17-000346	1	Hanna Scholz	President, Principal Executive Officer and Director	2017-08-09
0001625242-17-000019	1	Gordon Clements	Presidnet	2016-08-10
0001687688-17-000007	1	Elizabeth Bambach	CEO	2017-08-09
0001665160-17-000340	2	Daniel Sills	Director	2017-08-08
0001670254-17-000229	1	Robert Blanchard	Developer	2017-08-08
0001670254-17-000229	2	Elias Chavando	President & CEO	2017-08-08
0001665160-17-000340	1	Michael McKeon	Principal Executive Officer and Director, Principal Financial Officer and Principal Accounting Officer	2017-08-08
0001670254-17-000227	1	Lizzy Boelter	Chef & Owner	2017-08-08
0001680729-17-000006	1	Alex Bullington	Co-Founder and CEO	2017-07-31
0001680729-17-000006	2	Greg DiNardo	Co-Founder and COO	2017-07-31
0001708151-17-000001	1	Wai Lun Pun	Chief Operating Officer	2017-08-08
0001665160-17-000338	1	Andrew Torba	Principal Executive Officer, Principal Financial Officer and Principal Accounting Officer	2017-08-07
0001665160-17-000338	2	Ekrem Buyukkaya	Director	2017-08-07
0001680729-17-000005	1	Alex Bullington	Co-Founder and CEO	2017-07-31
0001680729-17-000005	2	Greg DiNardo	Co-Founder and COO	2017-07-31
0001670254-17-000224	3	Theodore C. Sectish, M.D.	Vice Chair and Program Director	2017-08-04
0001670254-17-000224	4	Zachary M. Zeitlin	Director	2017-08-04
0001670254-17-000224	5	Timothy O'Shea	VP Business Development	2017-08-04
0001670254-17-000224	6	Scott Pitt	Chief Financial Officer	2017-08-04
0001665160-17-000337	1	C. Jibril Sulaiman II	Principal Executive Officer and Director, Principal Financial Officer and Principal Accounting Officer	2017-08-04
0001670254-17-000224	1	william floyd	CEO, President	2017-08-04
0001670254-17-000226	3	Robert Leckinger	President & CEO	2017-08-03
0001670254-17-000226	2	Freeman A Ford	Chairman Founder	2017-08-03
0001670254-17-000226	1	Bruce W. McCaul	Director	2017-08-04
0001670254-17-000224	2	Nancy D. Spector	Associate Dean of Faculty Development and Executive Director of Executive Leadership in Academic Medicine	2017-08-04
0001669191-17-000108	5	Rick Dansey	Board Member	2017-08-04
0001669191-17-000108	4	Jacob Dansey	Board Member	2017-08-04
0001669191-17-000108	3	Jacob Dansey	Principal Accounting Officer	2017-08-04
0001669191-17-000108	2	Chad Bell	Principal Financial Officer	2017-08-04
0001669191-17-000108	1	Jacob Dansey	Principal Executive Officer	2017-08-04
0001680729-17-000004	1	Alex Bullington	Co-Founder and CEO	2017-07-31
0001680729-17-000004	2	Greg DiNardo	Co-Founder and COO	2017-07-31
0001712427-17-000003	1	/s/ Michael Schieck	Board Member	2017-08-04
0001680729-17-000002	2	Greg DiNardo	Co-Founder and COO	2017-07-31
0001680729-17-000002	1	Alex Bullington	Co-Founder and CEO	2017-07-31
0001665160-17-000336	1	Ramzi Hajj	President, CEO	2017-08-04
0001699213-17-000003	3	Thomas Nguyen	Chief Marketing Officer	2017-08-04
0001699213-17-000003	2	Paul Friedman	Chief Chef	2017-08-04
0001699213-17-000003	1	Michael Tran	Chief Executive Officer	2017-08-04
0001669191-17-000106	5	Gray Frederickson	Board Member	2017-08-02
0001669191-17-000106	6	Brent Green	Board Member	2017-08-03
0001669191-17-000106	1	Gray Frederickson	Principal Executive Officer	2017-08-02
0001669191-17-000106	7	David Greene	Board Member	2017-08-03
0001669191-17-000106	4	John  Simonelli	Board Member	2017-08-02
0001669191-17-000106	3	David Greene	Principal Accounting Officer	2017-08-03
0001669191-17-000106	2	David Greene	Principal Financial Officer	2017-08-03
0001670254-17-000222	1	Ray Chintalapati	CTO, Co-Founder	2017-08-02
0001670254-17-000222	2	Ghazal Sharif	Cofounder	2017-08-02
0001670254-17-000222	3	William Bonhorst	Co-Founder	2017-08-02
0001706950-17-000008	1	/s/ Mychal Simka	Chairman and CEO	2017-08-03
0001644600-17-000150	1	Dan Miller	Chief Executive Officer, Principal Financial Officer, Principal Accounting Officer and Director	2017-08-03
0001644600-17-000148	1	Christian Jennewein	Principal Executive Officer	2017-08-03
0001644600-17-000148	2	David Vatz	Principal Accounting Officer, Principal Financial Officer and Director	2017-08-03
0001702419-17-000004	1	Patrick Sherwin	Chief Exectuive Officer	2017-08-02
0001702419-17-000004	2	Gary Starr	Director	2017-08-02
0001702419-17-000003	1	Jamasen Rodriguez	Chief Exectuive Officer	2017-08-02
0001665160-17-000335	1	Zack Fleishman	Principal Executive Officer and Director, Principal Financial Officer and Controller	2017-08-02
0001702939-17-000005	2	Trevor Harries Jones	Director	2017-08-02
0001702939-17-000005	1	Mark Hadfield	CEO	2017-08-02
0001670254-17-000219	3	Richard Burton	CEO	2017-07-28
0001670254-17-000219	2	Christian Alexander Baroni	CDO	2017-07-28
0001670254-17-000219	1	Benjamin Norman Baron	CTO	2017-07-29
0001669191-17-000104	1	Joseph La Torre	Principal Executive Officer	2017-06-28
0001669191-17-000104	2	Joseph La Torre	Principal Financial Officer	2017-06-28
0001669191-17-000104	3	Joseph La Torre	Principal Accounting Officer	2017-06-28
0001669191-17-000104	4	Joseph La Torre	Board Member	2017-06-28
0001669191-17-000102	1	V Owen  Bush	Principal Executive Officer	2017-06-26
0001669191-17-000102	5	Agustin Abreu	Board Member	2017-06-27
0001669191-17-000102	7	Dennis  Adamo	Board Member	2017-06-27
0001669191-17-000102	2	Dennis  Adamo	Principal Financial Officer	2017-06-26
0001669191-17-000102	3	Dennis  Adamo	Principal Accounting Officer	2017-06-26
0001669191-17-000102	4	V Owen  Bush	Board Member	2017-06-26
0001669191-17-000102	6	Ignacio Platas	Board Member	2017-06-26
0001669191-17-000101	4	Nizar Taki MD	Board Member	2017-03-14
0001669191-17-000101	3	Nizar Taki MD	Principal Accounting Officer	2017-03-14
0001669191-17-000101	2	Nizar Taki MD	Principal Financial Officer	2017-03-14
0001669191-17-000101	1	Nizar Taki MD	Principal Executive Officer	2017-03-14
0001665160-17-000333	1	Dan Mueller	Principal Executive Officer and Director, Principal Financial Officer and Principal Accounting Officer	2017-08-01
0001669191-17-000100	3	Brian Curcio	Principal Accounting Officer	2017-07-28
0001669191-17-000100	2	Brian Curcio	Principal Financial Officer	2017-07-28
0001669191-17-000100	1	Brian Curcio	Principal Executive Officer	2017-07-28
0001665160-17-000331	1	Tommaso Gecchelin	CTO	2017-08-01
0001665160-17-000331	2	Emmanuele Spera	CEO	2017-08-01
0001665160-17-000330	2	Kate Nowlan	Founder and COO	2017-08-01
0001665160-17-000330	3	Ralene Cavataio	CFO	2017-08-01
0001665160-17-000330	1	Kimberly Caccavo	Founder and CEO	2017-08-01
0001665160-17-000329	1	Helena Fogarty	CEO and Founder	2017-08-01
0001704091-17-000004	1	Jonathan Tate	Member	2017-08-01
0001665160-17-000328	2	Richard Cuoto	Chief Financial Officer, Principal Accounting Officer	2017-07-31
0001665160-17-000328	1	Michael Burtov	Chief Executive Officer and Director	2017-07-31
0001670254-17-000218	1	Braden Ellis	Chief Revenue Officer	2017-07-17
0001670254-17-000218	2	Jerry Ropelato	Chief Executive Officer	2017-07-17
0001670254-17-000218	3	Joey Lee Skinner	COO	2017-07-17
0001706024-17-000005	1	Patrick Sherwin	Chief Executive Officer	2017-07-31
0001706024-17-000005	2	Gary Starr	Director	2017-07-31
0001665160-17-000327	1	Elliott Johnson	Elliott Johnson	2017-07-31
0001665160-17-000327	2	Marielle Wardell	Vice President	2017-07-31
0001670254-17-000214	1	Alan Safahi	CEO	2017-07-13
0001665160-17-000325	1	C. Jibril Sulaiman II	Principal Executive Officer and Director, Principal Financial Officer and Principal Accounting Officer	2017-07-31
0001670254-17-000213	8	Rick Hou	Chief Product Officer	2017-07-26
0001670254-17-000213	9	Jonathan Budd	CEO	2017-07-26
0001670254-17-000213	10	Andrew Wilson	CFO	2017-07-26
0001670254-17-000213	7	Robert Alan Smith	VP of Sales	2017-07-26
0001670254-17-000213	6	James Harrison Bunch	President	2017-07-26
0001670254-17-000213	5	BILL TWIST	DIRECTOR	2017-07-26
0001670254-17-000213	4	Henrik Rosendahl	Director	2017-07-26
0001670254-17-000213	3	Andrea Budd	VP, Operations	2017-07-27
0001670254-17-000213	2	VaNessa Duplessie	VP, Field Operations	2017-07-27
0001670254-17-000213	1	Richard Hoskins	Director	2017-07-27
0001665160-17-000321	2	Aike Muller	Principal Executive Officer and President	2017-07-31
0001665160-17-000321	1	Friso Schmid	Principal Executive Officer and Director, Principal Financial Officer and Principal Accounting Officer	2017-07-31
0001706939-17-000004	1	Peter Gantner	President	2017-07-31
0001669191-17-000098	2	Brian Curcio	Principal Financial Officer	2017-07-28
0001669191-17-000098	3	Brian Curcio	Principal Accounting Officer	2017-07-28
0001669191-17-000098	1	Brian Curcio	Principal Executive Officer	2017-07-28
0001674439-17-000008	1	Ralf-Rainer von Albedyhll	CEO	2017-07-28
0001711875-17-000001	3	Ryan Middleton	Director, Chief Brand OFficer and Counsel	2017-07-28
0001711875-17-000001	2	Fatima Dicko	Director, President and CEO	2017-07-28
0001711875-17-000001	1	Lawrence Morris	Director, Data and Finance Officer	2017-07-28
0001557286-17-000010	1	Arthur Hartunian	Managing Member, Master Spirits Maker	2017-06-09
0001605652-17-000005	1	Marlon Evans	Chief Executive Officer	2017-06-27
0001708142-17-000007	1	Stephen King	President	2017-06-30
0001665160-17-000318	1	Chris Anthony	Principal Executive Officer and Director	2017-07-28
0001691935-17-000003	1	/s/Michael Pelland	CEO / Founder	2017-06-22
0001605652-17-000004	1	Marlon Evans	Chief Executive Officer	2017-06-27
0001674199-17-000004	1	Robert Nathanson	CEO	2017-07-28
0001670254-17-000212	3	David Gluck	Producer & General Manager	2017-07-26
0001670254-17-000212	2	Nicholas A. Olivero	Producer & Creative Director	2017-07-26
0001670254-17-000212	1	Geoffrey Libby	Producer & Operations Director	2017-07-26
0001644600-17-000145	2	Doria Lavagnino	Director	2017-07-28
0001644600-17-000145	1	Arindam Nag	Principal Executive Officer, Principal Accounting Officer, Principal Financial Officer and Director	2017-07-28
0001674199-17-000003	1	Robert Nathanson	CEO	2017-07-28
0001670254-17-000211	2	Alex Hall	CEO	2017-07-27
0001670254-17-000211	1	Stacy Lowery	President	2017-07-27
0001670254-17-000210	1	Chris Yerbey	Founder & CEO	2017-07-27
0001704205-17-000012	1	Kirk Kjellberg	CEO	2017-07-28
0001704205-17-000011	1	Kirk Kjellberg	CEO	2017-07-28
0001605652-17-000003	1	Marlon Evans	Chief Executive Officer	2017-06-27
0001669191-17-000094	1	John Fanning Jr	Principal Executive Officer	2017-04-27
0001670254-17-000208	1	Benjamin Bondar	CEO & Founder	2017-07-27
0001665160-17-000311	1	Eric Vaughn Meyers	Principal Executive Officer and Director, Principal Financial Officer and Principal Accounting Officer, Founder	2017-07-27
0001706939-17-000003	1	Peter Gantner	President	2017-07-27
0001665160-17-000303	1	Alice Crisci	Principal Executive Officer and Director, Principal Financial Officer, Principal Accounting Officer	2017-07-26
0001711471-17-000004	1	Martez Malone	Managing Member	2017-07-26
0001665160-17-000306	1	Neil Patel	Chief Executive Officer, Principal Executive Officer and Director, Principal Financial Officer and Principal Accounting Officer	2017-07-26
0001670254-17-000206	3	Fares Ksebati	CEO	2017-07-12
0001670254-17-000206	2	Michael Allon	Co-founder	2017-07-13
0001670254-17-000206	1	Adam Oxner	Co-Founder	2017-07-13
0001710332-17-000001	2	Henry Deutsch	Director	2017-07-26
0001710332-17-000001	1	Steven Yue	Director	2017-07-26
0001710332-17-000001	3	Bryce Fisher	Director	2017-07-26
0001644600-17-000143	1	John Mullin	Principal Executive Officer, Principal Accounting Officer, Principal Financial Officer and Director	2017-07-26
0001670254-17-000203	1	Klaus Moeller	Co-Founder	2017-07-25
0001665160-17-000300	1	Joseph M. Baliva	Principal Executive Officer and Director, Principal Financial Officer Principal Accounting Officer	2017-07-25
0001665160-17-000297	1	David Laiderman	Principal Executive Officer and Director, Principal Financial Officer, and Principal Accounting Officer	2017-07-25
0001670254-17-000203	2	Jeanene Morgan	Chief Financial Officer	2017-07-25
0001670254-17-000203	3	Mike Meader	Co-Founder/President	2017-07-25
0001712427-17-000001	2	/s/ George Mingin	Board Member	2017-07-24
0001670254-17-000202	1	David Willis	Director / Writer / Producer	2017-07-24
0001712427-17-000001	1	/s/ Mike Schieck	Board Member	2017-07-24
0001665160-17-000291	1	Dontra Hughes	Principal Executive Officer and Director, Principal Accounting Officer, Principal Financial Officer	2017-07-24
0001670254-17-000200	1	Paul Scanlan	Cofounder & CEO	2017-07-21
0001706977-17-000003	1	Eric Lee O'Brien	Co-Founder and CEO	2017-07-18
0001665160-17-000288	1	Amir Amini	Principal Executive Officer and Director, Principal Accounting Officer and Director	2017-07-21
0001670254-17-000199	1	James Schmachtenberger	President	2017-07-19
0001665160-17-000283	1	Jeffrey Moore	Principal Executive Officer and Director, and Principal Financial Officer	2017-07-20
0001670254-17-000199	2	Daniel Schmachtenberger	Director of R&D	2017-07-18
0001665160-17-000280	1	Zack Fleishman	Chief Operating Officer, Principal Executive Officer and Director, Principal Financial Officer and Controller	2017-07-17
0001670254-17-000196	1	Juan Carlos Hector	CEO	2017-07-19
0001710938-17-000001	1	Dan Yashiv	Managing Manger	2017-07-19
0001711429-17-000001	1	Earl Benjamin	President, CEO	2017-07-06
0001557286-17-000009	1	Arthur Hartunian	Managing Member, Master Spirits Maker	2017-06-09
0001708725-17-000004	1	Mallesh Murugesan	CEO & Co-Founder	2017-06-12
0001710903-17-000001	1	Joseph Hollier	President and Director	2017-07-18
0001710903-17-000001	2	Kaiwei Tang	CEO, Director, Treasurer and Secretary	2017-07-19
0001706977-17-000001	1	Eric Lee O'Brien	Co-Founder and CEO	2017-07-18
0001711471-17-000003	1	Martez Malone	Managing Member	2017-07-18
0001705130-17-000004	1	Jamie Migdal	CEO, CFO and Director	2017-07-17
0001665160-17-000276	1	Angela Lee	CEO and Co Founder	2017-07-17
0001665160-17-000276	5	Jennifer Roe	Chief Marketing Officer and Co Founder	2017-07-17
0001665160-17-000276	4	Dave Johnson	Chairman of the Board	2017-07-17
0001665160-17-000276	3	Cynthia Akey	Chief Operating Officer	2017-07-17
0001665160-17-000276	2	Karen Curtis	Chief Technology Officer	2017-07-17
0001665160-17-000275	2	Michelle Taylor	President & Creative Director	2017-07-17
0001665160-17-000275	1	Brig Taylor	Founder and CEO	2017-07-17
0001665160-17-000275	4	Navi Singh	Chief Financial Officer	2017-07-17
0001665160-17-000275	3	Rick Lilley	Chief Operations Officer	2017-07-17
0001665160-17-000275	5	Cameron Diegle	Financial Controller	2017-07-17
0001665160-17-000274	2	Christian Broce	CTO	2017-07-17
0001665160-17-000274	1	Bryan Lorden	CEO	2017-07-17
0001665160-17-000273	1	Bryan Lorden	CEO	2017-07-17
0001665160-17-000273	2	Christian Broce	CTO	2017-07-17
0001665160-17-000272	6	Jenna Park	Associate Producer	2017-07-17
0001665160-17-000272	5	Tom Shell	Line Producer	2017-07-17
0001665160-17-000272	4	Donald Markowitz	Composer	2017-07-17
0001665160-17-000272	3	Geralyn Flood	Casting Director / Producer	2017-07-17
0001665160-17-000272	2	David Willis	Director / Writer / Producer / President	2017-07-17
0001665160-17-000272	7	Katherine Botts	Associate Producer	2017-07-17
0001665160-17-000272	1	Jay Kogen	Executive Producer	2017-07-17
0001665872-17-000002	1	Luo Yang	Managing Member	2017-07-17
0001695244-17-000006	1	Martha Hernandez	CEO, President, CFO and Director	2017-07-14
0001670254-17-000194	1	Reginald Strong	VP	2017-07-14
0001670254-17-000194	2	Pamela Dewey	Independent Consultant	2017-07-14
0001695244-17-000005	1	Thomas Reese	Chief Executive Officer; President	2017-07-14
0001695244-17-000005	2	Yinghua Yang	Chief Operating Officer	2017-07-14
0001665160-17-000271	1	Eemaan Jalili	CEO and Director	2017-07-14
0001665160-17-000271	3	Monir Jalili	Director	2017-07-14
0001665160-17-000271	2	Houshang Jalili	Secretary, CFO, Director	2017-07-14
0001705463-17-000002	1	Steve Dubbeldam	President	2017-07-14
0001694994-17-000011	1	/s/Alfonso J. Cervantes	Executive Chairman	2017-07-13
0001694994-17-000011	2	/s/Ronald Scott	Chief Financial Officer	2017-07-13
0001694994-17-000011	3	/s/Algie Hodges	President, Chief Executive Officer, Director	2017-07-13
0001665160-17-000269	3	Jeff Bentley	Director	2017-07-12
0001665160-17-000269	4	Jim Riley	President	2017-07-12
0001665160-17-000269	1	Steve Jugan	Principal Executive Office and Director	2017-07-12
0001670254-17-000192	2	Steven Joseph Newman	CEO	2017-07-12
0001670254-17-000192	1	Irene Latoa	CFO	2017-07-12
0001665160-17-000269	2	Eric Morley	Principal Financial Officer and Principal Accounting Officer	2017-07-12
0001557286-17-000008	1	Arthur Hartunian	Managing Member, Master Spirits Maker	2017-06-09
0001670254-17-000190	2	James R Hyde	Vice Chairman	2017-07-11
0001670254-17-000190	1	Ronald H. Miller	Co Vice Chairman/CEO/President	2017-07-11
0001670254-17-000190	5	Steven Relis	CFO	2017-07-11
0001670254-17-000190	4	Steven Heller	Secretary	2017-07-11
0001670254-17-000190	3	Glenn Pohs	Director	2017-07-11
0001665160-17-000264	3	Kevin Nichols	Kevin Nichols	2017-07-11
0001665160-17-000266	1	Bryan Lorden	CEO	2017-07-11
0001665160-17-000266	2	Christian Broce	CTO	2017-07-11
0001665160-17-000265	1	Sean Patrick Fahey	CEO	2017-07-11
0001665160-17-000265	2	Chris Kerzich	Board of Directors	2017-07-11
0001665160-17-000264	2	Charles Manning	Co-Founder and Director	2017-07-11
0001665160-17-000264	1	JD Claridge	CEO and Co-Founder	2017-07-11
0001701604-17-000006	3	Jordan Silz	Partner	2017-07-11
0001701604-17-000006	2	Stephen Deyton	Partner	2017-07-11
0001665160-17-000265	3	Joseph Marcello	Board of Directors	2017-07-11
0001711484-17-000001	1	Gregory Wisenberg	Shareholder	2017-07-11
0001701604-17-000006	1	David Huth	Partner	2017-07-11
0001704250-17-000003	2	Cuong Mai	Director	2017-07-11
0001704250-17-000003	1	John Kang	Managing Member	2017-07-11
0001706031-17-000001	1	Ian Tucker	President & Chief Executive Officer	2017-07-11
0001706031-17-000001	2	David Fay	Partner	2017-07-11
0001704205-17-000006	1	Kirk Kjellberg	CEO	2017-07-11
0001702939-17-000004	2	Mark Hadfield	CEO	2017-07-11
0001702939-17-000004	1	Trevor Harries-Jones	Board Director	2017-07-11
0001711471-17-000001	1	Martez Malone	Managing Member	2017-07-11
0001669191-17-000090	4	Joe  Pacheco	Board Member	2017-07-10
0001669191-17-000090	1	Franz  Almeida	Principal Executive Officer	2017-07-10
0001669191-17-000090	3	Joe  Pacheco	Principal Accounting Officer	2017-07-10
0001669191-17-000090	2	Joe  Pacheco	Principal Financial Officer	2017-07-10
0001665160-17-000262	2	Ekrem Buyukkaya	Director	2017-07-10
0001665160-17-000262	1	Andrew Torba	Principal Executive Officer, Principal Financial Officer and Principal Accounting Officer	2017-07-10
0001673558-17-000001	1	april spears	president / CEO	2017-07-10
0001708142-17-000005	1	Stephen King	President	2017-06-30
0001670254-17-000188	1	Dustin Windham	CEO	2017-07-07
0001669191-17-000083	1	undefined undefined	Principal Executive Officer	2017-05-01
0001669191-17-000083	2	undefined undefined	Principal Financial Officer	2017-05-01
0001669191-17-000083	3	undefined undefined	Principal Accounting Officer	2017-05-01
0001669191-17-000083	5	undefined undefined	Board Member	2017-05-01
0001669191-17-000083	6	undefined undefined	Board Member	2017-05-01
0001669191-17-000083	4	undefined undefined	Board Member	2017-05-01
0001669191-17-000082	4	undefined undefined	Board Member	2017-06-28
0001669191-17-000082	3	undefined undefined	Principal Accounting Officer	2017-06-28
0001669191-17-000082	2	undefined undefined	Principal Financial Officer	2017-06-28
0001669191-17-000082	1	undefined undefined	Principal Executive Officer	2017-06-28
0001708189-17-000003	2	Matt Davis	Co-Founder and Chief Executive Officer	2017-07-07
0001708189-17-000003	1	Yu Lun Kao	Co-Founder and Chief Creative Officer	2017-07-07
0001665160-17-000256	1	Elliott Johnson	CEO	2017-07-06
0001708142-17-000004	1	Stephen King	President	2017-06-30
0001706950-17-000006	1	Mychal Simka	Sole Manager, CEO, and President	2017-05-23
0001665160-17-000256	2	Marielle Wardell	Vice President	2017-07-06
0001698596-17-000005	1	Ryan Clark	Manager	2017-07-06
0001696199-17-000001	2	/s/ Wayne Robinson	Board Member	2017-07-06
0001696199-17-000001	1	/s/ Erik H. Bernard	Board Member	2017-07-06
0001696199-17-000001	3	/s/ John Hoernschemeyer	Board Member	2017-07-06
0001694011-17-000004	1	Thom Gambaro	Manager	2017-07-06
0001694011-17-000003	1	Doug Krause	President	2017-07-06
0001695656-17-000003	1	Troy Helming	Manager	2017-07-05
0001665160-17-000255	2	ADAM CISEK	Director of Finance	2017-07-05
0001656858-17-000004	1	Marshawn Govan	President, CFO	2017-07-05
0001695656-17-000004	1	Troy Helming	Secretary	2017-07-05
0001665160-17-000255	1	TARIK KHRIBECH	CEO	2017-07-05
0001676858-17-000005	1	/s/Philip Petracca	CEO	2017-07-05
0001670254-17-000187	1	Stacy Lowery	President	2017-06-30
0001670254-17-000186	1	Bruce W. McCaul	Director	2017-06-30
0001670254-17-000186	2	Freeman A Ford	Chairman	2017-06-30
0001665160-17-000253	1	David Willis	Director / Writer / Producer / President	2017-06-30
0001665160-17-000253	2	Geralyn Flood	Casting Director / Producer	2017-06-30
0001665160-17-000254	3	Pez Zarifian	CEO	2017-06-30
0001665160-17-000253	4	Tom Shell	Line Producer	2017-06-30
0001665160-17-000253	5	Jenna Park	Associate Producer	2017-06-30
0001665160-17-000253	6	Katherine Botts	Associate Producer	2017-06-30
0001665160-17-000254	1	Anita Sabeti	President	2017-06-30
0001665160-17-000254	2	Ben Mansouri	CTO	2017-06-30
0001665160-17-000253	3	Donald Markowitz	Composer	2017-06-30
