ACCESSION_NUMBER	ISAMENDMENT	PROGRESSUPDATE	NATUREOFAMENDMENT	NAMEOFISSUER	LEGALSTATUSFORM	LEGALSTATUSOTHERDESC	JURISDICTIONORGANIZATION	DATEINCORPORATION	STREET1	STREET2	CITY	STATEORCOUNTRY	ZIPCODE	ISSUERWEBSITE	COMPANYNAME	COMMISSIONCIK	COMMISSIONFILENUMBER	CRDNUMBER
0001691877-17-000004	0	Close the funding round for a total of $10,500.		Me Tyme Network, Inc.	Corporation		CA	2016-04-18	8885 RIO SAN DIEGO DR. SUITE 237		SAN DIEGO	CA	92108	www.metymenetwork.com	DreamFunded MarketPlace, LLC	0001670761	007-00037	6639970
0001712427-17-000004	0			Kookaburra Sustainable Solutions Inc														
0001710332-17-000003	1		Extending the offering end date to end on October 25, and lowering the valuation and share price (to $4m pre-money valuation and $3.42, respectively).	Duralogic USA, LLC	Corporation		DE	2017-06-28	12 La Montagne Ln		Sandy	UT	84092	https://www.ravean.com	SI Securities, LLC	0001603038	008-69440	170937
0001670254-17-000268	0		Extended deadline date, and updated business plan.	BLAZnTECH, Inc.	Corporation		DE	2016-11-04	13850 Ballantyne Corporate Pl Suite 500		Charlotte	NC	28277	https://blazntech.com	Wefunder Portal LLC	0001670254	007-00033	283503
0001665160-17-000454	0			New Age Automotive Concepts LLC d/b/a Perfect Price Auto	Limited Liability Company		CA	2015-04-13	44349 Lowtree Ave Suite 111		Lancaster	CA	93536	perfectpriceauto.com	StartEngine Capital, LLC	0001665160	007-00007	
0001665160-17-000451	0			LifeBridge 10000, LLC	Limited Liability Company		FL	2015-01-05	862 E Wildmere Ave		Longwood	FL	32750	http://www.lifebridge10000.com/	StartEngine Capital, LLC	0001665160	007-00007	
0001665160-17-000446	0			Jasperate, Inc.	Corporation		IL	2017-03-30	1932 Pleasant Hill Lane		Lisle	IL	60532	www.jasperate.com	StartEngine Capital, LLC	0001665160	007-00007	
0001665160-17-000444	0			Los Angeles SuperStars, Inc	Corporation		NV	2017-01-22	1055 West 7th Street	33rd Floor	Los Angeles	CA	90017	www.lasuperstarsbb.com	StartEngine Capital, LLC	0001665160	007-00007	
0001665160-17-000441	0			VOLAERO UAV AND DRONES HOLDINGS CORP	Corporation		FL	2016-05-17	14530 Biscayne Blvd		North Miami	FL	33181	volaerodrones.com	StartEngine Capital, LLC	0001665160	007-00007	
0001670254-17-000266	1		Recoup Fitness LLC has reorganized to a colorado registered corporation. Updated contracts, changed deadline date, included video transcripts, and updated business plan.	Recoup Fitness Inc	Corporation		CO	2015-05-28	3149 S. Broadway		Englewood	CO	80113	http://recoupfitness.com	Wefunder Portal LLC	0001670254	007-00033	283503
0001665160-17-000439	1		Issuer is extending the end date of the offering and reducing the minimum investor purchase amount.	FAMA, Inc.	Corporation		GA	2015-07-10	13010 MORRIS ROAD	BUILDING 1, SUITE 600	ALPHARETTA	GA	30534	https://www.famacash.com	StartEngine Capital, LLC	0001665160	007-00007	
0001665160-17-000437	0			ICFB Productions LLC	Limited Liability Company		NY	2017-04-09	353 W. 48th St 4FL #PMB 450		New York	NY	10036	itcamefrombeyond.com	StartEngine Capital, LLC	0001665160	007-00007	
0001665160-17-000434	0			Martell Broadcasting Systems, Inc	Corporation		DE	2013-11-15	1820 Avenue M Unit #515		Brookyln	NY	11230	http://www.zenither.com/	StartEngine Capital, LLC	0001665160	007-00007	
0001665160-17-000431	0			The Tetons Group, Inc.	Corporation		WY	2017-04-02	1491 Walker Lane		Farmington	UT	84025	www.TheTetonsGroup.com	StartEngine Capital, LLC	0001665160	007-00007	
0001665160-17-000428	0			WitFoo Inc	Corporation		DE	2016-02-05	1155 Mt Vernon Hwy NE	Suite 800	Atlanta	GA	30338	https://www.witfoo.com	StartEngine Capital, LLC	0001665160	007-00007	
0001665160-17-000426	1		Issuer is extending the end date of their offering.	Keezel, Inc.	Corporation		DE	2017-04-27	20377 SW ACACIA STREET, 2ND FLOOR		NEWPORT BEACH	CA	92660	https://www.keezel.us	StartEngine Capital, LLC	0001665160	007-00007	
0001670254-17-000264	0			Clip Interactive, LLC	Limited Liability Company		CO	2012-01-14	3100 Carbon Place	Suite 102	Boulder	CO	80503	http://www.clipinteractive.com	Wefunder Portal LLC	0001670254	007-00033	283503
0001717605-17-000001	0			American Draft LLC	Limited Liability Company		TN	2017-09-11	1400 MARKET ST		CHATTANOOGA	TN	37402	http://americandraft.beer	GrowthFountain Capital LLC	0001668506	007-00028	
0001665160-17-000424	0			Care2.com, Inc.	Corporation		DE	1998-09-23	203 Redwood Shores Parkway, Suite 230		Redwood City	CA	94065	http://www.care2.com/	StartEngine Capital, LLC	0001665160	007-00007	
0001670254-17-000262	0	$137,398.00 in investments. Payments are still being processed; final number is yet to be determined.		Rental Marketplace, LLC	Limited Liability Company		DE	2015-07-06	14431 Ventura Blvd. # 232		Sherman Oaks	CA	91423	https://www.rentus.com	Wefunder Portal LLC	0001670254	007-00033	283503
0001665160-17-000422	0	At the close of the offering, the issuer sold 17,826 shares for $11,586.90.		SPARE CS, Inc.	Corporation		DE	2015-10-10	12000 RIVERSIDE DR.		VALLEY VILLAGE	CA	91607	www.gotspare.com	StartEngine Capital, LLC	0001665160	007-00007	
0001670254-17-000261	0	$1,070,000.00 in investments. Payments are still being processed; final number is yet to be determined.		WhiteClouds Inc.	Corporation		UT	2013-01-18	766 South Depot Drive	Suite 8	Ogden	UT	84404	https://www.whiteclouds.com/	Wefunder Portal LLC	0001670254	007-00033	283503
0001669191-17-000139	1		Changed share price	Fathom Drones Inc	Corporation		DE	2017-06-30	401 Hall Street	Suite 213	Grand Rapids	MI	49503	fathomdrone.com	NetCapital Funding Portal Inc.	0001669191	007-00035	283596
0001669191-17-000138	0			PERCEPTRE INC	Corporation		FL	2016-09-09	1422 Hendry St	3rd Floor	Fort Myers	FL	33901	perceptre.net	NetCapital Funding Portal Inc.	0001669191	007-00035	283596
0001665160-17-000421	1		Issuer has extended the end date of their offering and adjusted the maximum funding goal to $1,070,000.	MedAnswers	Corporation		DE	2012-12-05	1299 PENNSYLVANIA AVE	SUITE 700	WASHINGTON	DC	20004	www.medanswers.com	StartEngine Capital, LLC	0001665160	007-00007	
0001665160-17-000420	0			LARADA SCIENCES INC														
0001608695-17-000005	0		Extended the closing date from 9/30/2017 to 10/30/2017	G. Randall & Sons, Inc.	Corporation		CA	2014-04-08	2069 COAST BLVD		DEL MAR	CA	92014	Randysclub.com	truCrowd, Inc	0001667145	007-00015	
0001665160-17-000419	0			Print The Future Inc.														
0001669191-17-000131	0			Fathom Drones Inc	Corporation		DE	2017-06-30	401 Hall Street	Suite 213	Grand Rapids	MI	49503	fathomdrone.com	NetCapital Funding Portal Inc.	0001669191	007-00035	283596
0001717615-17-000003	0		Adding an additional exhibit that could not be properly formatted initially. Offering has not been made public yet. No investments have been received.	Triumph Wine Group, LLC	Limited Liability Company		CA	2016-09-02	600 TRANCAS STREET	2ND FLOOR	NAPA	CA	94558	http://triumphwinegroup.com/	FlashFunders Funding Portal, LLC	0001665087	007-00009	
0001665160-17-000418	0	At the end of the offering, the issuer closed on $123,851.00 and 17,693 shares.		Los Angeles SuperStars, Inc.	Corporation		NV	2017-01-22	1055 WEST 7TH STREET	33RD FLOOR	LOS ANGELES	CA	90017	www.lasuperstarsbb.com	StartEngine Capital, LLC	0001665160	007-00007	
0001640709-17-000008	0			Techotel, Inc.	Corporation		DE	2014-04-14	137 W. 25TH ST., 11TH FL.		NEW YORK	NY	10001	www.bellhop.me	OpenDeal Inc.	0001672732	007-00046	283874
0001640709-17-000007	0	The Issuer raised approximately $107,000 during the offering period. Payments are still being processed. The exact amount is yet to be determined.		Techotel, Inc.	Corporation		DE	2014-04-14	137 W. 25TH ST., 11TH FL.		NEW YORK	NY	10001	www.bellhop.me	OpenDeal Inc.	0001672732	007-00046	283874
0001716462-17-000001	0			Van Soups LLC	Limited Liability Company		CA	2013-08-08	13050 San Vicente Blvd		Los Angeles	CA	90049	https://soupure.com/	SI Securities, LLC	0001603038	008-69440	170937
0001665160-17-000416	0			The Real Bloody Mary, Co. LLC	Limited Liability Company		DE	2016-05-20	12711 Ventura Blvd. #290		Studio City	CA	91604	https://www.vampire.com/bloodymary	StartEngine Capital, LLC	0001665160	007-00007	
0001665160-17-000414	1		Extended the deadline of the offering.	Alkane Truck Company, Inc	Corporation		SC	2011-02-07	1053 LONDON STREET		MYRTLE BEACH	SC	29577	www.alkanetruckcompany.com	StartEngine Capital, LLC	0001665160	007-00007	
0001665160-17-000413	1		Extending the offering end date.	OPER, LLC	Limited Liability Company		DE	2015-02-24	911 WASHINGTON AVENUE	SUITE 731	ST. LOUIS	MO	63101	www.paywithoper.com	StartEngine Capital, LLC	0001665160	007-00007	
0001711471-17-000005	0			YeKim LLC														
0001717615-17-000002	0			Triumph Wine Group, LLC	Limited Liability Company		CA	2016-09-02	600 TRANCAS STREET	2ND FLOOR	NAPA	CA	94558	http://triumphwinegroup.com/	FlashFunders Funding Portal, LLC	0001665087	007-00009	
0001711429-17-000005	1		Updating to include the recent webinar and restate the deadline to raise the minimum amount.	Three Little Stooges Productions LLC	Limited Liability Company		CA	2016-05-12	1415 Gardena Ave.		Glendale	CA	91204	thethreelittlestooges.com	First Democracy VC	0001683054	007-00076	285360
0001684321-17-000007	1		Amend Offering Deadline to March 31, 2018, amend Par. (b)(1) and Par. (c) for management and ownership information of Manager Ranulfo Vizcarra, add audited statement and amend Par. (s) accordingly, amend Par. (I) to disclose marketing contracts and costs.	Italian Cafe, LLC	Limited Liability Company		IL	2014-07-14	21020 N. RAND RD., STE. C-4		LAKE ZURICH	IL	60047	www.goitaliancafellc.com	crowdsourcefunded.com	0001667727	007-00027	001400667
0001665872-17-000004	0		Extend the offering closing date to September 30, 2017	Stanley Grove LLC	Limited Liability Company		CA	2017-02-24	21 GRANDVIEW AVE		IRVINE	CA	92603	www.stanleygrove.com	MinnowCfunding LLC	0001665872	007-00020	
0001711429-17-000004	1		Updated to include a recent webinar	Three Little Stooges Productions LLC	Limited Liability Company		CA	2016-05-12	1415 Gardena Ave.		Glendale	CA	91204	thethreelittlestooges.com	First Democracy VC	0001683054	007-00076	285360
0001665160-17-000411	0			Atmos Home Inc.	Corporation		FL	2017-08-30	13761 Weatherstone Dr.		Spring Hill	FL	34609	http://atmoshome.tech/	StartEngine Capital, LLC	0001665160	007-00007	
0001669191-17-000128	0			HandStack P.B.C.	Corporation		DE	2015-08-07	535 Mission St.	Fl 14	San Francisco	CA	94105	bitesize.co	NetCapital Funding Portal Inc.	0001669191	007-00035	283596
0001665160-17-000408	0		Updated information about location of Issuer's annual report, and the date by which such report will be available on the Issuer's website.	Filmio, Inc.	Corporation		DE	2016-02-08	5825 OBERLIN DRIVE	SUITE 5	SAN DIEGO	CA	92121	filmio.com	StartEngine Capital, LLC	0001665160	007-00007	
0001716456-17-000004	1		"Amended financials to indicate ""independently reviewed"""	Digital Direct IR, Inc	Corporation		NY	1998-01-01	61-21 183RD STREET		FRESH MEADOWS	NY	11365	http://www.ir3inc.com	GrowthFountain Capital LLC	0001668506	007-00028	
0001649856-17-000002	0			Greensbury Market Corp.	Corporation		DE	2013-12-27	65 N Moore St.,		New York	NY	10013	https://www.greensbury.com/	SI Securities, LLC	0001603038	008-69440	170937
0001716954-17-000007	0			DIY Tee Shirts Screen Printing Supply, INC	Corporation		FL	2012-07-18	5942 BENJAMIN RD		TAMPA	FL	33634	http://merchmakr.com	StartWise, Inc.	0001675291	007-00054	285350
0001670254-17-000259	0		Change deadline date, include video transcripts, and updated business plan.	Balanced Software, Inc.	Corporation		DE	2016-08-17	548 Market Street #90291		San Francisco	CA	94104	https://balancemy.money	Wefunder Portal LLC	0001670254	007-00033	283503
0001670254-17-000260	0			San Francisco East Bay Brewing Inc.	Corporation		DE	2017-06-23	12893 Alcosta Blvd	Ste. N	San Ramon	CA	94583	http://www.sfebb.com	Wefunder Portal LLC	0001670254	007-00033	283503
0001665160-17-000407	1		Issuer is extending the end date of their offering by 30 days.	GeoOrbital Inc.	Corporation		DE	2014-08-07	1 BROADWAY 14TH FLOOR		CAMBRIDGE	MA	02142	www.geoo.com	StartEngine Capital LLC	0001665160	007-00007	
0001711429-17-000003	1		Extending the closing date to October 18, 2017	Three Little Stooges Productions LLC	Limited Liability Company		CA	2016-05-12	1415 Gardena Ave.		Glendale	CA	91204	thethreelittlestooges.com	First Democracy VC	0001683054	007-00076	285360
0001716174-17-000001	0			Tall Idea Labs, Inc.	Corporation		DE	2014-10-03	440 N Wolfe Rd		Sunnyvale	CA	94085	http://www.commerce.ai/	SI Securities, LLC	0001603038	008-69440	170937
0001644600-17-000164	0		Uploading video script.	Stemless Co.	Corporation		DE	2015-09-28	9400 SW MILLEN DRIVE		TIGARD	OR	97224	www.stemless.co	SI SECURITIES, LLC	0001603038	008-69440	000170937
0001716797-17-000001	0			Letz, Inc.	Corporation		DE	2017-08-29	3423 PIEDMOND ROAD, NE		ATLANTA	GA	30305	http://letz.do	SI SECURITIES, LLC	0001603038	008-69440	000170937
0001716588-17-000001	0			Axis Labs USA Inc.	Corporation		DE	2017-07-07	2035 Sunset Lake Road	Suite B-2	Newark	DE	19702	https://helloaxis.com/	SI Securities, LLC	0001603038	008-69440	170937
0001644600-17-000162	0			Stemless Co.	Corporation		DE	2015-09-28	9400 SW MILLEN DRIVE		TIGARD	OR	97224	www.stemless.co	SI SECURITIES, LLC	0001603038	008-69440	000170937
0001665160-17-000406	0	The amount of securities sold at the close of the offering was $1,069,999.70.		Gab Al Inc	Corporation		DE	2016-09-08	1200 E PARMER LANE	APT 130	AUSTIN	TX	78753	https://gab.ai/	StartEngine Capital, LLC	0001665160	007-00007	
0001670254-17-000257	0			My Joy Yoga, LLC	Limited Liability Company		TX	2013-08-14	11435 Gallant Ridge Lane		Houston	TX	77082	http://www.myjoyyoga.com	Wefunder Portal LLC	0001670254	007-00033	283503
0001710903-17-000006	0		The Form C of the Company dated August 24, 2017 is hereby amended to shorten the offering deadline to September 22, 2017 at 11:59pm PT.	Light Phone Inc.	Corporation		DE	2015-02-23	19 MORRIS AVENUE	NEW LAB	BROOKLYN	NY	11205	www.lightphone.com	OpenDeal Inc.	0001672732	007-00046	283874
0001716130-17-000001	0			GuestOf, Inc.	Corporation		DE	2017-08-29	2025 Washington Ave	Suite 214	Philadelphia	PA	19146	https://www.guestofapp.com/	SI Securities, LLC	0001603038	008-69440	170937
0001640709-17-000006	0		The Form C of the Company dated September 1, 2017 is hereby amended to shorten the offering deadline to September 24, 2017 at 11:59pm PT.	Techotel, Inc.	Corporation		DE	2014-04-14	137 W. 25TH ST., 11TH FL.		NEW YORK	NY	10001	www.bellhop.me	OpenDeal Inc.	0001672732	007-00046	283874
0001669191-17-000126	0	End of offering		Caylent, Inc.	Corporation		DE	2015-08-07	415 Madison	4th Floor	New York	NY	10017	https://caylent.com	NetCapital Funding Portal Inc.	0001669191	007-00035	283596
0001715813-17-000002	0		Revised website description in offering circular. No investment was accepted prior to the filing of this amendment.	PieShell, LLC	Limited Liability Company		DE	2015-07-28	15 ABINGDON SQUARE	#31	NEW YORK	NY	10014	http://www.pieshell.com	SI SECURITIES, LLC	0001603038	008-69440	000170937
0001715704-17-000001	0			CrediBLL Inc.	Corporation		DE	2016-08-22	39510 Paseo Padre Parkway	Suite 110	Fremont	CA	94538	https://www.credibll.com/	SI Securities, LLC	0001603038	008-69440	170937
0001665160-17-000405	1		Issuer is adding a discounted share price for the next 32 days, clarifying one risk factor and liquidity and capital resources statement, and extending the offering end date by 85 days.	Bringpro, Inc.	Corporation		DE	2017-06-09	5151 CALIFORNIA STREET	SUITE 100	IRVINE	CA	92617	https://bringpro.com/	StartEngine Capital, LLC	0001665160	007-00007	
0001715749-17-000001	0			3DaGoGo, Inc	Corporation		DE	2013-09-23	101 West Broadway, Suite 1120		San Diego	CA	92101	http://AstroPrint.com	First Democracy VC	0001683054	007-00076	285360
0001710938-17-000007	1		Extended close date (10/16/17); Revised estimated cost of plating and cutting equipment and remaining balance of $165k; Update equipment financing from original price of $300k to $215k; and 4) Updated financials from June month-end to August month-end	Franklin and Cortlandt Vinyl LLC	Limited Liability Company		FL	2016-04-28	14097 NW 19th Avenue		Opa Locka	FL	33054	https://www.sunpressvinyl.com	First Democracy VC	0001683054	007-00076	285360
0001710938-17-000006	1		Extended close date (10/16/17); Revised estimated cost of plating and cutting equipment and remaining balance of $165k; Update equipment financing from original price of $300k to $215k; and 4) Updated financials from June month-end to August month-end	Franklin and Cortlandt Vinyl LLC	Limited Liability Company		FL	2016-04-28	14097 NW 19th Avenue		Opa Locka	FL	33054	https://www.sunpressvinyl.com	First Democracy VC	0001683054	007-00076	285360
0001716456-17-000002	0			Digital Direct IR, Inc	Corporation		NY	1998-01-01	61-21 183RD STREET		FRESH MEADOWS	NY	11365	http://www.ir3inc.com	GrowthFountain Capital LLC	0001668506	007-00028	
0001670254-17-000256	0			Digitally Imported, Inc.	Corporation		NY	2000-08-24	383 Corona Street	Suite 310	Denver	CO	80218	http://www.di.fm	Wefunder Portal LLC	0001670254	007-00033	283503
0001665160-17-000403	0			Ovanova, Inc	Corporation		DE	2015-09-02	5822 Waring Ave		Hollywood	CA	90038	www.ovanova.co	StartEngine Capital, LLC	0001665160	007-00007	
0001670254-17-000255	0		Include video transcripts and updated business plan.	PlantSnap Inc.	Corporation		NV	2016-06-16	473.5 West Colorado Ave.		Telluride	CO	81435	http://www.plantsnap.net	Wefunder Portal LLC	0001670254	007-00033	283503
0001715813-17-000001	0			PieShell, LLC	Limited Liability Company		DE	2015-07-28	15 ABINGDON SQUARE	#31	NEW YORK	NY	10014	http://www.pieshell.com	SI SECURITIES, LLC	0001603038	008-69440	000170937
0001710938-17-000005	1		The Closing Date for this offering has been changed to October 16th, 2017.	Franklin and Cortlandt Vinyl LLC	Limited Liability Company		FL	2016-04-28	14097 NW 19th Avenue		Opa Locka	FL	33054	https://www.sunpressvinyl.com	First Democracy VC	0001683054	007-00076	285360
0001710938-17-000004	0	The close date of this offering is changing to October 16, 2017		Franklin & Cortlandt Vinyl LLC	Limited Liability Company		FL	2016-04-28	14097 NW 19TH AVENUE		OPA LOCKA	FL	33054	https://www.sunpressvinyl.com	First Democracy VC	0001683054	007-00076	285360
0001669191-17-000124	0			YouStake, Inc.	Corporation		DE	2015-05-01	618 S 11th St	Suite 140	Las Vegas	NV	89101	http://www.youstake.com	NetCapital Funding Portal Inc.	0001669191	007-00035	283596
0001708179-17-000004	0	The issuer has raised a total of $125,000.		Hoke Poke 5077 Lankershim, LLC	Limited Liability Company		CA	2016-06-29	6230A WILSHIRE BLVD. #49		LOS ANGELES	CA	90048	hokepoke.com	NextSeed US LLC	0001667892	007-00023	283225
0001670254-17-000254	0		Offering closed on July 24 2017, maximum increased to $1.07M, updated past offering, includes video transcripts, and updated business plan.	Meow Wolf, Inc.	Other	Public Benefit Corporation	DE	2016-11-28	1352 Rufina Cir		Santa Fe	NM	87507	https://meowwolf.com	Wefunder Portal LLC	0001670254	007-00033	283503
0001665160-17-000400	0			Bright Locker, Inc.	Corporation		TX	2014-03-23	12731 Research Blvd. Suite A102		Austin	TX	78759	https://www.brightlocker.com	StartEngine Capital, LLC	0001665160	007-00007	
0001665160-17-000398	0	The amount of securities sold at the close of the offering is $14,462.00 for 7,231 shares.		WindowMirror	Corporation		IL	2014-08-02	5440 W BERTEAU	SUITE 1	CHICAGO	IL	60641	www.windowmirror.org	StartEngine Capital, LLC	0001665160	007-00007	
0001695657-17-000004	0		Correct inaccuracies in offering statement	Gorge Training Facility, LLC	Limited Liability Company		OR	2014-08-15	543 NE BRAZEE		PORTLAND	OR	97212	www.rutefoundations.com	GRIDSHARE LLC	0001665812	007-00018	
0001665160-17-000397	1		Issuer has removed one of its officers and extended their campaign end date 60 days.	Baja United Imports, Inc.	Corporation		DE	2017-05-11	3183 AIRWAY AVE	SUITE C	IRVINE	CA	92626	www.bajaunitedgroup.com	StartEngine Capital, LLC	0001665160	007-00007	
0001695657-17-000002	0		Corrected certain information in offering statement	Pristine Sun Corp	Corporation		DE	2016-08-26	548 MARKET STREET	SUITE 13000	SAN FRANCISCO	OR	94104-5401	www.pristinesun.com	GRIDSHARE LLC	0001665812	007-00018	
0001665160-17-000396	0	The amount of security sold at the close of the offering was $55,800 for 55,800 shares.		SXC Live Inc.	Corporation		DE	2016-09-12	11601 WILSHIRE BLVD., SUITE 500		LOS ANGELES	CA	90025	www.seatXchange.com	StartEngine Capital, LLC	0001665160	007-00007	
0001706031-17-000003	1		Updated terms of the offering, including target offering amount and offering termination date.	Suite 100 Edwards LLC	Limited Liability Company		TX	2016-08-24	12114 ROCKY KNOLL DR		HOUSTON	TX	77077	www.poitinhouston.com	NextSeed US LLC	0001667892	007-00023	283225
0001715013-17-000001	0			Edge Tech Labs, LLC	Limited Liability Company		VA	2013-08-16	2221 S. CLARK ST.	FLOOR 12	ARLINGTON	VA	22202	www.EdgeTechLabs.com	OpenDeal Inc.	0001672732	007-00046	283874
0001711875-17-000003	0		The Form C of the Company dated July 28, 2017 is hereby amended to: (i) increase the maximum offering amount and number of securities to be offered; (ii) extend the offering deadline; and (iii) attach reviewed financial statements of the Company.	Jetpack Inc	Corporation		DE	2017-05-09	610 BOWDOIN LANE	APARTMENT 528	STANFORD	CA	94305	www.jtpk.co	OpenDeal, Inc., dba Republic	0001672732	007-00046	283874
0001713410-17-000001	0			Happy gifts Inc	Corporation		DE	2017-03-06	833 S SPRING ST #208		LOS ANGELES	CA	90014	http://www.ivoryclasp.com	OpenDeal Inc.	0001672732	007-00046	283874
0001715417-17-000001	0			Alkalign Holding Company, LLC	Limited Liability Company		DE	2017-07-07	309 YALE RD		MENLO PARK	CA	94025	https://alkalignstudios.com/	NextSeed US LLC	0001667892	007-00023	283225
0001670254-17-000252	0			Eliot's Adult Nut Butters LLC	Limited Liability Company		OR	2013-10-24	39 NE Thompson St.		Portland	OR	97212	http://eliotsadultnutbutters.com/	Wefunder Portal LLC	0001670254	007-00033	283503
0001669191-17-000123	0		Closing round early since maximum funding amount is being reached	Caylent, Inc.	Corporation		DE	2015-08-07	415 Madison	4th Floor	New York	NY	10017	https://caylent.com	NetCapital Funding Portal Inc.	0001669191	007-00035	283596
0001708142-17-000008	0	$450.008 in investments. Payments are still being processed; final number is yet to be determined.		Ironclad Distillery, Inc.	Corporation		VA	2014-05-22	124 23RD ST.		NEWPORT NEWS	VA	23607	ironcladdistillery.com	First Democracy VC	0001683054	007-00076	285360
0001714426-17-000001	0			Text to Tickets, Inc	Corporation		CA	2017-01-04	1200 Gough St.	Unit 8B	San Francisco	CA	94109	https://texttoticket.com/	SI Securities, LLC	0001603038	008-69440	170937
0001669191-17-000122	0	End of offering		VolAero UAV & Drones Holdings Corp.	Corporation		FL	2016-05-19	14530 Biscayne Blvd		Miami	FL	33181	www.volaerodrones.com	NetCapital Funding Portal Inc.	0001669191	007-00035	283596
0001640709-17-000004	0			Techotel, Inc.	Corporation		DE	2014-04-14	137 W. 25th St., 11th Fl.		NEW YORK	NY	10001	www.bellhop.me	OpenDeal Inc.	0001672732	007-00046	283874
0001670254-17-000251	1		Personnel changes, updated disclosures regarding Dr. Joseph Cotropia medical license being revoked, and updated business plan.	BioClonetics Immunotherapeutics, Inc.	Corporation		TX	2009-12-24	1756 Bison Meadow Lane		Heath	TX	75032	http://www.bioclonetics.com	Wefunder Portal LLC	0001670254	007-00033	283503
0001665160-17-000395	1		Issuer has extended the end date of their campaign 60 days.	Mi Ola, Incorporated	Corporation		NY	2012-01-25	21 Atlantic Walk		Breezy Point	NY	11697	http://mi-ola.com/	StartEngine Capital, LLC	0001665160	007-00007	
0001644600-17-000160	0	Our best estimate for the offering is $450,000.		WhereBy.Us Enterprises, Inc	Corporation		FL	2014-07-08	1951 NW 7TH AVE SUITE 600	SUITE 600	MIAMI	FL	33136	www.whereby.us	SI SECURITIES, LLC	0001603038	008-69440	000170937
0001665160-17-000392	0			WAMI, Inc	Corporation		DE	2012-07-25	1636 Wilcox Avenue		Hollywood	CA	90028	www.wami.com	StartEngine Capital, LLC	0001665160	007-00007	
0001670254-17-000249	0			KALiiN, LLC	Limited Liability Company		TN	2017-02-14	5865 Ridgeway Center Parkway, Suite 300		Memphis	TN	38120	http://www.kaliin.com	Wefunder Portal LLC	0001670254	007-00033	283503
0001691942-17-000005	0	$375,983.30 is our best estimate for the total amount of securities that will be sold.		Voyage Media Inc.	Corporation		CA	2004-01-05	4223 GLENCOE AVE SUITE B119		MARINA DEL REY	CA	90292	www.voyagemedia.com	Wefunder Portal LLC	0001670254	007-00033	283503
0001670254-17-000244	0		Extend deadline to 1/31/18	Chicago Steak Company, Inc.	Corporation		MD	2007-10-26	350 B  Christopher Ave		Gaithersburg	MD	20879	http://www.mychicagosteak.com	Wefunder Portal LLC	0001670254	007-00033	283503
0001670254-17-000247	0			SpaceFab.US, Inc.	Corporation		DE	2016-01-07	30542 Via Estoril		Laguna Niguel	CA	92677	http://www.spacefab.us	Wefunder Portal LLC	0001670254	007-00033	283503
0001665160-17-000390	1		Issuer is changing the type of security offered to Common Stock and extending the end date by 90 days.	Go Fish Marketplace Inc.	Corporation		DE	2016-09-23	1390 MARKET ST	#1608	SAN FRANCISCO	CA	94102	www.GoFishMarketplace.com	StartEngine Capital, LLC	0001665160	007-00007	
0001665160-17-000388	0			Quad Marine, Inc.	Corporation		DE	2017-04-10	P.O. Box 1434		El Segundo	CA	90245	www.QuadMarine.com	StartEngine Capital, LLC	0001665160	007-00007	
0001557286-17-000013	0	$83,793 in investments. Payments are still being processed; final number is yet to be determined.		Princeton Audio, LLC.	Limited Liability Company		WI	2014-06-16	544 W. WATER ST.		PRINCETON	WI	54968	princeton-audio.com	First Democracy VC	0001683054	007-00076	285360
0001665160-17-000386	0	At the close of the offering issuer had sold 314,285 shares for $109,999.75.		Magnabid	Corporation		DE	2015-11-19	9735 WILSHIRE BLVD #123		BEVERLY HILLS	CA	90212	www.magnabid.com	StartEngine Capital, LLC	0001665160	007-00007	
0001557286-17-000012	0	$395,333 in investments. Payments are still being processed; final number is yet to be determined.		Plant Power Encinitas, LLC	Limited Liability Company		CA	2015-07-06	411 SANTA FE DRIVE		ENCINITAS	CA	92024	www.plantpowerfastfood.com	First Democracy VC	0001683054	007-00076	285360
0001557286-17-000011	0	$722,978 in investments. Payments are still being processed; final number is yet to be determined.		NAPA VALLEY LIMONCELLO COMPANY, LLC	Limited Liability Company		CA	2009-02-13	2485 STOCKTON STEET		NAPA	CA	94559	napadistillery.com	First Democracy VC	0001683054	007-00076	285360
0001670254-17-000243	1		Change deadline date, increasing maxmimum offering amount, and updated business plan.	Legion M Entertainment, Inc.	Corporation		DE	2016-03-04	6425 Christie Ave. Suite 500		Emeryville	CA	94608	http://www.thelegionm.com	Wefunder Portal LLC	0001670254	007-00033	283503
0001715599-17-000001	0			Full Circle Brewing, Co. Ltd. LLC	Limited Liability Company		CA	1998-05-01	620 F. STREET		FRESNO	CA	93706	www.fullcirclebrewing.com	NOBLES & RICHARDS, INC.	0001430284	008-67859	000146870
0001715385-17-000005	0		Changes to the Form C Use of Proceeds	JGL Enterprises LLC	Limited Liability Company		WI	2016-01-01	270 E HIGHLAND AVE		MILWAUKEE	WI	53202	http://stakehaul.io/	GrowthFountain Capital LLC	0001668506	007-00028	
0001669191-17-000119	0			Photog LLC	Limited Liability Company		MI	2017-04-18	602 Catherine Street	Apt 2	Ann Arbor	MI	48104	find-a-photog.com	NetCapital Funding Portal Inc.	0001669191	007-00035	283596
0001669191-17-000117	0			JustHuynh Inc.	Corporation		DE	2016-10-14	15 Mount Vernon Street	Apt 2	Dorchester	MA	02125	www.justhuynh.com	NetCapital Funding Portal Inc.	0001669191	007-00035	283596
0001670254-17-000242	0		Include video transcripts. Include latest snapshot of business plan.	MySwimPro, Inc.	Corporation		DE	2015-03-23	301 East Liberty	Suite 701	Ann Arbor	MI	48104	http://myswimpro.com	Wefunder Portal LLC	0001670254	007-00033	283503
0001674439-17-000009	0		Extended the campaign until 11/24/2017.	NextRX Inc.	Corporation		NV	2015-09-01	8670 WEST CHEYENNE AVENUE	SUITE 120	LAS VEGAS	NV	89129	www.nextrx.net	truCrowd, Inc	0001667145	007-00015	
0001715385-17-000003	0			JGL Enterprises LLC	Limited Liability Company		WI	2016-01-01	270 E HIGHLAND AVE		MILWAUKEE	WI	53202	https://itunes.apple.com/us/app/stakehaul-the-betting-app/id1126331636?mt=8	GrowthFountain Capital LLC	0001668506	007-00028	
0001708099-17-000002	0		The Application Period for accepting subscriptions is being extended from August 31, 2017 to 7 o'clock pm Central Time October 3, 2017.	CF0006, LLC	Limited Liability Company		TX	2017-02-21	4550 POST OAK PL	STE 119	HOUSTON	TX	77027	cf0006.crudefunders.com	NORTH CAPITAL PRIVATE SECURITIES CORPORATION	0001496269	008-68648	000154559
0001670254-17-000240	0			M and M MEDIA, INC.	Corporation		DE	2014-05-13	2500 Broadway, Building F	Ste F-125	Santa Monica	CA	90404	https://trebel.io/	Wefunder Portal LLC	0001670254	007-00033	283503
0001665160-17-000384	0			Obron Restaurant Waiter, Inc.	Corporation		DE	2017-06-30	15642 Sand Canyon Ave.	Unit 54025	Irvine	CA	92619	https://www.obronwaiter.com	StartEngine Capital, LLC	0001665160	007-00007	
0001712565-17-000001	0			Taxdrop Inc.	Corporation		DE	2017-07-17	6 WYCKLOW DRIVE		ROBBINSVILLE	NJ	08691	www.taxdropapp.com	OpenDeal Inc.	0001672732	007-00046	283874
0001710903-17-000005	0	The Issuer raised approximately $106,393 during the offering period.  Payments are still being processed; the exact amount is yet to be determined.		Light Phone Inc.	Corporation		DE	2015-02-23	19 MORRIS AVENUE	NEW LAB	BROOKLYN	NY	11205	www.lightphone.com	OpenDeal Inc.	0001672732	007-00046	283874
0001665160-17-000382	1		Issuer has updated their financials with a certified accountant review and increased maximum funding goal to $1,070,000	Green Gear Cycling Inc. DBA Bike Friday	Corporation		OR	1994-11-30	3364 West 11th Avenue		Eugene	OR	97402	www.bikefriday.com	StartEngine Capital, LLC	0001665160	007-00007	
0001715385-17-000001	0			Liberty Acres Farm LLC	Limited Liability Company		PA	2016-02-02	1823 LAKE MINSI DRIVE		BANGOR	PA	18013	http://www.LibertyAcresFarmPa.com	GrowthFountain Capital LLC	0001668506	007-00028	
0001665160-17-000380	1		Issuer is extending the end date of their campaign.	Vibrant TV, LLC	Limited Liability Company		IL	2011-08-15	990 GROVE STREET, SUITE 300		EVANSTON	IL	60201	https://vibrant.tv	StartEngine Capital, LLC	0001665160	007-00007	
0001710903-17-000004	0			Light Phone Inc.	Corporation		DE	2015-02-23	19 MORRIS AVENUE	NEW LAB	BROOKLYN	NY	11205	www.lightphone.com	OpenDeal Inc.	0001672732	007-00046	283874
0001665160-17-000377	0			Symmpl, Inc.	Corporation		DE	2014-05-13	344 Arno Way		Pacific Palisades	CA	90272	https://Symmpl.com	StartEngine Capital, LLC	0001665160	007-00007	
0001665160-17-000379	1		Amendment to the subscription agreement	EZ-Coco, LLC	Limited Liability Company		WY	2013-05-16	412 N MAIN ST.	#100	BUFFALO	WY	82834	https://www.coco-jack.com/	StartEngine Capital, LLC	0001665160	007-00007	
0001665160-17-000373	0			VitaPerk LLC	Limited Liability Company		MI	2010-01-11	6960 Orchard Lake Rd, Suite 340		West Bloomfield	MI	48322	www.vitaperk.com	StartEngine Capital, LLC	0001665160	007-00007	
0001710013-17-000001	0			Distributed Security, Inc.	Corporation		IL	2011-03-16	518 S. Route 31 #238		McHenry	IL	60050	www.distributedsecurity.com	truCrowd, Inc	0001667145	007-00015	
0001687688-17-000008	0			Your Active World Holdings, Inc.														
0001665160-17-000370	0			Smash Global, LLC	Limited Liability Company		CA	2015-02-04	4 Faneuil Hall Market Pl	Suite 4005	Boston	MA	02109	https://www.smashglobal.com/	StartEngine Capital, LLC	0001665160	007-00007	
0001665160-17-000368	0		Update to the indebtedness section.	GRACEDBYGRIT	Corporation		DE	2013-01-18	153 N. HIGHWAY 101, SUITE #102		SOLANA BEACH	CA	92075	WWW.GRACEDBYGRIT.COM	StartEngine Capital, LLC	0001665160	007-00007	
0001711451-17-000004	1		Amending the last day to invest to October 23, 2017. No investment was accepted prior to the filing of this amendment.	Rivalcade Inc.	Corporation		FL	2015-05-08	12309 Eagle Chase Way Trinity		Trinity	FL	34655	http://rivalcades.com/	SeedInvest	0001603038	008-69440	170937
0001711451-17-000003	1		Rivalcade did not go live prior to the filing of this amendment.	Rivalcade Inc.	Corporation		FL	2015-05-08	12309 Eagle Chase Way Trinity		Trinity	FL	34655	http://rivalcades.com/	SeedInvest	0001603038	008-69440	170937
0001644600-17-000159	0		Revise the perks and the use of proceeds	Logic Product Group LLC	Limited Liability Company		DE	2010-09-22	100 WILLOUGHBY ST.	SUITE 4H	BROOKLYN	NY	11201	logicproducts.com	SI SECURITIES, LLC	0001603038	008-69440	000170937
0001665160-17-000367	1		Issuer has updated their financials with a certified accountant review and changed the maximum funding goal to $1,070,000.	GRACEDBYGRIT	Corporation		DE	2013-01-18	153 N. HIGHWAY 101, SUITE #102		SOLANA BEACH	CA	92075	WWW.GRACEDBYGRIT.COM	StartEngine Capital, LLC	0001665160	007-00007	
0001665160-17-000366	1		Increasing the maximum funding goal to $107,000 and extending the offering end date.	Next Future Transportation Inc.	Corporation		DE	2015-02-27	246 RACE STREET		SAN JOSE	CA	95126	http://www.next-future-mobility.com	StartEngine Capital, LLC	0001665160	007-00007	
0001670254-17-000239	0		Move deadline date to Aug 25th	OODLES CORPORATION	Corporation		CA	2017-02-10	3626 Sandalford Way		San Ramon	CA	94582	http://www.oodlescorp.com	Wefunder Portal LLC	0001670254	007-00033	283503
0001670254-17-000238	0			Ganaz Inc.	Corporation		DE	2017-04-26	6312 32nd Ave NW	Unit E	Seattle	WA	98107	http://www.ganazapp.com	Wefunder Portal LLC	0001670254	007-00033	283503
0001644600-17-000156	0			Logic Product Group LLC	Limited Liability Company		DE	2010-09-22	100 Willoughby St.	Suite 4H	Brooklyn	NY	11201	logicproducts.com	SI SECURITIES, LLC	0001603038	008-69440	000170937
0001665160-17-000361	0			GarageSkins, Inc.	Corporation		OR	2014-12-24	2191 MEADOW PLACE SE		ALBANY	OR	97322	http://www.garageskins.com	StartEngine Capital, LLC	0001665160	007-00007	
0001665160-17-000364	0			bringpro, Inc.	Corporation		DE	2017-06-09	5151 California Street	Suite 100	Irvine	CA	92617	https://bringpro.com/	StartEngine Capital, LLC	0001665160	007-00007	
0001670254-17-000236	0			Modbook Inc.	Corporation		CA	2012-02-02	18341 Sherman Way	Suite 100	Los Angeles (Reseda)	CA	91335	http://www.modbook.com/	Wefunder Portal LLC	0001670254	007-00033	283503
0001445866-17-001236	1		Exhibit 991.pdf is replaced with a signed one.	365 West 10th Street, Inc.	Corporation		DE	2017-08-11	16299 FOOTHILL BLVD		FONTANA	CA	92335	365 West 10th Street, Inc.	DreamFunded MarketPlace, LLC	0001670761	007-00037	6639970
0001665160-17-000356	0			EZ-Coco, LLC	Limited Liability Company		WY	2013-05-16	412 N Main St.	#100	Buffalo	WY	82834	https://www.coco-jack.com/	StartEngine Capital, LLC	0001665160	007-00007	
0001445866-17-001230	0			365 West 10th Street, Inc.	Corporation		DE	2017-08-11	16299 FOOTHILL BLVD		FONTANA	CA	92335	365 West 10th Street, Inc.	DreamFunded MarketPlace, LLC	0001670761	007-00037	6639970
0001708179-17-000003	1		The minimum offering amount is changed to $50,000 and the offering deadline is extended to September 5, 2017.	Hoke Poke 5077 Lankershim, LLC	Limited Liability Company		CA	2016-06-29	6230A WILSHIRE BLVD. #49		LOS ANGELES	CA	90048	hokepoke.com	NextSeed US LLC	0001667892	007-00023	283225
0001517560-17-000009	0		Offering page included to the Issuer's initial Form C filing updated to incorporate (i) minor formatting and grammatical edits, and (ii) the Issuer's current progress in meeting the Target Offering Amount.	Geostellar, Inc.	Corporation		DE	2010-02-22	224 WEST KING STREET		MARTINSBURG	WV	25401	https://geostellar.com/	OpenDeal Inc.	0001672732	007-00046	
0001714567-17-000001	0			SOCKWA Corp	Corporation		CA	2008-03-27	4347 RAYTHEON ROAD	BUILDING 4	OXNARD	CA	93033	http://www.sockwa.com	StartWise, Inc.	0001675291	007-00054	285350
0001665160-17-000353	0			Big Picture Artists, LLC	Limited Liability Company		CA	2015-12-17	6626 Franklin Ave	Suite 107	Los Angeles	CA	90028	www.bigpictureartists.com	StartEngine Capital, LLC	0001665160	007-00007	
0001665160-17-000354	1		Extending the campaign end date and increasing maximum funding goal to $1,069,999.70. Updated Financial Review attached as Exhibit B to Form C.	Magnabid	Corporation		DE	2015-11-19	9735 WILSHIRE BLVD #123		BEVERLY HILLS	CA	90212	www.magnabid.com	StartEngine Capital, LLC	0001665160	007-00007	
0001517560-17-000008	0		Insertion of missing page inadvertently excluded from Form C filing.	Geostellar, Inc.	Corporation		DE	2010-02-22	224 WEST KING STREET		MARTINSBURG	WV	25401	https://geostellar.com/	OpenDeal Inc.	0001672732	007-00046	
0001714511-17-000001	0			Nava Pets Inc	Corporation		FL	2013-01-03	400 NORTH STREET	STE. 184	LONGWOOD	FL	32750	navapets.com	StartWise, Inc.	0001675291	007-00054	285350
0001522456-17-000006	0	The Issuer raised approximately $628,609.53 during the offering period.  Payments are still being processed; final amount is yet to be determined.		Portalarium, Inc.	Corporation		DE	2009-09-24	3410 FAR WEST BLVD	SUITE 275	AUSTIN	TX	78731	www.shroudoftheavatar.com	SeedInvest, LLC	0001603038	008-69440	170937
0001695656-17-000006	0		Updated disclosures	Pristine Sun WI, LLC	Limited Liability Company		WI	2015-08-01	548 MARKET STREET	SUITE 13000	SAN FRANCISCO	OR	94104-5401	www.pristinesun.com	GRIDSHARE LLC	0001665812	007-00018	
0001711451-17-000001	0			Rivalcade Inc.	Corporation		FL	2015-05-08	12309 Eagle Chase Way Trinity		Trinity	FL	34655	http://rivalcades.com/	SeedInvest	0001603038	008-69440	170937
0001695656-17-000005	0		Updated disclosures in offering statement	Pristine Sun Corp	Corporation		DE	2016-08-26	548 MARKET STREET	SUITE 13000	SAN FRANCISCO	CA	94104-5401	www.pristinesun.com	GRIDSHARE LLC	0001665812	007-00018	
0001694011-17-000006	0		Include additional disclosures in the Offering Statement	Biopropulsion, LLC	Limited Liability Company		OR	2017-01-31	PO BOX 14741		PORTLAND	OR	97293-0741	www.can-trade-secret.com	GRIDSHARE LLC	0001665812	007-00018	
0001694011-17-000005	0		Add additional disclosures to offering statement	Gorge Training Facility, LLC	Limited Liability Company		OR	2014-08-15	543 NE BRAZEE		PORTLAND	OR	97212	www.rutefoundations.com	GRIDSHARE LLC	0001665812	007-00018	
0001665160-17-000351	1		Issuer is extending the end date of their campaign.	Filmio, Inc.	Corporation		DE	2016-02-08	5825 OBERLIN DRIVE	SUITE 5	SAN DIEGO	CA	92121	filmio.com	StartEngine Capital, LLC	0001665160	007-00007	
0001670254-17-000234	0			Popshots LLC	Limited Liability Company		DE	2012-12-20	205 East 42nd St	15th Floor	New York	NY	10017	http://www.LiqsShot.com	Wefunder Portal LLC	0001670254	007-00033	283503
0001670254-17-000233	1		Early bird $100k -> $250k. Also early investor (CEOs father) returned $70k of $130k to make room for more investors at $2.5M cap	Balanced Software, Inc.	Corporation		DE	2016-08-17	548 Market Street #90291		San Francisco	CA	94104	https://balancemy.money	Wefunder Portal LLC	0001670254	007-00033	283503
0001517560-17-000006	0			Geostellar, Inc.	Corporation		DE	2010-02-22	224 WEST KING STREET		MARTINSBURG	WV	25401	https://geostellar.com/	OpenDeal Inc.	0001672732	007-00046	
0001713789-17-000002	0			Rustik 77, LLC	Limited Liability Company		NY	2016-12-02	471 DEKALB AVENUE		BROOKLYN	NY	11205	http://www.rustiktavern.com	GrowthFountain Capital LLC	0001668506	007-00028	
0001670254-17-000232	0		Include video transcripts, changed deadline date to June 9, and updated business plan.	Minds Inc.	Corporation		DE	2011-10-03	PO Box 7681		Wilton	CT	06897	https://minds.com	Wefunder Portal LLC	0001670254	007-00033	283503
0001670254-17-000230	0		Increase max offering to $1.07M.	Hopster's LLC	Limited Liability Company		MA	2013-04-05	292 Centre Street		Newton	MA	02458	http://www.hopstersbrew.com	Wefunder Portal LLC	0001670254	007-00033	283503
0001665160-17-000349	0			MUMO, Inc	Corporation		CA	2015-03-24	2404 Wilshire Blvd. Unit 4i		Los Angeles	CA	90057	http://mumo.me/	StartEngine Capital, LLC	0001665160	007-00007	
0001669191-17-000112	1		Previous Form C/A should have indicated material change.	Involved, Inc.	Corporation		DE	2017-02-25	72 Gardner St	Apt. F1	Allston	MA	02134	involved.mobi	NetCapital Funding Portal Inc.	0001669191	007-00035	283596
0001713167-17-000004	0		Updating the Offering Information to reflect the information in the Form C filing.	French Morning Media Group Inc	Corporation		DE	2017-07-21	27 West 20th Street	Suite 800	New York	NY	10011	frenchmorning.com	First Democracy VC	0001683054	007-00076	285360
0001713167-17-000003	1		Replacing previous attachment in its entirety	French Morning Media Group Inc	Corporation		DE	2017-07-21	27 West 20th Street	Suite 800	New York	NY	10011	frenchmorning.com	First Democracy VC	0001683054	007-00076	285360
0001713167-17-000001	0			French Morning Media Group Inc	Corporation		DE	2017-07-21	27 West 20th Street	Suite 800	New York	NY	10011	frenchmorning.com	First Democracy VC	0001683054	007-00076	285360
0001669191-17-000110	0		Corrected financials	Involved, Inc.	Corporation		DE	2017-02-25	72 Gardner St	Apt. F1	Allston	MA	02134	involved.mobi	NetCapital Funding Portal Inc.	0001669191	007-00035	283596
0001710938-17-000003	0		Adding the webinar transcript.	Franklin and Cortlandt Vinyl LLC	Limited Liability Company		FL	2016-04-28	14097 NW 19th Avenue		Opa Locka	FL	33054	https://www.sunpressvinyl.com	First Democracy VC	0001683054	007-00076	285360
0001710619-17-000002	0			Modamily Inc.	Corporation		DE	2011-08-05	630 N. Cherokee Ave		Los Angeles	CA	90004	http://modamily.com	SI Securities, LLC	0001603038	008-69440	170937
0001644600-17-000152	0	$455,000 is our best estimate for the total amount of securities that will be sold		CHRGR Inc.	Corporation		NY	2006-04-18	873 BROADWAY, SUITE 305		NEW YORK	NY	10003	www.chrgr.co	SI SECURITIES, LLC	0001603038	008-69440	000170937
0001665160-17-000346	0			Green Gear Cycling Inc. DBA Bike Friday	Corporation		OR	1994-11-30	3364 West 11th Avenue		Eugene	OR	97402	www.bikefriday.com	StartEngine Capital, LLC	0001665160	007-00007	
0001625242-17-000019	0	The offering has successfully met the minimum raise and is closing. Total amount raised was $256,082 for a total of 761,246 shares sold.		SecurShade Inc	Corporation		DE	2016-05-15	8 LEROY RD		WILLISTON	VT	05495	http://gordonswindowdecor.com/securshade/	VENTURE.CO BROKERAGE SERVICES LLC	0001625242	008-69560	000173924
0001687688-17-000007	1		This amendment provides further elaboration on how the securities being offered are being valued.	Your Active World Holdings, Inc.	Corporation		FL	2016-07-25	735 ISLAND ESTATES		CLEARWATER	FL	33767	http://www.youractiveworld.com/	Mr. Crowd	0001666102	007-00042	284278
0001670254-17-000227	1		Extend deadline date, renamed LLC, no longer moving to 17th street location, and update business plan.	Lizzy and Hae, LLC	Limited Liability Company		CA	2017-04-19	747 54th St.	#4	Oakland	CA	94609	http://www.greaseboxoakland.com/	Wefunder Portal LLC	0001670254	007-00033	283503
0001665160-17-000340	0			MockOut, Inc.	Corporation		NC	2016-05-17	2521 W Wilson St.		Durham	NC	27705	www.mockout.com	StartEngine Capital, LLC	0001665160	007-00007	
0001670254-17-000229	0		Changed deadline date, include video transcripts, and updated business plan.	Rental Marketplace, LLC	Limited Liability Company		DE	2015-07-06	14431 Ventura Blvd. # 232		Sherman Oaks	CA	91423	https://www.rentus.com	Wefunder Portal LLC	0001670254	007-00033	283503
0001680729-17-000006	0		Updating the filing to add an enhanced video presentation.	Arbit, Inc.	Corporation		DE	2016-06-13	1222 Bear Hollow Ct.		Forest Hill	MD	21050	www.arbitapp.io	First Democracy VC	0001683054	007-00076	285360
0001708151-17-000001	0			Uni-Boil MP Inc.	Corporation		CA	2015-05-08	500 NORTH ATLANTIC BLVD.	#127	MONTEREY PARK	CA	91754	http://www.uniboil.com	Mr. Crowd	0001666102	007-00042	284278
0001665160-17-000338	1		The issuer is adding a new perk which allows a 10% price per share discount when investing $50,000 or more.	Gab Al Inc	Corporation		DE	2016-09-08	1200 E PARMER LANE	APT 130	AUSTIN	TX	78753	https://gab.ai/	StartEngine Capital, LLC	0001665160	007-00007	
0001680729-17-000005	0		Updated Exhibit E Pitch Deck with Legal Notice	Arbit, Inc.	Corporation		DE	2016-06-13	1222 Bear Hollow Ct.		Forest Hill	MD	21050	www.arbitapp.io	First Democracy VC	0001683054	007-00076	285360
0001670254-17-000226	1		decreased headcount; changed campaign minimum to $150k	FAFCO, INC.	Corporation		CA	1972-03-17	435 Otterson Drive		Chico	CA	95928	http://www.fafco.com	Wefunder Portal LLC	0001670254	007-00033	283503
0001670254-17-000224	0			I-PASS Patient Safety Institute, Inc.	Corporation		DE	2016-04-22	161 Worcester Road	Suite 402	Framingham	MA	01701	https://ipassinstitute.com/	Wefunder Portal LLC	0001670254	007-00033	283503
0001665160-17-000337	1		Issuer is adjusting their price per share and maximum funding goal.	Spendwith, Corp.	Corporation		DE	2017-05-11	859 SPRING ST NW		ATLANTA	GA	30308	https://spendwith.in	StartEngine Capital, LLC	0001665160	007-00007	
0001669191-17-000108	0			Involved, Inc.	Corporation		DE	2017-02-25	72 Gardner St	Apt. F1	Allston	MA	02134	involved.mobi	NetCapital Funding Portal Inc.	0001669191	007-00035	283596
0001680729-17-000004	0		Updated Exhibit E Pitch Deck with Legal Notice	Arbit, Inc.	Corporation		DE	2016-06-13	1222 Bear Hollow Ct.		Forest Hill	MD	21050	www.arbitapp.io	First Democracy VC	0001683054	007-00076	285360
0001712427-17-000003	0		Added Electronic Signatures	Kookaburra Sustainable Solutions Inc	Corporation		DE	2017-07-10	8565 S. EASTERN AVENUE		LAS VEGAS	NV	89107	http://www.foodfuelenergy.com	GrowthFountain Capital LLC	0001668506	007-00028	
0001680729-17-000002	0			Arbit, Inc.	Corporation		DE	2016-06-13	1222 Bear Hollow Ct.		Forest Hill	MD	21050	www.arbitapp.io	First Democracy VC	0001683054	007-00076	285360
0001665160-17-000336	0	The amount of securities sold at the close of the offering is $38,250.		Storiad, Inc.	Corporation		CA	2010-03-13	961 E. CALIFORNIA BLVD. #327		PASADENA	CA	91106	http://storiad.com	StartEngine Capital, LLC	0001665160	007-00007	
0001699213-17-000003	0	The Issuer has raised the maximum offering amount.		Peli Peli Austin, LLC	Limited Liability Company		TX	2016-08-19	8560 KATY FREEWAY SUITE 200		HOUSTON	TX	77024	pelipeli.com	NextSeed US LLC	0001667892	007-00023	283225
0001669191-17-000106	0			Split Mountain Productions Inc	Corporation		OK	2017-03-14	19500 Crystal Ct.		Harrah	OK	73045	www.splitmountainproductions.com	NetCapital Funding Portal Inc.	0001669191	007-00035	283596
0001670254-17-000222	0			One Technologies, Inc.	Corporation		DE	2016-05-26	18 10 th St.	Suite 2229	San Francisco	CA	94103	http://rumorapp.io	Wefunder Portal LLC	0001670254	007-00033	283503
0001706950-17-000008	0	The Company's Regulation CF offering of Revenue Participation Interests on the Democracy VC Microventures.com Regulation CF portal terminated on July 24, 2017.  The Company raised approximately $500,000 in this offering.		Bravo Bunny, LLC	Limited Liability Company		DE	2017-05-12	11012 VENTURA BLVD	362	STUDIO CITY	CA	91604	www.simka.co	First Democracy VC	0001683054	007-00076	285360
0001644600-17-000150	0	$49,000 is our best estimate for the total amount of securities that will be sold.		Level Therapy General Corp	Corporation		DE	2016-09-15	605 HAIGHT ST		SAN FRANCISCO	CA	94117	www.trylevel.com	SI SECURITIES, LLC	0001603038	008-69440	000170937
0001644600-17-000148	0	$130,000 is our best estimate for the total amount of securities that will be sold.		Flickswitch LLC	Limited Liability Company		PA	2011-01-01	957 FLEMINGTON ST.		PITTSBURGH	PA	15217	www.usetopscore.com	SI SECURITIES, LLC	0001603038	008-69440	000170937
0001702419-17-000004	0	The issuer raised approximately $360,000 during the offering period.  Payments are still being processed; the exact amount has yet to be determined.		GoSun Inc.	Corporation		DE	2016-12-25	1217 ELLIS ST		CINCINNATI	OH	45223	https://www.gosunstove.com/	SeedInvest, LLC	0001603038	008-69440	170937
0001702419-17-000003	0	The issuer raised $147,500 during the offering period.		Tier5International, Inc.	Corporation		DE	2014-02-12	995 MARKET STREET	FLOOR 2	SAN FRANCISCO	CA	94103	http://www.kylie.ai	SI Securities, LLC	0001603038	008-69440	170937
0001665160-17-000335	1		Issuer is increasing the offering maximum amount to $1,070,000.00. Updated financials with Independent account Review are attached in Exhibit B of the Form C Filing Document.	Shark Wheel LLC	Limited Liability Company		CA	2012-10-24	22600 LAMBERT ST	704-A	LAKE FOREST	CA	92630	www.sharkwheel.com	StartEngine Capital, LLC	0001665160	007-00007	
0001702939-17-000005	0	The issuer raised $1,070,000 during the offering period.		Ondello, Inc.	Corporation		DE	2013-03-22	101 CALIFORNIA STREET	SUITE 2710	SAN FRANCISCO	CA	10022	https://www.hellomd.com/	SI Securities, LLC	0001603038	008-69440	170937
0001670254-17-000219	0			Balanced Software, Inc.	Corporation		DE	2016-08-17	548 Market Street #90291		San Francisco	CA	94104	https://balancemy.money	Wefunder Portal LLC	0001670254	007-00033	283503
0001669191-17-000104	0		Extended offering deadline	Caylent, Inc.	Corporation		DE	2015-08-07	415 Madison	4th Floor	New York	NY	10017	https://caylent.com	NetCapital Funding Portal Inc.	0001669191	007-00035	283596
0001669191-17-000102	0	End of offering		SpaceoutVR, Inc.	Corporation		NY	2015-05-28	333 Broadway	Suite 430	Troy	NY	12180	spaceout	NetCapital Funding Portal Inc.	0001669191	007-00035	283596
0001669191-17-000101	0	End of offering		chronability, inc	Corporation		DE	2015-03-11	745 Atlantic Ave		Boston	MA	02111	www.chronability.com	NetCapital Funding Portal Inc.	0001669191	007-00035	283596
0001665160-17-000333	0			JUDOBABY INC.	Corporation		CA	2008-11-03	128 WINDSOR COURT		SAN CARLOS	CA	94070	www.petsportsleague.com	StartEngine Capital, LLC	0001665160	007-00007	
0001669191-17-000100	1		Increased the number of shares offered to bring the offering to a round number	Rapunzl Investments, LLC	Limited Liability Company		IL	2016-07-26	1862 N. Dayton St.		Chicago	IL	60614	http://www.rapunzlinvestments.com	NetCapital Funding Portal Inc.	0001669191	007-00035	283596
0001665160-17-000331	0		To include additional information with respect to previous tax returns.	Next Future Transportation Inc.	Corporation		DE	2015-02-27	246 RACE STREET		SAN JOSE	CA	95126	http://www.next-future-mobility.com	StartEngine Capital, LLC	0001665160	007-00007	
0001665160-17-000330	0		To include additional information with respect to previous tax returns.	GRACEDBYGRIT	Corporation		DE	2013-01-18	153 N. HIGHWAY 101, SUITE #102		SOLANA BEACH	CA	92075	WWW.GRACEDBYGRIT.COM	StartEngine Capital, LLC	0001665160	007-00007	
0001665160-17-000329	0		To include additional information with respect to previous tax returns.	Mi Ola, Inc	Corporation		NY	2012-01-25	21 ATLANTIC WALK		BREEZY POINT	NY	11697	http://mi-ola.com/	StartEngine Capital, LLC	0001665160	007-00007	
0001704091-17-000004	0	100% of goal reached.		360913 S Saratoga LLC	Limited Liability Company		DE	2017-03-31	1336 MAGAZINE ST STE 1		NEW ORLEANS	LA	70130	www.officejt.com	NSSC Funding Portal, LLC	0001665614	007-00012	
0001665160-17-000328	1		Issuer is extending the end date of their offering.	GeoOrbital Inc.	Corporation		DE	2014-08-07	1 BROADWAY 14TH FLOOR		CAMBRIDGE	MA	02142	www.geoo.com	StartEngine Capital LLC	0001665160	007-00007	
0001670254-17-000218	0		Change deadline date; Increase max funding target to $1.07M; Adds transcripts for videos.	WhiteClouds Inc.	Corporation		UT	2013-01-18	766 South Depot Drive	Suite 8	Ogden	UT	84404	https://www.whiteclouds.com/	Wefunder Portal LLC	0001670254	007-00033	283503
0001706024-17-000005	0		Correcting some statements in the profile and clarifying signatories	Patrick Sherwin	Corporation		DE	2016-12-25	1217 Ellis St		Cincinnati	OH	45223	https://www.gosunstove.com/	SeedInvest, LLC	0001603038	008-69440	170937
0001665160-17-000327	0	The amount of securities sold at the close of the offering was $11,800 for 11,800 shares of Common Stock.		Niveau Brands, Inc.	Corporation		NV	2015-07-14	2120 UNIVERSITY AVE		BERKELEY	CA	94704	www.drinksmartenergy.com	StartEngine Capital, LLC	0001665160	007-00007	
0001670254-17-000214	0		Move deadline date to 7/13/17 (filed as today due to EDGAR limitation); adds video transcript; includes final snapshot of busienss plan	ZipZap, Inc.	Corporation		CA	2006-08-07	21 Orinda Way, #C-260		Orinda	CA	94563	http://zipzap.me/	Wefunder Portal LLC	0001670254	007-00033	283503
0001665160-17-000325	0			Spendwith, Corp.	Corporation		DE	2017-05-11	859 Spring ST NW		Atlanta	GA	30308	https://spendwith.in	StartEngine Capital, LLC	0001665160	007-00007	
0001670254-17-000213	0		Increase max to $1.07M; Include transcript; Up to date business plan; Moved deadline date to 5/19/17 (filed as today due to EDGAR limitation)	Powur, PBC	Corporation		DE	2014-01-02	2683 Via De La Valle	#321G	Del Mar	CA	92014	http://powur.com/	Wefunder Portal LLC	0001670254	007-00033	283503
0001665160-17-000321	0			Keezel, Inc.	Corporation		DE	2017-04-27	20377 SW Acacia Street, 2nd Floor		Newport Beach	CA	92660	https://www.keezel.us	StartEngine Capital, LLC	0001665160	007-00007	
0001706939-17-000004	0		Issuer has clarified several points: allocation of shares is on a First Come First Served basis; maximum offering amount is $1,070,000; share price is $8.79 per share; all as provided for in the updated Offering Statement	kulaBrands, Inc.	Corporation		DE	2016-05-25	16509 E ARROYO VISTA DR		FOUNTAIN HILLS	AZ	85268	kulabrands.com	truCrowd, Inc	0001667145	007-00015	
0001669191-17-000098	0			Rapunzl Investments, LLC	Limited Liability Company		IL	2016-07-26	1862 N. Dayton St.		Chicago	IL	60614	http://www.rapunzlinvestments.com	NetCapital Funding Portal Inc.	0001669191	007-00035	283596
0001674439-17-000008	0		Extended the campaign until 8/31/2017 and corrected the price per share from $5 to $2 to match the info provided via the funding portal.	NextRX Inc.	Corporation		NV	2015-09-01	8670 WEST CHEYENNE AVENUE	SUITE 120	LAS VEGAS	NV	89129	www.nextrx.net	truCrowd, Inc	0001667145	007-00015	
0001711875-17-000001	0			Jetpack, Inc.	Corporation		DE	2017-05-09	610 Bowdoin Lane	Apartment 528	Stanford	CA	94305	www.jtpk.co	OpenDeal, Inc., dba Republic	0001672732	007-00046	283874
0001557286-17-000010	0		Updating the Form C to reflect the stated price of securities being offered.  Updating the Offering Statements to reflect the target amount and target date for the offering.	Napa Valley Limoncello Co, LLC	Limited Liability Company		CA	2009-02-13	2485 Stockton Steet		Napa	CA	94559	napadistillery.com	First Democracy VC	0001683054	007-00076	285360
0001605652-17-000005	0		Updating data points on the Form C to reflect information shown in the Offering Statement.	NestGSV, Inc.	Corporation		DE	2012-05-23	585 Broadway Street		REDWOOD CITY	CA	94063	www.gsvlabs.com	First Democracy VC	0001683054	007-00076	285360
0001708142-17-000007	0		Updated the Offering Statement to reflect Form C data and added webinar transcript.	Ironclad Distillery, Inc.	Corporation		VA	2014-05-22	124 23rd St.		Newport News	VA	23607	ironcladdistillery.com	First Democracy VC	0001683054	007-00076	285360
0001665160-17-000318	0			N-Gen Technologies, Inc.	Corporation		DE	2017-06-19	13393 Samantha Ave		San Diego	CA	92129	N-Gen.com	StartEngine Capital, LLC	0001665160	007-00007	
0001691935-17-000003	0		Offering Statement updated to reflect funding portal compensation and adding webinar transcript.	Princeton Audio, LLC	Limited Liability Company		WI	2014-06-16	544 W. WATER ST.		PRINCETON	WI	54968	princeton-audio.com	First Democracy VC	0001683054	007-00076	285360
0001605652-17-000004	0		Updating the Security Type to reflect previously filed documents.	NestGSV, Inc.	Corporation		CA	2012-05-23	585 Broadway Street		REDWOOD CITY	CA	94063	www.gsvlabs.com	First Democracy VC	0001683054	007-00076	285360
0001674199-17-000004	0	Palmia's campaign ended on 07/20/2017. The deadline date of the XML cover page is set to today to work around an EDGAR limitation. $202,519.00 in investments. Payments are still being processed; final number is yet to be determined.		Palmia Corp	Corporation		CA	2012-06-14	3749 DIVISADERO STREET		SAN FRANCISCO	CA	94123	500 Washington Street, Suite 700	Wefunder Portal LLC	0001670254	007-00033	
0001670254-17-000212	0		Changed deadline date, included video transcripts, and updated business plan.	Sam Lee Laundry LLC	Limited Liability Company		CA	2015-01-02	644 Broadway, Unit 10		San Francisco	CA	94133	http://www.thespeakeasysf.com/	Wefunder Portal LLC	0001670254	007-00033	283503
0001644600-17-000145	0			CentSai Inc.	Corporation		DE	2016-04-11	44 WEST 28TH STREET		NEW YORK CITY	NY	10001	www.centsai.com	SI SECURITIES, LLC	0001603038	008-69440	000170937
0001674199-17-000003	0		Palmia's campaign ended on 07/20/2017. The deadline date of the XML cover page is set to today to work around an EDGAR limitation. $202,519.00 in investments. Payments are still being processed; final number is yet to be determined.	Palmia Corp	Corporation		CA	2012-06-14	3749 DIVISADERO STREET		SAN FRANCISCO	CA	94123	500 Washington Street, Suite 700	Wefunder Portal LLC	0001670254	007-00033	283503
0001670254-17-000211	1		Extend deadline date, updated financials, and updated business plan.	Ridgemont Outfitters, Inc.	Corporation		CA	2013-11-05	2525 Cherry Avenue	Suite 375	Signal Hill	CA	90755	http://ridgemontoutfitters.com/	Wefunder Portal LLC	0001670254	007-00033	283503
0001670254-17-000210	0		Extend campaign, increase maximum offering amount, and updated business plan.	Scrap Connection, Inc.	Corporation		DE	2012-07-12	1828 Amos Drive		Muscle Shoals	AL	35661	http://www.scrapconnection.com	Wefunder Portal LLC	0001670254	007-00033	283503
0001704205-17-000012	0		Corrected date of Ideal Conceals incorporation on offering statement. Corrected maximin target amount to reflect $1,070,070. Corrected a cut and paste error by replacing incorrect projected financials with correct information.	Ideal Conceal, Inc.	Corporation		MN	2016-10-06	4300 SCHOOL BOULEVARD		MONTICELLO	MN	55362	www.idealconceal.com	truCrowd, Inc	0001667145	007-00015	
0001704205-17-000011	0	Took a second disbursement of $43,258.39 including $3,460.67 funding portal fees.		Ideal Conceal, Inc.	Corporation		MN	2016-10-06	4300 SCHOOL BOULEVARD		MONTICELLO	MN	55362	www.idealconceal.com	truCrowd, Inc	0001667145	007-00015	
0001605652-17-000003	0		Updating the Security Type to reflect previously filed documents.	NestGSV, Inc.	Corporation		CA	2012-05-23	585 Broadway Street		REDWOOD CITY	CA	94063	www.gsvlabs.com	First Democracy VC	0001683054	007-00076	285360
0001669191-17-000094	0	End of offering		Zelgor Inc	Corporation		DE	2012-08-03	745 Atlantic Ave		Boston	MA	02111	zelgor.com	NetCapital Funding Portal Inc.	0001669191	007-00035	283596
0001670254-17-000208	1		Extended deadline date, personnel changes, updated financials, updated funding history, no voting rights, cap table changed, and updated business plan.	BLAZnTECH, Inc.	Corporation		DE	2016-11-04	13850 Ballantyne Corporate Pl Suite 500		Charlotte	NC	28277	https://blazntech.com	Wefunder Portal LLC	0001670254	007-00033	283503
0001665160-17-000311	0			BOXX Corp	Corporation		DE	2015-05-26	18160 Cottonwood Rd. #229		Sunriver	OR	97707	www.boxxcorp.com	StartEngine Capital, LLC	0001665160	007-00007	
0001706939-17-000003	0	On July 26, 2017, Issuer took the first disbursement $158,298.91, less $6,331.96 funding portal fees.		kulaBrands, Inc.	Corporation		DE	2016-05-25	16509 E ARROYO VISTA DR		FOUNTAIN HILLS	AZ	85268	kulabrands.com	truCrowd, Inc	0001667145	007-00015	
0001665160-17-000303	0			MedAnswers, Inc	Corporation		DE	2012-12-05	1299 Pennsylvania Ave	Suite 700	Washington	DC	20004	www.medanswers.com	StartEngine Capital, LLC	0001665160	007-00007	
0001665160-17-000306	0			PRINT THE FUTURE, INC.	Corporation		DE	2017-02-16	N/A		Wilmington	DE	19810	www.printthefuture.today	StartEngine Capital, LLC	0001665160	007-00007	
0001711471-17-000004	1		The Form C of the Company dated July 11, 2017 is hereby amended to extend the Offering deadline from September 9 to October 24.	YeKim LLC	Limited Liability Company		DE	2013-09-19	1716 E 58TH PLACE	UNIT 5	LOS ANGELES	CA	90001	www.yekim.com	OpenDeal Inc.	0001672732	007-00046	283874
0001670254-17-000206	0		Extend deadline date, include updated business plan and pitch deck.	MySwimPro, Inc.	Corporation		DE	2015-03-23	301 East Liberty	Suite 701	Ann Arbor	MI	48104	http://myswimpro.com	Wefunder Portal LLC	0001670254	007-00033	283503
0001710332-17-000001	0			Duralogic USA, LLC	Corporation		DE	2017-06-28	12 La Montagne Ln		Sandy	UT	84092	https://www.ravean.com	SI Securities, LLC	0001603038	008-69440	170937
0001644600-17-000143	0		Reviewed financial statements attached	CHRGR Inc.	Corporation		NY	2006-04-18	873 BROADWAY, SUITE 305		NEW YORK	NY	10003	www.chrgr.co	SI SECURITIES, LLC	0001603038	008-69440	000170937
0001665160-17-000297	0			OPER, LLC	Limited Liability Company		DE	2015-02-24	911 Washington Avenue	Suite 731	St. Louis	MO	63101	www.paywithoper.com	StartEngine Capital, LLC	0001665160	007-00007	
0001665160-17-000300	0			Go Fish Marketplace, Inc.	Corporation		DE	2016-09-23	1390 Market St	#1608	San Francisco	CA	94102	www.GoFishMarketplace.com	StartEngine Capital, LLC	0001665160	007-00007	
0001670254-17-000203	0			BOARDWALK HOSPITALITY INC.	Corporation		NV	2017-04-28	400 S 4th Street Suite 500		Las Vegas	NV	89101	http://www.boardwalkhosp.com	Wefunder Portal LLC	0001670254	007-00033	283503
0001712427-17-000001	0			Kookaburra Sustainable Solutions Inc	Corporation		DE	2017-07-10	8565 S. EASTERN AVENUE		LAS VEGAS	NV	89107	http://www.foodfuelenergy.com	GrowthFountain Capital LLC	0001668506	007-00028	
0001670254-17-000202	0			That Christmas Movie LLC	Limited Liability Company		CA	2017-02-17	PO Box 50201		Studio City	CA	91614	http://www.thatchristmasmovie.com	Wefunder Portal LLC	0001670254	007-00033	283503
0001665160-17-000291	0			SPARE CS, INC	Corporation		DE	2015-10-10	12000 Riverside Dr.		Valley Village	CA	91607	www.gotspare.com	StartEngine Capital, LLC	0001665160	007-00007	
0001670254-17-000200	0			Legion M Entertainment, Inc.	Corporation		DE	2016-03-04	6425 Christie Ave. Suite 500		Emeryville	CA	94608	http://www.thelegionm.com	Wefunder Portal LLC	0001670254	007-00033	283503
0001706977-17-000003	1		Updating the end date and correcting a typo in the Form C on the 25%	Snowledge Corporation	Corporation		DE	2013-01-30	P.O. Box 19131		Portland	OR	97280	https://www.snowledge.co/	SeedInvest, LLC	0001603038	008-69440	170937
0001665160-17-000288	0			SXC Live Inc.	Corporation		DE	2016-09-12	11601 Wilshire Blvd., Suite 500		Los Angeles	CA	90025	www.seatXchange.com	StartEngine Capital, LLC	0001665160	007-00007	
0001665160-17-000283	0			Nutripy, Inc.	Corporation		CA	2015-07-23	573 TEMPLE HILLS DRIVE		LAGUNA BEACH	CA	92651	www.nutripy.com	StartEngine Capital, LLC	0001665160	007-00007	
0001670254-17-000199	1		Removed a director; Changed copy of a risk; Changed copy of use of funds	Neurohacker Collective, LLC	Limited Liability Company		WY	2015-12-11	179 Calle Magdalena	Suite 100	Encinitas	CA	92024	http://neurohacker.com	Wefunder Portal LLC	0001670254	007-00033	283503
0001665160-17-000280	0			Shark Wheel LLC	Limited Liability Company		CA	2012-10-24	22600 Lambert st	704-A	Lake Forest	CA	92630	www.sharkwheel.com	StartEngine Capital, LLC	0001665160	007-00007	
0001670254-17-000196	0			Exodo Spirits International Corp.	Corporation		DE	2016-04-04	1505 22nd Street North West		Washington	DC	20037	http://www.exodotequila.com	Wefunder Portal LLC	0001670254	007-00033	283503
0001710938-17-000001	0			Franklin and Cortlandt Vinyl LLC	Limited Liability Company		FL	2016-04-28	14097 NW 19th Avenue		Opa Locka	FL	33054	https://www.sunpressvinyl.com	First Democracy VC	0001683054	007-00076	285360
0001711429-17-000001	0			Three Little Stooges Productions LLC	Limited Liability Company		CA	2016-05-12	1415 Gardena Ave.		Glendale	CA	91204	thethreelittlestooges.com	First Democracy VC	0001683054	007-00076	285360
0001557286-17-000009	0		Amendment to include the webinar transcript.	Napa Valley Limoncello Co, LLC	Limited Liability Company		CA	2009-02-13	2485 Stockton Steet		Napa	CA	94559	napadistillery.com	First Democracy VC	0001683054	007-00076	285360
0001708725-17-000004	0		Amending Profile (Exhibit C), Deck (Exhibit D), and Amendment A to the Form C to anonymize certain information at the Issuer's request.	chirrp,Inc.	Corporation		FL	2017-05-23	9371 SW 78th CT		Miami	FL	33156	http://www.chirrp.ai/	SeedInvest, LLC	0001603038	008-69440	170937
0001710903-17-000001	0			The Light Phone Inc.	Corporation		DE	2015-02-23	19 Morris Avenue	New Lab	Brooklyn	NY	11205	www.lightphone.com	OpenDeal Inc., dba Republic	0001672732	007-00046	283874
0001706977-17-000001	0			Snowledge Corporation	Corporation		DE	2013-01-30	P.O. Box 19131		Portland	OR	97280	https://www.snowledge.co/	SeedInvest, LLC	0001603038	008-69440	170937
0001711471-17-000003	1		The Form C of the Company dated July 11, 2017 is hereby amended to: (i) increase the maximum offering amount and number of securities to be offered; (ii) adjust the use of proceeds table; and (iii) attach reviewed financial statements of the Company.	YEKIM LLC	Limited Liability Company		DE	2013-09-19	1716 E 58th Place	Unit 5	Los Angeles	CA	90001	www.yekim.com	OpenDeal Inc.	0001672732	007-00046	283874
0001705130-17-000004	0	The Issuer raised approximately $111,161 during the offering period.  Payments are still being processed; final amount is yet to be determined.		FETCHFIND, LLC	Limited Liability Company		DE	2013-09-10	1428 N WESTERN AVENUE		CHICAGO	IL	60622	https://www.fetchfind.com/	OpenDeal Inc.	0001672732	007-00046	283874
0001665160-17-000276	0	The total amount of securities sold at the close of the offering is $76,027.50 for 69,225 shares.		AnJeDa Fitness, Inc.	Corporation		DE	2015-11-03	1104 S HAYWORTH AVE		LOS ANGELES	CA	90035	https://www.fattofinish.com	AnJeDa Fitness, Inc.	0001665160	007-00007	
0001665160-17-000275	0	The amount of securities sold at the close of the offering is $927,500.00.		SlideBelts Inc.	Corporation		DE	2013-06-10	4818 GOLDEN FOOTHILL PKWY	UNIT 9	SACRAMENTO	CA	95762	www.slidebelts.com	StartEngine Capital, LLC	0001665160	007-00007	
0001665160-17-000274	0	The amount of securities sold at the close of the offering is $51,453.57 and 245,017 shares.		Zoi, Inc.	Corporation		DE	2017-01-06	611 N. COMMONWEALTH AVE		LOS ANGELES	CA	90004	http://whatiszoi.com	StartEngine Capital, LLC	0001665160	007-00007	
0001665160-17-000273	0	The amount of securities sold at the close of the offering is $51,453.57 and 245,017 shares.		Zoi, Inc.	Corporation		DE	2017-01-06	611 N. COMMONWEALTH AVE		LOS ANGELES	CA	90004	http://whatiszoi.com	StartEngine Capital, LLC	0001665160	007-00007	
0001665160-17-000272	0	The amount of securities sold at the close of the offering is $152,956.00.		That Christmas Movie LLC	Limited Liability Company		CA	2017-02-17	PO BOX 50201		STUDIO CITY	CA	91614	http://www.thatchristmasmovie.com	StartEngine Capital, LLC	0001665160	007-00007	
0001665872-17-000002	0		Extend the offering closing date to September 30, 2017	Stanley Grove LLC	Limited Liability Company		CA	2017-02-24	21 GRANDVIEW AVE		IRVINE	CA	92603	www.stanleygrove.com	MinnowCfunding LLC	0001665872	007-00020	
0001695244-17-000005	0	A total of $81,708 was raised during the Offering Period.		EverMem, Inc	Corporation		DE	2015-07-17	1053 STANFORD AVE		PALO ALTO	CA	94306	https://flipword.co	OpenDeal Inc.	0001672732	007-00046	
0001670254-17-000194	0			Strong Systems Incorporated, LLC	Limited Liability Company		TX	2013-07-25	2550 E Trinity Mills Pkwy		Carrollton	TX	75006	http://www.kymstrong.com	Wefunder Portal LLC	0001670254	007-00033	283503
0001695244-17-000006	0	The Issuer raised approximately $89,552 during the offering period.  Payments are still being processed; final number is yet to be determined.		madeBOS, Inc	Corporation		DE	2016-07-25	2481 60TH AVE		OAKLAND	CA	94605	www.madebos.com	OpenDeal Inc.	0001672732	007-00046	283874
0001665160-17-000271	1		Company has decided to extend their offering 90 days.	Buy Insta Slim, Inc	Corporation		CA	2010-03-03	17662 ARMSTRONG AVE.		IRVINE	CA	92614	http://instaslim.com/	StartEngine Capital, LLC	0001665160	007-00007	
0001705463-17-000002	0		Adding webinar transcript only	Darling Media, Inc.	Corporation		DE	2017-04-25	2701 N. BROADWAY	3RD FLOOR	LOS ANGELES	CA	90031	www.darlingmagazine.org	FIRST DEMOCRACY VC	0001683054	007-00076	
0001694994-17-000011	0			Big Cheese, Inc.														
0001665160-17-000269	0			Baja United Imports, Inc.	Corporation		DE	2017-05-11	3183 Airway Ave	Suite C	Irvine	CA	92626	www.bajaunitedgroup.com	StartEngine Capital, LLC	0001665160	007-00007	
0001670254-17-000192	0			The Rock.com Group, Inc.	Corporation		DE	2009-04-30	23046 Avenida de la Carlota, Suite 600,		Laguna Hills	CA	92653	http://www.rock.com/	Wefunder Portal LLC	0001670254	007-00033	283503
0001557286-17-000008	0		Amendment to include the webinar transcript.	Napa Valley Limoncello Co, LLC	Limited Liability Company		CA	2009-02-13	2485 Stockton Steet		Napa	CA	94559	napadistillery.com	First Democracy VC	0001683054	007-00076	285360
0001670254-17-000190	0			Epec Holdings, Inc. (f/k/a Epec Biofuels Holdings, Inc.)	Corporation		FL	2008-10-09	1776 Pine Island Road, Suite 316		Plantation	FL	33322	http://jamesfchyde.com	Wefunder Portal LLC	0001670254	007-00033	283503
0001665160-17-000265	0	The amount of securities sold at the close of the offering is $14,562.00 for 7,281 shares.		WindowMirror	Corporation		IL	2014-08-02	5440 W BERTEAU	SUITE 1	CHICAGO	IL	60641	www.windowmirror.org	StartEngine Capital, LLC	0001665160	007-00007	
0001665160-17-000266	0		Update to provide additional tax data and specifics regarding future filings.	Zoi, Inc.	Corporation		DE	2017-01-06	611 N. COMMONWEALTH AVE		LOS ANGELES	CA	90004	http://whatiszoi.com	StartEngine Capital, LLC	0001665160	007-00007	
0001711484-17-000001	0			Kriya, Inc	Corporation		DE	2016-08-31	55 E 3rd Avenue	55 E 3rd Avenue	San Mateo	CA	94401	https://kriya.ai	SI Securities, LLC	0001603038	008-69440	170937
0001665160-17-000264	0	The amount of securities sold at the close of the offering is $1,069,998.70 for 629,411 shares.		Xcraft Enterprises, LLC	Corporation		DE	2014-09-23	313 E SHERMAN AVE		COEUR D'ALENE	ID	83814	www.xcraft.io	StartEngine Capital, LLC	0001665160	007-00007	
0001701604-17-000006	0	The issuer has raised an amount of $95,500. The actual processing time may take longer, and the final amount may be lower.		Reimagining The Thing Formerly Known as The Box LLC	Limited Liability Company		TX	2016-07-07	2600 ESPERANZA XING #6429		AUSTIN	TX	78758	http://utopianshift.com/	NextSeed US LLC	0001667892	007-00023	283225
0001704250-17-000003	0	The issuer has raised the maximum offering amount.		Dumpling Bros, LLC	Limited Liability Company		TX	2015-06-22	7253 RAWLINS LANE		FRISCO	TX	75034	http://www.thedumplingbros.com/	NextSeed US LLC	0001667892	007-00023	283225
0001706031-17-000001	0			Suite 100 Edwards LLC	Limited Liability Company		TX	2016-08-24	12114 ROCKY KNOLL DR		HOUSTON	TX	77077	www.poitinhouston.com	NextSeed US LLC	0001667892	007-00023	283225
0001704205-17-000006	0	Partial closing disbursement of $76,194		Ideal Conceal, Inc.	Corporation		MN	2016-10-06	4300 SCHOOL BOULEVARD		MONTICELLO	MN	55362	www.idealconceal.com	truCrowd, Inc	0001667145	007-00015	
0001702939-17-000004	0		The form C was amended to Increase the Maximum offering amount from $1,000,000 to $1,070,000; The campaign was closed on July 03, 2017.	Ondello Inc.	Corporation		DE	2013-03-22	101 California Street	Suite 2710	San Francisco	CA	10022	https://www.hellomd.com/	SI Securities, LLC	0001603038	008-69440	170937
0001711471-17-000001	0			YEKIM LLC	Limited Liability Company		DE	2013-09-19	1716 E 58th Place	Unit 5	Los Angeles	CA	90001	www.yekim.com	OpenDeal Inc.	0001672732	007-00046	283874
0001669191-17-000090	0			HUGY INC.	Corporation		DE	2016-11-16	450 7th Ave	Ste 1607	New York City	NY	10123	www.hugy.nyc	NetCapital Funding Portal Inc.	0001669191	007-00035	283596
0001665160-17-000262	0			Gab AI Inc	Corporation		DE	2016-09-08	1200 E Parmer Lane	Apt 130	Austin	TX	78753	https://gab.ai/	StartEngine Capital, LLC	0001665160	007-00007	
0001673558-17-000001	0			Auntie April's	Corporation		CA	2015-03-04	4618 3RD ST.		SAN FRANCISCO	CA	94124	https://auntieaprilsf.com/	Neighbor Capital	0001663940	007-00036	283633
0001708142-17-000005	0		The maximum investment amount was corrected to $450,008 on page 4.	Ironclad Distillery, Inc.	Corporation		VA	2014-05-22	124 23rd St.		Newport News	VA	23607	ironcladdistillery.com	First Democracy VC	0001683054	007-00076	285360
0001670254-17-000188	0			Grit Grocery, LLC	Limited Liability Company		TX	2015-06-09	5210 Griggs Rd. #14565		Houston	TX	77021	http://gritgrocery.com/	Wefunder Portal LLC	0001670254	007-00033	283503
0001669191-17-000083	0	End of offering		Sidekick Technologies, Inc.	Corporation		DE	2016-05-12	PO Box 756		Hingham	MA	02043	www.sidekickhome.com	NetCapital Funding Portal Inc.	0001669191	007-00035	283596
0001669191-17-000082	0		Extending offering period	Caylent, Inc.	Corporation		DE	2015-08-07	415 Madison	4th Floor	New York	NY	10017	https://caylent.com	NetCapital Funding Portal Inc.	0001669191	007-00035	283596
0001708189-17-000003	0		A few errors in the disclosure statement have been corrected.	IgnitedStudios Hollywood, LLC	Limited Liability Company		CA	2017-03-28	7080 HOLLYWOOD BLVD. #1100		LOS ANGELES	CA	90028	www.ignitedstudios.com	NextSeed US LLC	0001667892	007-00023	283225
0001706950-17-000006	0		Update to reflect the company webinar.	Bravo Bunny LLC	Limited Liability Company		DE	2017-05-12	11012 Ventura Blvd	362	Studio City	CA	91604	www.simka.co	First Democracy VC	0001683054	007-00076	285360
0001708142-17-000004	0		Updated proxy to reflect Virginia as the state of incorporation.	Ironclad Distillery, Inc.	Corporation		VA	2014-05-22	124 23rd St.		Newport News	VA	23607	ironcladdistillery.com	First Democracy VC	0001683054	007-00076	285360
0001665160-17-000256	1		Amended to include financial statements omitted due to technical difficulties and to include tax return data.	Niveau Brands, Inc.	Corporation		NV	2015-07-14	2120 UNIVERSITY AVE		BERKELEY	CA	94704	www.drinksmartenergy.com	StartEngine Capital, LLC	0001665160	007-00007	
0001698596-17-000005	0			JRC Enterprises LLC														
0001696199-17-000001	0		Withdrawal of offering at issuer's request.	Have Not Films	Corporation		WA	2015-10-29	113 CHERRY ST.		SEATTLE	WA	98104	http://www.havenotfilms.com	GrowthFountain Capital LLC	0001668506	007-00028	
0001694011-17-000004	0		Include additional disclosures in the Offering Statement	Biopropulsion, LLC	Limited Liability Company		OR	2017-01-31	PO BOX 14741		PORTLAND	OR	97293-0741	www.can-trade-secret.com	GRIDSHARE LLC	0001665812	007-00018	
0001694011-17-000003	0		Add additional disclosures to offering statement	Gorge Training Facility, LLC	Limited Liability Company		OR	2014-08-15	543 NE BRAZEE		PORTLAND	OR	97212	www.rutefoundations.com	GRIDSHARE LLC	0001665812	007-00018	
0001695656-17-000003	0		Updated disclosures	Pristine Sun WI, LLC	Limited Liability Company		WI	2015-08-01	548 MARKET STREET	SUITE 13000	SAN FRANCISCO	CA	94104-5401	www.pristinesun.com	GRIDSHARE LLC	0001665812	007-00018	
0001656858-17-000004	0			MKG Enterprises Corp.	Corporation		CA	2013-03-20	P.O BOX 19104	3003 N Blackstone Ave Suite 209	FRESNO	CA	93790	www.mkgtax.com/investors	NetCapital Funding Portal Inc.	0001669191	007-00035	
0001665160-17-000255	0	The total amount of securities sold in the Chores R Us offering is 35,200 and $35,200.		Chores R Us LLC	Limited Liability Company		DE	2016-05-25	222 W MERCHANDISE MART PLAZA	SUITE1212	CHICAGO	IL	60654	https://chorerelief.com/	StartEngine Capital LLC	0001665160	007-00007	
0001695656-17-000004	0		Updated disclosures in offering statement	Pristine Sun Corp	Corporation		DE	2016-08-26	548 MARKET STREET	SUITE 13000	SAN FRANCISCO	CA	94104-5401	www.pristinesun.com	GRIDSHARE LLC	0001665812	007-00018	
0001676858-17-000005	0	The Company's offering on the Democracy VC MicroVentures crowdfunding platform has been completed and terminated.  In its offering, the Company sold $267,940 of its Series Seed Preferred Shares at $2.00 per share.		Fizzics Group LLC	Limited Liability Company		DE	2014-07-07	1775 ROUTE 34	STE D14	FARMINGDALE	TX	07727	www.fizzics.com	First Democracy VC	0001683054	007-00076	285360
0001665160-17-000253	1		Updated maximum funding goal with updated Financials and annual report clarifications.	That Christmas Movie LLC	Limited Liability Company		CA	2017-02-17	PO BOX 50201		STUDIO CITY	CA	91614	http://www.thatchristmasmovie.com	StartEngine Capital, LLC	0001665160	007-00007	
0001665160-17-000254	1		Extending the campaign end date, increasing maximum funding goal to $107,000 and clarifying minimum raise amount in offering document.	Magnabid	Corporation		DE	2015-11-19	9735 WILSHIRE BLVD #123		BEVERLY HILLS	CA	90212	www.magnabid.com	StartEngine Capital, LLC	0001665160	007-00007	
0001670254-17-000186	0		Extended deadline date to September 30	FAFCO, INC.	Corporation		CA	1972-03-17	435 Otterson Drive		Chico	CA	95928	http://www.fafco.com	Wefunder Portal LLC	0001670254	007-00033	283503
0001670254-17-000187	1		Extend deadline to 7/31/2017	Ridgemont Outfitters, Inc.	Corporation		CA	2013-11-05	2525 Cherry Avenue	Suite 375	Signal Hill	CA	90755	http://ridgemontoutfitters.com/	Wefunder Portal LLC	0001670254	007-00033	283503
