ACCESSION_NUMBER	ID	ISSUER	ISSUERSIGNATURE	ISSUERTITLE
0001665160-18-001013	1	Duby, LLC	Russell Thomas	CEO, Principal Executive Officer, Manager, Principal Financial Officer and Principal Accounting Officer
0001750513-18-000002	1	Oz. House LLC	Sean Kanter	Manager
0001665160-18-001008	1	Cyrus The Great Production Company, Inc	Alan Bailey	CEO, Principal Executive Officer and Director, Principal Financial Officer and Principal Accounting Officer
0001644600-18-000033	1	GeoOrbital Inc.	Michael Burtov	Chief Executive Officer
0001740883-18-000001	1	Big Belly Brewing LLC	Richard Ewing	CEO
0001670254-18-000464	1	Circle Medical Technologies, Inc.	George Favvas	CEO and Co-founder
0001670254-18-000462	1	Mars Colony, LLC DBA Meridian Hive	Cayce Rivers	Chief Executive Officer
0001737477-18-000006	1	WorkDone Inc.	Joseph Toney Rogers	CEO
0001665160-18-000999	1	Rhode Islands Dressings, LLC	Carder Starr	CEO, Principal Executive Officer and Manager, Principal Financial Officer and Principal Accounting Officer
0001722197-18-000007	1	INDECO UNION	David Levine	Chief Executive Officer
0001665160-18-000996	1	Timeburst, LLC	Chris La Cross	CEO, Principal Executive Officer and Manager, Principal Financial Officer and Principal Accounting Officer
0001749548-18-000003	1	Geek Girl Tech, PBC	Jenn Diesi	Chief Executive Officer
0001726542-18-000004	1	Avoke Inc	Esther Bernstein	Chief Executive Officer and President
0001670254-18-000461	1	Famterra, Inc	Elena Krasnoperova	Co-founder, CEO
0001754202-18-000001	1	STONED IMMACULATE VINTAGE, INC	Alan Johnson	CEO
0001213900-18-013018	1	Dialogue Key, Inc	/s/ Jim Davidson	Chief Financial Officer
0001670254-18-000460	1	Newchip Inc.	Ryan Rafols	Founder & CEO
0001742335-18-000003	1	Apex Sports LLC	Marcus Davis	CEO
0001665160-18-000992	1	World Cycling League, LLC	John Nelson	COO, Principal Financial Officer, Principal Accounting Officer and Managing Member
0001753229-18-000001	1	OH SO POLISH, INC	Angela Dupree	CEO
0001670254-18-000458	1	Atlas Unlimited, Inc	Olivier Kaeser	Co-founder & COO
0001665160-18-000988	1	The Module Project, Inc.	Ketzal Sterling	CEO, Principal Executive Officer and Director
0001743861-18-000001	1	10XTS INC	Michael Hiles	CEO
0001665160-18-000980	1	335 Inc. DBA Soli	Brian C. Alexson	CEO, Principal Executive Officer
0001665160-18-000983	1	Leap With Alice LLC	Caesar Medel	CEO and Director, Principal Financial Officer and Principal Accounting Officer
0001665160-18-000978	1	MPW Associates, LLC	James W. Killen	CEO and Manager
0001669191-18-000426	1	Involved, Inc.	Jacob Dansey	Principal Executive Officer
0001665160-18-000975	1	Rhino Hide LLC	Jason Giddings	CEO, Principal Executive Officer and Manager, Principal Financial Officer and Principal Accounting Officer
0001665160-18-000974	1	Security Biometrics Corp	Joseph Gangi	CEO, Principal Executive Officer and Director, Principal Financial Officer and Principal Accounting Officer
0001665160-18-000973	1	Dablr, Inc	Jake Obremski	CEO, Principal Executive Officer and Director, Principal Financial Officer and Principal Accounting Officer
0001665160-18-000972	1	SupPorter, Inc.	Inman Porter	CEO, Principal Executive Officer and Director, Principal Financial Officer and Principal Accounting Officer
0001670254-18-000456	1	Just Add Cooking Inc.	Jan H Leife	President
0001670254-18-000452	1	Armadio, Inc.	Matteo Mattia Gemignani	CEO
0001665160-18-000970	1	Full Partner, LLC	Scott F Hickey	CEO, Principal Executive Officer and Manager, Principal Financial Officer and Principal Accounting Officer
0001753336-18-000001	1	Eagle Protect, PBC	Stephen Warne Ardagh	President and Chief Executive Officer
0001670254-18-000454	1	WinSanTor, Inc.	Stanley Kim	CEO
0001751635-18-000005	1	Neopenda, PBC	Sona Shah	CEO
0001751635-18-000004	1	Neopenda, PBC	Sona Shah	CEO
0001746343-18-000005	1	Sing 1, LLC	Laura Lasco	Manager of NexGen Restaurants, LLC, the manager
0001670254-18-000450	1	Monarch Media LLC	Vincent Zaldivar	CEO
0001745727-18-000005	1	FOCUSMATE INC	Taylor Jacobson	President and Chief Executive Officer
0001750319-18-000001	1	Smilelove LLC	David Frazier	Manager
0001751443-18-000003	1	Transatlantic Real Estate LLC	Nicole Birch	CEO
0001745986-18-000001	1	Airto, Inc.	Shi Li	CEO, principal financial officer, and principal accounting officer
0001670254-18-000448	1	World Tree COP USA, LLC	Wendy Burton	Founder & CEO
0001665160-18-000967	1	xCraft Enterprises, Inc.	JD Claridge	CEO, Principal Executive Officer and Director, Principal Financial Officer and Principal Accounting Officer
0001670254-18-000446	1	VirZOOM, Inc.	Eric Janszen	Co-founder and CEO
0001665160-18-000964	1	MeetMeNow LLC	Frank Azzolino	CEO, Principal Executive Officer and Manager, Principal Financial Officer and Principal Accounting Officer
0001665160-18-000957	1	Gab AI Inc	Andrew Torba	CEO, Principal Executive Officer and Director, Principal Financial Officer and Principal Accounting Officer
0001669191-18-000423	1	Braidy Industries, Inc.	Craig Bouchard	Principal Executive Officer
0001665160-18-000953	1	Sentigraph Inc	Tochi Eke-Okoro	CEO, Principal Executive Officer and Director, Principal Financial Officer and Principal Accounting Officer
0001665160-18-000950	1	StorEn Technologies Inc.	Carlo Brovero	CEO, Principal Executive Officer and Director, Principal Financial Officer and Principal Accounting Officer
0001665160-18-000949	1	CrowdCoverage Inc.	John Pearson	Co-CEO, Principal Executive Officer and Director, Principal Financial Officer and Principal Accounting Officer
0001665160-18-000948	1	Keezel, Inc.	Aike Muller	Principal Executive Officer and President
0001665160-18-000947	1	American Ultimate Disc League, LLC	Steven T Gordon	Principal Executive Officer and Manager
0001751443-18-000002	1	Transatlantic Real Estate LLC	Nicole Birch	CEO
0001751287-18-000002	1	WORLD BLOCKCHAIN PROJECT	Joseph Hernandez	CEO
0001665160-18-000945	1	Conc-Steel Inc.	John Koszalkowski	President, Principal Executive Officer, Director, Principal Financial Officer, Principal Accounting Officer
0001665160-18-000943	1	Solar Direct LLC	Kirk Maust	CEO, Principal Executive Officer and Manager, Principal Financial Officer and Principal Accounting Officer
0001748169-18-000002	1	Gin & Luck LLC	David Kaplan	CEO
0001665160-18-000942	1	SHIFTMobility Inc.	Pavana Jain	CEO and Director, Principal Financial Officer and Principal Accounting Officer
0001665160-18-000939	1	SHIFTMobility Inc.	Pavana Jain	CEO and Director, Principal Financial Officer and Principal Accounting Officer
0001665160-18-000937	1	Flower Turbines LLC	Mark Daniel Farb	CEO, Principal Executive Officer and Director, Principal Financial Officer and Principal Accounting Officer
0001670254-18-000444	1	Fundraise Up Inc.	Peter Byrnes	Chief Executive Officer
0001665160-18-000936	1	ARTICHOKE, LLC	Justin Shelby	CEO, Principal Executive Officer and Manager, Principal Financial Officer and Principal Accounting Officer
0001665160-18-000935	1	Magnabid	Pez Zarifian	CEO, Principal Executive Officer and Director, Principal Financial Officer and Principal Accounting Officer
0001670254-18-000442	1	Billion Vegans Inc.	Alon Hochberg	Co-founder & CEO
0001691608-18-000001	1	Fair Isle Brewing, LLC	Geoffrey Barker	Manager
0001665160-18-000934	1	Erndo Inc.	Peter Jenson	CEO, Principal Executive Officer, and Principal Executive Director
0001658754-18-000003	1	Latin Everywhere Inc.	Richard Hull	CEO, Principal Executive Officer, Principal Accounting Officer, Principal Financial Officer
0001670254-18-000440	1	Heroin Film LLC	Spencer T Folmar	Director, Writer, and Producer
0001665160-18-000932	1	Xascale Inc.	Jeff Mueller	CEO, Principal Executive Officer and Director, Principal Financial Officer and Principal Accounting Officer
0001670254-18-000438	1	Bugsy Brewing Inc	Michel Myara	CEO
0001739405-18-000006	1	Oxalis Food, LLC	Steve Wong	Managing member of Redwood Hospitality LLC, the managing member
0001750508-18-000002	1	Pittsburgh Current LLC	Bethany Ruhe	Owner
0001735180-18-000004	1	Travis Midtown, LLC	Joseph Arbeely	Manager & Co-Founder
0001665160-18-000925	1	MintHealth Inc.	Dr. Samir Damani	CEO, Principal Executive Officer and Director
0001665160-18-000924	1	Sagoon Inc.	Govinda Giri	CEO, Principal Executive Officer and Director, Principal Financial Officer and Principal Accounting Officer
0001665160-18-000923	1	Farr Hotels and Resorts, Inc	Ken Farr	CEO, Principal Executive Officer and Director, Principal Financial Officer and Principal Accounting Officer
0001751259-18-000004	1	5 Generation Bakers, LLC	Scott A. Baker	President
0001665160-18-000921	1	Etelligent, Inc	Barbara Weller	CEO, Principal Executive Officer and Director, Principal Financial Officer and Principal Accounting Officer
0001665160-18-000919	1	Kerrington Home Inc.	Stacie Claytor	CEO, Principal Executive Officer and Director, Principal Financial Officer and Principal Accounting Officer
0001750337-18-000007	1	Remember When Ice Cream Inc	Debra M. Spotts	President
0001665160-18-000917	1	Sagoon Inc.	Govinda Giri	CEO, Principal Executive Officer and Director, Principal Financial Officer and Principal Accounting Officer
0001665160-18-000916	1	Mosaic Distributors, LLC	Chris Kolodziejski	CEO, Principal Executive Officer and Manager, Principal Financial Officer and Principal Accounting Officer
0001669191-18-000415	1	Swoon City Music LLC	Maureen Lloren	Principal Executive Officer
0001745594-18-000001	1	CRF Baltimore Affordable Housing, LLC	Jeffrey Villwock	CEO, Community Redevelopment Fund, Inc., Manager
0001665160-18-000912	1	CFBB Pictures, LLC	Jason Buterin	CEO and Manager, Principal Executive Officer, Principal Financial Officer and Principal Accounting Officer
0001746343-18-000004	1	Sing 1, LLC	Laura Lasco	Manager of NexGen Restaurants, LLC, the manager
0001665160-18-000914	1	Mycroft AI Inc.	Joshua Montgomery	CEO, Principal Executive Officer and Director, Principal Financial Officer and Principal Accounting Officer
0001751443-18-000001	1	Transatlantic Real Estate LLC	Nicole Birch	CEO
0001665160-18-000910	1	Trait Inc.	Mohammad Ghumman	CEO, Principal Executive Officer and Director, Principal Financial Officer and Principal Accounting Officer
0001743800-18-000003	1	Greg Miller Project, LLC	Gregory David Miller	President
0001739571-18-000005	1	Crab Corner II, LLC	John Smolen	Owner
0001669191-18-000413	1	Kingscrowd LLC	Christopher Lustrino	Principal Executive Officer
0001635926-18-000007	1	Because Learning	Sunny Washington	CEO and cofounder
0001749079-18-000006	1	BITFENCE.IO LLC	Vladimir Tereshkov	CEO
0001669191-18-000410	1	PropertyClub, Inc.	Andrew  Weinberger	Principal Executive Officer
0001665160-18-000908	1	Gigvines	Jarrod Blake	CEO, Principal Executive Officer and Director, Principal Financial Officer and Principal Accounting Officer
0001752109-18-000002	1	ROOTS & VINE PRODUCE & CAFE, INC	Ena Jones	President/CEO
0001669191-18-000408	1	Ao1 Solutions Inc.	Tyrre Burks	Principal Executive Officer
0001669191-18-000406	1	Maingear, Inc.	Wallace Santos	Principal Executive Officer
0001665160-18-000906	1	Atmos Home Inc.	Mark Lyle	CEO, CTO, Principal Executive Officer and Director, Principal Financial Officer and Principal Accounting Officer
0001751259-18-000003	1	5 Generation Bakers, LLC	Scott A. Baker	President
0001670254-18-000434	1	Kangaroo Oral Care, LLC	Jaime Frand	CEO
0001670254-18-000436	1	Strive Tech Inc.	Nikola Mrvaljevic	CEO
0001665160-18-000905	1	Time Token, Inc.	Greg Nelson	CEO, Principal Executive Officer and Director
0001749079-18-000001	1	BITFENCE.IO LLC	Vladimir Tereshkov	CEO
0001665160-18-000904	1	AMPERE ELECTRIC CARS, INC	Tony Chan	CEO, Principal Executive Officer and Director, Principal Financial Officer and Principal Accounting Officer
0001669191-18-000402	1	Deshyo LLC	Zachary Silverman	Principal Executive Officer
0001665160-18-000903	1	Cityfreighter Inc.	Michael Schoening	President, Principal Executive Officer and Director
0001665160-18-000902	1	JINGLZ, INC.	Aaron Itzkowitz	CEO, President, Chairman, Director, Principal Executive Officer
0001665160-18-000900	1	Cityfreighter Inc.	Michael Schoening	President, Principal Executive Officer and Director
0001669191-18-000398	1	Aphios Pharma LLC	Trevor  Castor	Principal Executive Officer
0001665160-18-000897	1	NowKeto, Inc.	Joshua Paul Christensen	CEO, Principal Executive Officer and Director, Principal Financial Officer and Principal Accounting Officer
0001750894-18-000001	1	Zeehaus Inc.	Justin Lee	CEO
0001665160-18-000895	1	NetObjex, Inc	Raghuram Balasubramanian	CEO, Principal Executive Officer, Director, Principal Accounting Officer, Principal Financial Officer
0001665160-18-000892	1	Anchor Digital Inc.	Marcus Martin II	CEO and Principal Executive Officer
0001749046-18-000003	1	Nori, LLC	/s/ Paul Gambill	Chief Executive Officer and Co-Manager
0001742857-18-000003	1	POQ ISSUER, LLC	G. Michael Weiksner	Chief Technology Officer
0001749046-18-000002	1	Nori, LLC	Paul Gambill	Chief Executive Officer and Co-Manager
0001665160-18-000888	1	Epec Holdings, Inc.	Steve Vanechanos	Executive Chairman, CEO, Principal Executive Officer and Director
0001742055-18-000001	1	SapientX Inc.	David Colleen	CEO, Principal Executive Officer, Principal Accounting Officer, Principal Financial Officer
0001665160-18-000886	1	ONO 3D, Inc	Pietro Gabriele	CEO, Principal Executive Officer and Director, Principal Financial Officer and Principal Accounting Officer
0001745548-18-000004	1	K POP Foods, Inc.	Theodore Lee	CEO and Director
0001665160-18-000884	1	Dablr, Inc	Jake Obremski	CEO, Principal Executive Officer and Director, Principal Financial Officer and Principal Accounting Officer
0001665160-18-000883	1	Dashing Corp	Alaxander Villmann	CEO, Principal Executive Officer and Director
0001665160-18-000881	1	Freedom Motors, Inc.	Paul Moller	CEO, Principal Executive Officer
0001665160-18-000880	1	Live Shop Buy, Inc.	Joseph Anselmo	CEO, Principal Executive Officer and Director, Principal Financial Officer and Principal Accounting Officer
0001675773-18-000004	1	RadioPublic PBC	Jake Shapiro	CEO and President and Director
0001751259-18-000002	1	5 Generation Bakers, LLC	Scott A. Baker	President
0001670254-18-000432	1	Ridgemont Outfitters, Inc.	Alex Hall	CEO
0001670254-18-000431	1	My Trail Company, PBC	Demetri Coupounas	CEO
0001670254-18-000426	1	Yolo Rum, LLC	Philip Guerin	Managing Member
0001670254-18-000429	1	Naia, Inc.	Chris Tan	CEO and Co-Founder
0001670254-18-000424	1	Asgard Brewing	Stephen Porter	Co-Founder and CEO
0001670254-18-000427	1	The OmniPad Company, LLC	Neil Epstein	CEO / President
0001751635-18-000003	1	Neopenda, PBC	Sona Shah	CEO
0001670254-18-000422	1	Extreme Sandbox, LLC	Randy Stenger	Founder/CEO
0001670254-18-000416	1	The Cookie Department, Inc.	Akiva Resnikoff	Founder & CEO The Cookie Department
0001670254-18-000419	1	Bourbon & Boots Acquisition Company, LLC	Rod Ford	Chairman and CEO
0001670254-18-000415	1	Martingale LLC	Chris Taylor	Producer / Writer
0001751259-18-000001	1	5 Generation Bakers, LLC	Scott A. Baker	President
0001670254-18-000414	1	Texas Brewer Support, LLC	Davis Sean Tucker	President/Founder
0001670254-18-000413	1	Amulet Group Holdings, Inc.	Jeffrey Isquith	President and CEO
0001665160-18-000877	1	Real Bloody Mary Co., LLC	Michael Machat	CEO, Principal Executive Officer and Director, Principal Financial Officer and Principal Accounting Officer
0001665160-18-000876	1	LIFE RECOVERY SYSTEMS HD LLC	Robert J Freedman	CEO, Principal Executive Officer and Manager
0001658754-18-000001	1	Latin Everywhere Inc.	Richard Hull	CEO, Principal Executive Officer, Principal Accounting Officer, Principal Financial Officer
0001746291-18-000004	1	DWEALTH LLC	Oluseun Odumusi	CEO
0001665160-18-000863	1	Time Token, Inc.	Greg Nelson	CEO, Principal Executive Officer and Director
0001670254-18-000411	1	ClassApps, Inc.	Sheryl Briggs	President
0001683168-18-002559	1	C. Meyers Feldman & Company	/s/ Charles Feltman	President
0001670254-18-000407	1	Barrel Harbor Brewing Company, LLC	Tim St.Martin	CEO
0001670254-18-000412	1	Neurohacker Collective, LLC	James Schmachtenberger	CEO
0001750975-18-000002	1	Victor George Spirits, LLC	Victor Harvey	CEO
0001670254-18-000408	1	MoJoe Brewing Company, LLC	Joseph Hyman	Co-Founder and CEO
0001665160-18-000871	1	ConsideredThoughtfully	Dorothy McKinney	CEO, Principal Executive Officer and Director
0001665160-18-000873	1	BOND FILM PLATFORM INC.	Vlad Lobak	CEO, Principal Executive Officer and Director, Principal Financial Officer and Principal Accounting Officer
0001750513-18-000001	1	Oz. House LLC	Sean Kanter	Manager
0001665160-18-000864	1	Unicoin Blockchain, Inc.	Chris Anthony	Principal Executive Officer and Director, Principal Financial Officer
0001665160-18-000869	1	Wise Power Inc	Kevin J. Williams	CEO, Principal Executive Officer and Director, Principal Financial Officer and Principal Accounting Officer
0001670254-18-000406	1	Altcoin Exchange, Inc.	Andrew Gazdecki	CEO and Co-Founder
0001670254-18-000405	1	DNA PRO-FIT LLC	Domingo Correa	President and CEO
0001670254-18-000404	1	Parvenu Fundraising, Inc	Patrick Hoban	Co-founder & CEO
0001670254-18-000403	1	Stewbum & Stonewall Brewing Co LLC	Darren Garvey	Owner
0001670254-18-000402	1	OODLES CORPORATION	Asheesh Barman	Co-Founder, President, & COO
0001670254-18-000401	1	Tampon Tribe, Inc.	Jennifer Eden	CEO
0001683168-18-002552	1	Hylete, Inc.	/s/ Ronald Wilson	Chief Executive Officer
0001665160-18-000862	1	Geopulse Exploration Inc.	Marcus Laun	CEO, Principal Executive Officer and Director, Principal Financial Officer and Principal Accounting Officer
0001670254-18-000400	1	KetoNatural Pet Foods, Inc.	Daniel Schulof	Co-founder and CEO
0001665160-18-000861	1	NOVO AERO TECHNOLOGY, INC	Essam Tawfik Marcus	CEO, Principal Executive Officer and Director, Principal Financial Officer and Principal Accounting Officer
0001670254-18-000399	1	Newchip Inc.	Ryan Rafols	Founder & CEO
0001665160-18-000860	1	Sun Fund Renewables Inc.	Michael Licamele	CEO, Principal Executive Officer and Sole Director, Principal Financial Officer and Principal Accounting Officer
0001665160-18-000859	1	Bioclonetics Immunotherapeutics, Inc.	Charles S. Cotropia	CEO, Principal Executive Officer and Director, Principal Financial Officer and Principal Accounting Officer
0001665160-18-000858	1	Monte Cristo Productions, LLC	Avi Bernard	CEO, Principal Executive Officer and Director, Principal Financial Officer and Principal Accounting Officer
0001665160-18-000856	1	Overland ATS, LLC	Waldemar F. Kissel Jr.	CEO, Principal Executive Officer and Manager, Principal Financial Officer and Principal Accounting Officer
0001665160-18-000854	1	IJUZE Corp	Esmond Goei	CEO, Principal Executive Officer and Director
0001665160-18-000853	1	GarageSkins, Inc.	Richard L Medlen	CEO, Principal Executive Officer and Director, Principal Financial Officer and Principal Accounting Officer
0001750975-18-000001	1	Victor George Spirits, LLC	Victor George Spririts	CEO
0001665160-18-000852	1	Overland ATS, LLC	Waldemar F. Kissel Jr.	CEO, Principal Executive Officer and Manager, Principal Financial Officer and Principal Accounting Officer
0001669191-18-000394	1	YouStake, Inc.	Frank DeGeorge	President and Chief Executive Officer
0001735494-18-000006	1	Nicci Willis & Co	Jameen Willis	Managing Director
0001744818-18-000002	1	Inside.com, Inc.	Austin Smith	President
0001665160-18-000849	1	QUILA MARIA'S TEQUILA RIA, LLC	Jesse Lee Carrigan	CEO, Manager, Principal Financial Officer and Principal Accounting Officer
0001750508-18-000001	1	Pittsburgh Current LLC	Bethany Ruhe	Owner
0001670254-18-000397	1	ATAxe LLC	Daniel Poane	Owner
0001704607-18-000001	1	NuLeaf Tech, Inc.	Rachel Major	CEO and Director
0001693411-18-000004	1	EF Resources, Inc.	Casey Minshew	CEO, Principal Executive Officer, Principal Accounting Officer, Principal Financial Officer
0001693411-18-000003	1	GoFish Cam, Inc.	Brandon Austin	CEO and Director
0001669191-18-000392	1	Sterilogy LLC	Bradley Ahlgren	Principal Executive Officer
0001669191-18-000389	1	Pet & Tie, Inc.	Diego Mendes Alves	Principal Executive Officer
0001670254-18-000395	1	eProtege Inc	Phillip Henry	President & CEO
0001669191-18-000387	1	Woodpecker Technologies, LLC	Alex Melehy	Principal Executive Officer
0001670254-18-000393	1	Tyme Commerce, Inc.	Bobby Marhamat	Co-Founder & CEO
0001669191-18-000383	1	Subba Media Inc	Mark Jennings	Principal Executive Officer
0001669191-18-000380	1	Swoon City Music LLC	Maureen Lloren	Principal Executive Officer
0001717111-18-000001	1	Red Hen Collective Cooperative, Inc.	Molly Madden	President
0001745226-18-000005	1	Moonlighting LLC	Jeff Tennery	Chief Executive Officer
0001684321-18-000005	1	Italian Cafe, LLC	Christy J. Jepson	Manager
0001670254-18-000392	1	The Enclave Group LLC	Oscar Chow	CEO/Founder
0001670254-18-000391	1	Stewbum & Stonewall Brewing Co LLC	Darren Garvey	Owner
0001720733-18-000001	1	Lei Co Cooperative, Inc.	Tiffany Lacsado	President
0001670254-18-000389	1	Arolucha, Inc.	Jason Brown	CEO
0001743800-18-000002	1	Greg Miller Project, LLC	/Gregory Miller/	President
0001750337-18-000006	1	Remember When Ice Cream Inc	Debra M. Spotts	President
0001665160-18-000848	1	Fuller Real Estate Solutions LLC.	Jonathan Fuller	CEO, Principal Executive Officer and Director, Principal Financial Officer and Principal Accounting Officer
0001665160-18-000846	1	Sober Network Inc.	Harold Jonas	CEO, Principal Executive Officer and Director, Principal Financial Officer and Principal Accounting Officer
0001670254-18-000388	1	ZYPPAH, Inc.	Jonathan Greenburg	CEO
0001665160-18-000844	1	Cryptid LLC	Brad Rego	CEO, Principal Executive Officer and Manager, Principal Financial Officer and Principal Accounting Officer
0001670254-18-000387	1	Industry Water Filtration, Inc.	Richard Yanda	President
0001670254-18-000386	1	KALiiN, LLC	Richard Grover	Founder/CEO
0001665160-18-000843	1	TotalSource Solutions, Inc	George B. Brown	CEO, Principal Executive Officer and Director, Principal Financial Officer and Principal Accounting Officer
0001665160-18-000842	1	Junto Bicycle Works, Ltd.	Brian Powell	CEO and Principal Executive Officer
0001665160-18-000841	1	LGBT Media, Inc.	Jordan Weiss	Co-CEO, Principal Executive Officer and Director, Principal Financial Officer and Accounting Officer
0001749553-18-000002	1	Creamy Coconuts, LLC	Kai Nortey	CEO, Member
0001684004-18-000001	1	Black Point Seafood, LLC	Mark Murrell	CEO
0001749548-18-000002	1	Geek Girl Tech, PBC	Jenn Diesi	Chief Executive Officer
0001665160-18-000840	1	1Up Golf Development Group, Inc.	John R. Humphrey	CEO and Founder, Principal Executive and Director
0001675481-18-000003	1	Spotlight: Girls	Lynn Johnson	CEO
0001741753-18-000002	1	Local Choice Inc	Paula Dezzutti Hewlette	Director, President, Chief Executive Officer
0001665160-18-000838	1	Perfict Inc.	Cory Faulkner	CEO, Principal Executive Officer and Director, Principal Financial Officer and Principal Accounting Officer
0001675481-18-000002	1	Spotlight: Girls	Lynn Johnson	CEO
0001706937-18-000002	1	WhereBy.Us Enterprises, Inc	Christopher Sopher	CEO
0001665160-18-000837	1	Digital Direct IR, Inc	Peter Kaufman	CEO, Principal Executive Officer and Director, Principal Financial Officer and Principal Accounting Officer
0001739018-18-000002	1	Come Home Zone Development Co	David Borinsky	Manager of Manager, CHZ Management, LLC
0001665160-18-000836	1	Firebot Inc	Mark Baldino	CEO, Principal Executive Officer and Director, Principal Financial Officer and Principal Accounting Officer
0001750337-18-000005	1	Remember When Ice Cream Inc	Debra M. Spotts	President
0001750337-18-000004	1	Remember When Ice Cream Inc	Debra M. Spotts	President
0001750337-18-000003	1	Remember When Ice Cream Inc	Debra M. Spotts	President
0001750307-18-000002	1	Mosaic 4537 Wayne Avenue GP, LLC	Gregory Reaves	Managing member of Manager, Mosaic Development Partners, LLC
0001665160-18-000835	1	Locking Line Barriers Corp	Joseph Daniluk	CEO, Principal Executive Officer and Director, Principal Financial Officer, Secretary, and Principal Accounting Officer
0001750337-18-000002	1	Remember When Ice Cream Inc	Debra M. Spotts	President
0001750307-18-000001	1	Mosaic 4537 Wayne Avenue GP, LLC	Gregory Reaves	Managing member of Manager, Mosaic Development Partners, LLC
0001665160-18-000833	1	New Haven Community Solar, LLC	Franz Hochstrasser	Principal Executive Officer and Manager
0001750337-18-000001	1	Remember When Ice Cream Inc	Debra Spotts	President
0001665160-18-000831	1	Yummi Inc.	Pete Wong	CEO, Principal Executive Officer and Director, Principal Financial Officer and Principal Accounting Officer
0001670254-18-000384	1	DNA PRO-FIT LLC	Domingo Correa	President and CEO
0001700426-18-000002	1	Flickswitch LLC	David Vatz	CFO
0001743181-18-000005	1	BANDWAGONFANCLUB INC.	Harold Hughes	Chief Executive Officer
0001670254-18-000383	1	Palmia Corporation	Robert Nathanson	CEO
0001723146-18-000007	1	Fragrance of Heaven LLC	Terri Arthur	Owner & CEO
0001650631-18-000002	1	DoneGood, PBC	Cullen Schwarz	CEO and Director
0001670254-18-000380	1	The Hard Soda Co. LLC	John Lynch	Founder
0001665160-18-000828	1	TrustaBit LLC	Saritta Hines	CEO, Principal Executive Officer and Director, Principal Financial Officer and Principal Accounting Officer
0001665160-18-000827	1	Baja United Imports, Inc.	Jim Riley	CEO and Principal Executive Officer and Director
0001670254-18-000377	1	Dun Rite Games, Inc	Ricardo Velez	Founder  Co-CEO
0001669191-18-000378	1	Kingscrowd LLC	Christopher Lustrino	Principal Executive Officer
0001669191-18-000376	1	Verdant Power Inc.	John Banigan	Principal Executive Officer
0001739018-18-000001	1	Come Home Zone Development Co	David Borinsky	Manager of Manager, CHZ Management, LLC
0001665160-18-000826	1	Keezel, Inc.	Aike Muller	Principal Executive Officer and President
0001670254-18-000376	1	'Laine's Bake Shop LLC, BG Consortium LLC	Rachel E. Bernier-Green	Owner
0001665160-18-000825	1	Ceres Greens LLC	Jacob Isham	CEO, Managing Member, Principal Financial Officer and Principal Accounting Officer
0001635926-18-000004	1	Because Learning	Sunny Washington	CEO and cofounder
0001748253-18-000001	1	Vibravision, LLC.	Nathan S Zeleznick	Chairman/Chief Executive Officer
0001665160-18-000823	1	Crooru Corp	Wilson Encarnacion	CEO, Principal Executive Officer and Director, Principal Financial Officer and Principal Accounting Officer
0001665160-18-000824	1	POUNDWISHES INC.	John Hussey	CEO, Principal Executive Officer and Director, Principal Financial Officer and Principal Accounting Officer
0001665160-18-000822	1	YouStake, Inc.	Frank DeGeorge	CEO, Principal Executive Officer and Director
0001139685-18-000003	1	20/20 GeneSystems, Inc.	Jonathan Cohen	Chief Executive Officer
0001741220-18-000001	1	CW Petroleum Corp	/s/ Christopher Williams	CEO
0001665160-18-000821	1	Power2Peer, Inc.	Mamta Sonwalkar	CEO, Principal Executive Officer and Director, Principal Financial Officer and Principal Accounting Officer
0001665160-18-000820	1	American Ultimate Disc League, LLC	Steven T Gordon	Principal Executive Officer and Manager
0001568609-18-000007	1	Cuddle Clones LLC	Jennifer Williams	Manager and COO
0001665160-18-000818	1	Virtual QE, Inc	Shawn Findlater	CEO, Principal Executive Officer and Director, Principal Financial Officer and Principal Accounting Officer
0001139685-18-000002	1	20/20 GeneSystems, Inc.	Jonathan Cohen	Chief Executive Officer
0001139685-18-000001	1	20/20 GeneSystems, Inc.	Jonathan Cohen	Chief Executive Officer
0001743080-18-000007	1	Gard Midtown, LLC	Jonathan Serrano	Manager
0001665160-18-000814	1	Tribal Rides, Inc.	Joe Grimes	CEO, Principal Executive Officer and Director, Principal Financial Officer and Principal Accounting Officer
0001665160-18-000810	1	CEN INC	James Tagg	CEO, Principal Executive Officer and Director, Principal Financial Officer and Principal Accounting Officer
0001670254-18-000375	1	Nude Inc	Erin Carpenter	CEO
0001665160-18-000812	1	Denim LA, Inc.	Corey Epstein	Co-CEO, Principal Executive Officer and Director
0001670254-18-000373	1	Augmented Reality Sports Management Corporation	Robert Sigmon	CEO, Founder
0001665160-18-000811	1	Atlis Motor Vehicles Inc	Mark Hanchett	CEO, Principal Executive Officer and Director, Principal Financial Officer and Principal Accounting Officer
0001670254-18-000372	1	Precise Portions, LLC	Ann Marie Stephens	Co-Founder & CEO
0001670254-18-000371	1	Altcoin Exchange, Inc.	Andrew Gazdecki	CEO and Co-Founder
0001665160-18-000809	1	Livingway, Inc.	Jules Trasleglise	CEO, Principal Executive Officer and Director, Principal Financial Officer and Principal Accounting Officer
0001742134-18-000009	1	Item Banc	Virginia Robertson	CEO and Director
0001665160-18-000807	1	WCB Productions LLC	Cornell Christanson	CEO, Principal Executive Officer and Manager, Principal Financial Officer and Principal Accounting Officer
0001665160-18-000804	1	Power2Peer Inc.	Mamta Sonwalkar	CEO, Principal Executive Officer and Director, Principal Financial Officer and Principal Accounting Officer
0001670254-18-000369	1	BluMartini Inc.	Andree Ng	Co-Founder
0001665160-18-000801	1	SupportMarket Inc.	Ankit Chaudhari	CEO, Principal Executive Officer and Director, Principal Financial Officer and Principal Accounting Officer
0001665160-18-000802	1	FidoTV Channel, Inc.	Tad Walden	CEO and Principal Executive Officer
0001746875-18-000002	1	Bantam Holdings, LLC	Stuart Maclean Ramsay	Manager
0001670254-18-000368	1	Blue World Voyages LLC	Hal Gassenheimer	CFO
0001737909-18-000004	1	Dash Labs, Inc.	Jamyn Edis	CEO
0001665160-18-000800	1	Mosaic Distributors, LLC	Chris Kolodziejski	CEO, Principal Executive Officer and Manager, Principal Financial Officer and Principal Accounting Officer
0001665160-18-000795	1	Smoke Cartel, Inc.	Darby Cox	CEO, Principal Executive Officer and Director
0001665160-18-000797	1	Gift Jeenie USA, Inc	Vikram Chopra	CEO, Principal Executive Officer and Director, Principal Financial Officer and Principal Accounting Officer
0001665160-18-000793	1	Smoke Cartel, Inc.	/s/ Sean Geng	CEO, Principal Executive Officer and Director
0001731158-18-000006	1	Ten Thousand, Inc.	Keith B. Nowak	CEO and Director
0001670254-18-000366	1	Skejul Inc	Matthew Lamons	Founder/CEO
0001669191-18-000374	1	ChoiceTrade Holdings, Inc.	Neville Golvala	Principal Executive Officer
0001669191-18-000372	1	Subba Media Inc	Mark Jennings	Principal Executive Officer
0001669191-18-000369	1	PropertyClub, Inc.	Andrew  Weinberger	Principal Executive Officer
0001670254-18-000365	1	POWERHANDZ Inc	Darnell Jones	Founder / President
0001665160-18-000792	1	CURAITE, Inc	Arif Ferda Kertmelioglu	Chairman, Principal Executive Officer and Director, Principal Financial Officer and Principal Accounting Officer
0001665160-18-000791	1	Evarians, Inc	Billy Alabsi	CEO, Principal Executive Officer and Director, Principal Financial Officer and Principal Accounting Officer
0001665160-18-000789	1	Evarians, Inc	Billy Alabsi	CEO, Principal Executive Officer and Director, Principal Financial Officer and Principal Accounting Officer
0001665160-18-000778	1	KOTA Longboards LLC	Michael P. Maloney	CEO, Principal Executive Officer and Director, Principal Financial Officer and Principal Accounting Officer
0001665160-18-000774	1	KOTA Longboards, LLC	Mike Maloney	Founder/CEO
0001670254-18-000361	1	eBroadcast Media Group Inc.	Jesse Wacht	Founder, CEO, Executive Producer
0001739571-18-000004	1	Crab Corner II, LLC	John Smolen	Owner
0001665160-18-000787	1	Eclipse Diagnostics Inc	Luka Fajs	CEO, Principal Executive Officer and Director, Principal Financial Officer and Principal Accounting Officer
0001670254-18-000363	1	DOUGHP, LLC.	Kelsey Witherow	Founder
0001719648-18-000002	1	Freerolls Entertainment, Inc.	/s/ Corinda Melton	CEO
0000352956-18-000002	1	FAFCO INC	Robert Leckinger	President & CEO
0000352956-18-000001	1	FAFCO INC	Robert Leckinger	President & CEO
0001739405-18-000005	1	Oxalis Food, LLC	Steve Wong	Managing member of Redwood Hospitality LLC, the managing member
0001739109-18-000005	1	UBIF Tech Solutions Inc	Michael W. Pierce	President
0001665160-18-000773	1	Divinia Water, Inc.	Steven R Sedlmayr	CEO, Principal Executive Officer and Director and Principal Financial Officer
0001665160-18-000772	1	EpigenCare Inc.	William Lee	CEO, Principal Executive Officer and Director
0001742846-18-000004	1	BelleIQ, Inc.	Nu Dao	Co-founder/CEO, Executive Chairman, BOD
0001665160-18-000768	1	Flont, Inc	Cormac Kinney	CEO, Principal Executive Officer and Director, Principal Financial Officer and Principal Accounting Officer
0001665160-18-000770	1	Diyev, Inc	Edward R. Monfort	CEO, Principal Executive Officer and Director, Principal Financial Officer, Chief Technology Officer and Principal Accounting Officer
0001665160-18-000766	1	iDiva, LLC	Nephateri White	CEO, Principal Executive Officer and Director, Principal Financial Officer and Principal Accounting Officer
0001742846-18-000002	1	BelleIQ, Inc.	Nu Dao	Co-founder/CEO, Executive Chairman, BOD
0001665160-18-000764	1	JWL.COM, Inc.	David Zinberg	CEO, Principal Executive Officer and Director
0001748372-18-000001	1	Feast & Fettle Inc.	Carlos Ventura	Chief Executive Officer
0001732219-18-000011	1	MYWAY, INC	TOMMY ALGATHEN ALLEN	FOUNDER
0001669191-18-000367	1	Clean Bite, LLC	John Gallagher	Principal Executive Officer
0001743775-18-000005	1	Organic Living Inc.	jai mcfall	Chief Executive Officer
0001665160-18-000762	1	PAYGEVITY, INC.	Neil Rothenberg	CEO, Principal Executive Officer and Director, Principal Financial Officer and Principal Accounting Officer
0001665160-18-000763	1	IJUZE Corp	Esmond Goei	Principle Executive officer and Director
0001665160-18-000761	1	Personal Airline Exchange, Inc.	Michael Azzarello	CEO, Principal Executive Officer and Director, Principal Financial Officer, Principal Accounting Officer
0001665160-18-000760	1	Cyrus The Great Production Company, Inc	Alan Bailey	CEO, Principal Executive Officer and Director, Principal Financial Officer and Principal Accounting Officer
0001665160-18-000759	1	DIVINIA Water, Inc.	Steven R Sedlmayr	CEO, Principal Executive Officer and Director and Principal Financial Officer
0001735360-18-000003	1	Parlay App, Inc.	Keith Frankel	President and Chief Executive Officer
0001670254-18-000358	1	Tampon Tribe, Inc.	Jennifer Eden	CEO
0001670254-18-000359	1	Van Cleave Dry Goods LLC	Adam Van Cleave	President & CEO
0001670254-18-000354	1	smartQED, Inc.	Rishi Mukhopadhyay	COO and Head of Product
0001670254-18-000357	1	Seven Stills, Inc	Tim Obert	Co-Founder & CEO
0001670254-18-000355	1	SFBC Wyomissing, LLC	John Giannopoulos	Owner, Managing Partner
0001738944-18-000008	1	PIXILATED LLC	Nicolas China	CEO and Manager
0001670254-18-000360	1	Famterra, Inc	Elena Krasnoperova	Co-founder, CEO
0001665160-18-000757	1	Citizen Health Project, Inc.	Brennen Hodge	CEO, Principal Executive Officer and Director, Principal Financial Officer and Principal Accounting Officer
0001670254-18-000353	1	Legion M Entertainment, Inc.	Paul Scanlan	Co-Founder, Chief Executive Officer, Chief Financial Officer and Treasurer, Director
0001665160-18-000755	1	DIVINIA Water, Inc.	Steven R Sedlmayr	CEO, Principal Executive Officer and Director and Principal Financial Officer
0001746343-18-000003	1	Sing 1, LLC	Laura Lasco	Manager of NexGen Restaurants, LLC, the manager
0001665160-18-000751	1	Gift Jeenie USA Inc.	Vikram Chopra	CEO, Principal Executive Officer and Director, Principal Financial Officer and Principal Accounting Officer
0001739398-18-000002	1	GCB Hops, LLC	Lori Daugherty	CEO
0001746343-18-000001	1	Sing1, LLC	Laura Lasco	Manager of NexGen Restaurants, LLC, the manager
0001725941-18-000004	1	Mugatunes Inc.	Andrew Meagher	CEO
0001669191-18-000365	1	Maingear, Inc.	Wallace Santos	Principal Executive Officer
0001740484-18-000004	1	TEST Foundation, Inc.	Neil Thanedar	President and Chairman of the Board
0001665160-18-000744	1	PerFIcT Inc.	Cory Faulkner	CEO, Principal Executive Officer and Director, Principal Financial Officer and Principal Accounting Officer
0001665160-18-000741	1	PatientDirected Inc.	Thomas Gianulli	CEO, Principal Executive Officer and Director, Principal Financial Officer and Principal Accounting Officer
0001665160-18-000746	1	KareCall LLC	Jeffrey Chaskin	CEO, Principal Executive Officer and Director
0001665160-18-000748	1	EscoBoss Inc.	Juliet Andriassian	CEO, Principal Executive Officer and Director, Principal Financial Officer and Principal Accounting Officer
0001665160-18-000738	1	ECXTECH INC.	Ryan Cullins	CEO, Principal Executive Officer, Director
0001735090-18-000004	1	Crowdfind, Inc.	Jay Sebben	Chief Executive Officer
0001665160-18-000731	1	YogaBody LLC	Eric A Pierra	CEO, Principal Executive Officer and Manager, Principal Financial Officer and Principal Accounting Officer
0001665160-18-000733	1	General Presence Inc.	Frank Erik Banks	CEO, Principal Executive Officer and Director, Principal Financial Officer and Principal Accounting Officer
0001665160-18-000735	1	Annie Stacks, Inc	Raymond Monner	CEO, Principal Executive Officer and Director, Principal Financial Officer and Principal Accounting Officer
0001746291-18-000003	1	DWEALTH LLC	Oluseun Odumusi	CEO
0001684321-18-000004	1	Italian Cafe, LLC	Christy J. Jepson	Manager
0001747720-18-000001	1	StoreMe Ind.	Peter Korbel	CEO and Director
0001734260-18-000003	1	Indemnis Inc	Amber McDonald	Chief Executive Officer
0001734260-18-000002	1	Access Network Labs, Inc.	Michael Costa	Director, President, Secretary and CEO
0001737017-18-000005	1	UB TAPROOM LLC	Robert A. Leggett	Managing Partner of UBGP, LLC, sole manager of Uncle Billy's Taproom, LLC
0001568609-18-000006	1	Cuddle Clones LLC	Jennifer Williams	CEO
0001670254-18-000351	1	Vinder, Inc.	Sam Lillie	Founder/CEO
0001670254-18-000350	1	Seven Stills, Inc	Tim Obert	Co-Founder & CEO
0001669191-18-000363	1	Verdant Power Inc.	John Banigan	Principal Executive Officer
0001669191-18-000361	1	Kare Mobile Incorporated	Kwane Watson	Principal Executive Officer
0001748169-18-000001	1	Gin & Luck LLC	David J Kaplan	CEO
0001665160-18-000729	1	Jewelry Warehouse Inc	Scott Satterfield	CEO, Principal Executive Officer and Director, Principal Financial Officer and Principal Accounting Officer
0001670777-18-000001	1	Modern Alkeme, LLC	Lawrence Praeger	CEO and Manager
0001670254-18-000347	1	WhiteClouds Inc.	Jerry Ropelato	CEO
0001745004-18-000002	1	Cherish Productions	Bryan Melendez	CEO
0001742335-18-000002	1	Apex Sports LLC	Marcus Davis	CEO
0001665160-18-000727	1	Movies, Showtimes and Tickets Corporation	Oleg Konko	CEO, Principal Executive Officer and Director, Principal Financial Officer and Principal Accounting Officer
0001747732-18-000001	1	Outlook Corporate Consulting, LLC.	Adam J. Robison	Chief Executive Officer
0001665160-18-000725	1	Farr Hotels & Resorts, Inc	Kenneth Farr	CEO, Principal Executive Officer and Director, Principal Financial Officer and Principal Accounting Officer
0001665160-18-000724	1	IBTY LLC	Krishna Ramnath	Chief Executive Manager, Principal Executive Officer and Manager, Principal Financial Officer and Principal Accounting Officer
0001726073-18-000007	1	Woodland Rockwell No. 1 GP	Manfred Sternberg	President of ACSI, General Partner
0001665160-18-000723	1	Wireless 1 Apps Inc.	Simon Bray	CEO, Principal Executive Officer and Director, Principal Financial Officer and Principal Accounting Officer
0001737259-18-000005	1	Kansas City Breweries Co LLC	/s/ Terri Bricker	CEO
0001665160-18-000721	1	Titomirov Vodka LLC	Alexander Titomirov	CEO, Principal Executive Officer and Director, Principal Financial Officer and Principal Accounting Officer
0001670254-18-000344	1	DonorSee, LLC	Gret Glyer	CEO
0001742335-18-000001	1	Apex Sports LLC	Marcus Davis	CEO
0001665160-18-000720	1	Sarita's Macaroni and Cheese, Inc.	Sarita Ekya	CEO, Principal Executive Officer and Director, Principal Financial Officer and Principal Accounting Officer
0001665160-18-000718	1	StorEn Technologies Inc.	Carlo Brovero	CEO, Principal Executive Officer and Director, Principal Financial Officer and Principal Accounting Officer
0001665160-18-000717	1	Senclo LLC	Brian Hoang	CEO, Principal Executive Officer and Director, Principal Financial Officer and Principal Accounting Officer
0001745081-18-000002	1	Little Bear LLC	/s/ Christopher Greer	CEO
0001735522-18-000004	1	Squirrel Capital Investments Inc.	Byron Stepner	CEO
0001739119-18-000002	1	YOURVIRTUALSIM INC	Alexandre Botteri	President
0001665160-18-000715	1	Symbiotries, Inc.	Randy G. Kreider	CEO, Principal Executive Officer and Director, Principal Financial Officer and Principal Accounting Officer
0001665160-18-000713	1	Dablr, Inc	Jake Obremski	CEO, Principal Executive Officer and Director, Principal Financial Officer and Principal Accounting Officer
0001736304-18-000004	1	Primo Wind, Inc.	Edward McMahon	Founder and CEO
0001743775-18-000004	1	Organic Living Inc.	Jai McFal	Chief Executive Officer
0001665160-18-000710	1	Creatics Enterprises Inc.	Halfdan Hussie	CEO, Principal Executive Officer and Director, Principal Financial Officer and Principal Accounting Officer
0001745517-18-000001	1	VITE Shopping, INC.	Tim Griffin	CEO
0001739109-18-000004	1	UBIF Tech Solutions Inc	JOHN CHARLES LESSEL	SPECIAL COUNSEL
0001746444-18-000001	1	Cocoon Holdings, Inc.	Nita Sederholm	CEO, Principal Executive Officer, Principal Accounting Officer, Principal Financial Officer
0001746725-18-000001	1	Veptas Technology Solutions, Inc	John C. George	CFO
0001670254-18-000342	1	Gage & Tollner Hospitality LLC	St John Frizell	Founder
0001737259-18-000004	1	Kansas City Breweries Co LLC	/s/ Terri Bricker	CEO
0001669191-18-000358	1	Clean Bite, LLC	John Gallagher	Principal Executive Officer
0001665160-18-000707	1	Wow Sports Network Inc.	Jennifer Lapoint	CEO, Principal Executive Officer and Director, Principal Financial Officer and Principal Accounting Officer
0001665160-18-000703	1	Alignme, Inc.	Terrance Ward	CEO, Principal Executive Officer and Director, Principal Financial Officer and Principal Accounting Officer
0001737259-18-000003	1	Kansas City Breweries Co LLC	/s/ Terri Bricker	CEO
0001723146-18-000006	1	Success By Media LLC	J. Noland	Chief Executive Officer
0001738942-18-000004	1	Beauty Park Group Inc.	Brian Park	CEO and Director
0001743775-18-000003	1	Organic Living Inc.	Jai McFall	Chief Executive Officer
0001739813-18-000003	1	Gulf Coast Canna Meds, Inc.	Lori Daugherty	CEO
0001665160-18-000701	1	FRtoken Inc.	Joseph Pitluck	CEO, Principal Executive Officer and Director, Principal Financial Officer and Principal Accounting Officer
0001665160-18-000699	1	Anatomic Global Inc.	David Farley	CEO, Principal Executive Officer and Director, Principal Financial Officer and Principal Accounting Officer
0001747174-18-000001	1	Fdrobotics, Inc.	Fernando De Los Rios	CEO, Principal Executive Officer, Principal Accounting Officer, Principal Financial Officer
0001723146-18-000005	1	Success By Media LLC	J. Noland	Chief Executive Officer
0001738944-18-000007	1	Pixilated LLC	Nicolas China	CEO and Manager
0001733803-18-000003	1	Mob Cycle, LLC	Megan Tyrrell	Member
0001727744-18-000003	1	Trouvaille LLC	Paul Scott Hardersen	Chief Executive Officer
0001738985-18-000002	1	GEMSS North America, Inc.	Bruno Wuest	Executive Chairman
0001745469-18-000002	1	Maine Textiles International, LLC	/s/ Kenneth Raessler	CEO
0001665160-18-000698	1	SupPorter, Inc.	Inman Porter	CEO, Principal Executive Officer and Director, Principal Financial Officer and Principal Accounting Officer
0001732219-18-000007	1	MYWAY, INC	TOMMY ALGATHEN ALLEN	FOUNDER
0001665160-18-000697	1	Solar Direct LLC	Kirk Maust	CEO, Principal Executive Officer and Manager, Principal Financial Officer and Principal Accounting Officer
0001665160-18-000696	1	Farr Hotels & Resorts, Inc	Kenneth Farr	CEO, Principal Executive Officer and Director, Principal Financial Officer and Principal Accounting Officer
0001740120-18-000006	1	JWJTWO LLC	William Patterson	Member
0001665160-18-000695	1	Erndo Inc.	Peter Jenson	CEO, Principal Executive Officer, and Principal Executive Director
0001736388-18-000004	1	R3 Printing, Inc.	Daniel Downs	President
0001669191-18-000354	1	Swoon City Music LLC	Maureen Lloren	Principal Executive Officer
0001669191-18-000352	1	Pet & Tie, Inc.	Diego Mendes Alves	Principal Executive Officer
0001745469-18-000001	1	Maine Textiles International, LLC	/s/ Kenneth Raessler	CEO
0001665160-18-000694	1	CrowdCoverage Inc.	John Pearson	Co-CEO, Principal Executive Officer and Director, Principal Financial Officer and Principal Accounting Officer
0001726542-18-000002	1	AVOKE INC	Esther Bernstein	Chief Executive Officer and President
0001665160-18-000692	1	Ellison Rains, Inc.	Darryl Lenox	CEO, Principal Executive Officer and Director
0001732219-18-000005	1	MYWAY, INC	TOMMY ALGATHEN ALLEN	FOUNDER
0001670254-18-000341	1	Stewbum & Stonewall Brewing Co LLC	Darren Garvey	Owner
0001665160-18-000690	1	Geopulse Exploration Inc.	Marcus Laun	CEO, Principal Executive Officer and Director, Principal Financial Officer and Principal Accounting Officer
0001665160-18-000693	1	GarageSkins, Inc.	Rick Medlen	CEO, Principal Executive Officer and Director, Principal Financial Officer and Principal Accounting Officer
0001746386-18-000002	1	Esembly Inc.	Elizabeth Turrigiano	President
0001743601-18-000001	1	Building Economic Advancemenet Network	Darren Walker	CEO
0001740120-18-000005	1	JWJTWO LLC	William Patterson	Member
0001665160-18-000686	1	Integrated Capital, LLC dba Global Wine Export	Leland Topham	CEO, Principal Executive Officer, Manager, Principal Financial Officer and Principal Accounting Officer
0001670254-18-000340	1	Neurohacker Collective, LLC	James Schmachtenberger	CEO
0001737490-18-000006	1	Ourotech, Inc.	/s/ Duleeka Ranatunga	CEO, Board Member
0001708190-18-000002	1	WINDCHIME HEALTH, INC.	Joseph Storm	CEO, Principal Executive Officer, Principal Accounting Officer, Principal Financial Officer
0001665160-18-000689	1	ONO 3D, Inc.	Pietro Gabriele	CEO, Principal Executive Officer and Director, Principal Financial Officer and Principal Accounting Officer
0001665160-18-000687	1	Atmos Home Inc.	Mark Lyle	CEO, CTO, Principal Executive Officer and Director, Principal Financial Officer and Principal Accounting Officer
0001669191-18-000350	1	PropertyClub, Inc.	Andrew  Weinberger	Principal Executive Officer
0001708190-18-000001	1	WINDCHIME HEALTH, INC.	Joseph Storm	CEO, Principal Executive Officer, Principal Accounting Officer, Principal Financial Officer
0001665160-18-000684	1	MintHealth Inc.	Dr. Samir Damani	CEO, Principal Executive Officer and Director
0001734217-18-000006	1	1476 Magazine LLC	Charles Rutledge	Manager of Manager, Magazine Race LLC
0001665160-18-000683	1	Kind Katie Movie Partners, LLC	Jon Graham	CEO and Director, Principal Financial Officer and Principal Accounting Officer
0001731872-18-000005	1	Wellbeing Brewing Company LLC	Jeff Stevens	Founder
0001665160-18-000681	1	Betterpath, Inc.	Matthew Sinderbrand	CEO
0001670254-18-000339	1	Orthogonal Thinker Inc.	Helene Servillon	Co-Founder
0001670254-18-000337	1	Aqua Tru, LLC	Peter Spiegel	CEO
0001733819-18-000004	1	City Griddle, LLC	Sameer Patel	Manager of APRB, LLC, the manager
0001665160-18-000679	1	The Green Retrofit DBA The Great Game of Real Estate	Steve Nauert	CEO, Principal Executive Officer and Director, Principal Financial Officer and Principal Accounting Officer
0001669191-18-000348	1	Stodo Technologies LLC	Adam  Lopez	Principal Executive Officer
0001670254-18-000336	1	Altruus Inc	Francisco Bonilla Kuhlmann	Founder and CEO
0001665160-18-000676	1	Sarita's Macaroni and Cheese, Inc.	Sarita Ekya	CEO, Principal Executive Officer and Director, Principal Financial Officer and Principal Accounting Officer
0001665160-18-000674	1	FidoTV Channel, Inc.	Tad Walden	CEO and Principal Executive Officer
0001737490-18-000005	1	Ourotech, Inc.	/s/ Duleeka Ranatunga	CEO, Board Member
0001665160-18-000670	1	KokuaToken, Inc.	Ben Plaisted	CEO, Principal Executive Officer and Director, Principal Financial Officer and Principal Accounting Officer
0001670254-18-000335	1	LiquidPiston, Inc.	Alexander Shkolnik	CEO
0001665160-18-000672	1	ONO 3D, Inc.	Pietro Gabriele	CEO, Principal Executive Officer and Director, Principal Financial Officer and Principal Accounting Officer
0001669191-18-000346	1	ZENII, LLC	Michael Nelson	Principal Executive Officer
0001731813-18-000004	1	Sweat Cosmetics Inc	Emily Hines	CFO, Founder, Board Member
0001669191-18-000343	1	Lalita, Inc	Rena  Andrews	Principal Executive Officer
0001730062-18-000005	1	Los Pinos Ranch Vineyards, LLC	MATTHEW LIPTON	CHIEF EXECUTIVE OFFICER
0001670254-18-000334	1	Orthogonal Thinker Inc.	Helene Servillon	Co-Creator
0001736448-18-000004	1	EatCrateful Inc.	Andrea Marotti	Co-CEO
0001745699-18-000001	1	USARIUM INC	Aleh Manchuliantsau	CEO
0001665160-18-000668	1	Powell Development Group Inc.	Charles Powell	CEO, Principal Executive Officer and Director, Principal Financial Officer and Principal Accounting Officer
0001743080-18-000004	1	A. Gard Midtown, LLC	Jonathan Serrano	Manager
0001738985-18-000001	1	GEMSS North America, Inc.	Bruno Wuest	Executive Chairman
0001739206-18-000002	1	Meg Media Inc.	Patrick Davis Jones	CEO of Meg Media Inc.
0001665160-18-000664	1	Isina Music, Inc.	Alexander Sitkovetsky	CEO, Principal Executive Officer and Director, Principal Financial Officer and Principal Accounting Officer
0001669191-18-000340	1	Ao1 Solutions Inc.	Tyrre Burks	Principal Executive Officer
0001669191-18-000338	1	Verdant Power Inc.	John Banigan	Principal Executive Officer
0001669191-18-000336	1	Berylline Corporation	Xugang Li	Principal Executive Officer
0001745548-18-000003	1	K POP Foods, Inc.	Theodore Lee	CEO, Principal Executive Officer, Principal Accounting Officer, Principal Financial Officer
0001745548-18-000002	1	K POP Foods, Inc.	Theodore Lee	CEO, Principal Executive Officer, Principal Accounting Officer, Principal Financial Officer
0001728855-18-000006	1	Boon VR LLC	Satya Ridhima Parvathaneni	Chief Executive Officer
0001737477-18-000005	1	WorkDone Inc.	Joseph T. Rogers	CEO
0001669191-18-000334	1	Woodpecker Technologies, LLC	Alex Melehy	Principal Executive Officer
0001726190-18-000002	1	Compassion Massage Therapeutic Clinic LLC	/s/ Cathrine Thibault	CEO
0001665160-18-000662	1	Sharebert Holdings LLC	Mohammad Ali Mahvan	CEO, Principal Executive Officer and Manager, Principal Financial Officer and Principal Accounting Officer
0001648770-18-000006	1	TEST Foundation, Inc.	/s/Neil Thanedar	President and Chairman of the Board
0001648770-18-000005	1	Balloonr, Inc.	/s/Amanda Greenberg	Director, President, Secretary, Treasurer
0001665160-18-000661	1	GarageSkins, Inc.	Richard L Medlen	CEO, Principal Executive Officer and Director, Principal Financial Officer and Principal Accounting Officer
0001745458-18-000001	1	Hemster, Inc.	Allison Lee	Chief Executive Officer
0001665160-18-000660	1	Rentah Inc	Anup Yogesh Desai	CEO, Principal Executive Officer and Director, Principal Financial Officer and Principal Accounting Officer
0001665160-18-000659	1	Green Valley Adventures, LLC	Daniel Whittemore	CEO, Principal Executive Officer and Director, Principal Financial Officer and Principal Accounting Officer
0001665160-18-000657	1	U.S. Estate Planners, Inc.	A.W. March	CEO, Principal Executive Officer, and Director
0001665160-18-000655	1	Litescape Technologies Inc	Aleksey Feldman	CEO, Principal Executive Officer and Director, Principal Financial Officer and Principal Accounting Officer
0001735243-18-000003	1	Platform at 930, LLC	Laura Nettleton	Manager
0001665160-18-000653	1	Geopulse Exploration Inc.	Marcus Laun	CEO, Principal Executive Officer and Director, Principal Financial Officer and Principal Accounting Officer
0001665160-18-000654	1	Dlyte, LLC	Barry Shore	Founder, CEO, Managing Member, Director, Principal Financial Officer and Principal Accounting Officer
0001665160-18-000652	1	Anatomic Global, Inc	David Farley	CEO, Principal Executive Officer and Director, Principal Financial Officer and Principal Accounting Officer
0001737125-18-000003	1	SmartGurlz Us Inc	Sharmi Albrechtsen	CEO and Director
0001737933-18-000003	1	Emmer & Co LLC	Jesse Solomon	CEO, Principal Executive Officer, Principal Accounting Officer, Principal Financial Officer
0001665160-18-000650	1	Sun Fund Renewables Inc.	Michael Licamele	CEO, Principal Executive Officer and Sole Director, Principal Financial Officer and Principal Accounting Officer
0001665160-18-000648	1	Worthy Financial, Inc.	Sally Outlaw	CEO, Principal Executive Officer and Director, Principal Financial Officer and Principal Accounting Officer
0001665160-18-000645	1	Sagoon Inc	Govinda Giri	CEO, Principal Executive Officer and Director, Principal Financial Officer and Principal Accounting Officer
0001665160-18-000641	1	White Cross Projects, Inc.	Klaus Moeller	CEO, Principal Executive Officer and Director, Principal Financial Officer and Principal Accounting Officer
0001670254-18-000331	1	Heleum LLC	Pace Ellsworth	CEO
0001670254-18-000333	1	Simple Machine, LLC	Damon Evans	Founder & CEO Arena Music
0001665160-18-000643	1	Members Car Club LLC	Eugene A Fusz	CEO, Principal Executive Officer and Manager, Principal Financial Officer and Principal Accounting Officer
