ACCESSION_NUMBER	ID	PERSONSIGNATURE	PERSONTITLE	SIGNATUREDATE
0001668287-18-000092	1	Emil Reynolds	Owner	2018-12-31
0001752130-18-000002	2	Christopher Sealey	President & Director	2018-12-31
0001752130-18-000002	1	Andrew Hoppin	CEO & Director	2018-12-31
0001666102-18-000005	1	Terri Arthur	Owner & CEO	2018-12-31
0001666102-18-000004	1	Jay Noland	Chief Executive Officer	2018-12-31
0001743775-18-000006	1	jai mcfall	Chief Executive Officer	2018-12-31
0001669191-18-000561	3	Ryan Meduna-Gee	Principal Accounting Officer	2018-10-09
0001669191-18-000561	5	Dagan Mishoulam	Board Member	2018-10-09
0001669191-18-000561	4	Ryan Meduna-Gee	Board Member	2018-10-09
0001669191-18-000561	2	Ryan Meduna-Gee	Principal Financial Officer	2018-10-09
0001669191-18-000561	1	Dagan Mishoulam	Principal Executive Officer	2018-10-09
0001668287-18-000089	1	Dale Galbraith	Owner	2018-12-31
0001669191-18-000559	2	Julio Ramirez	Principal Financial Officer	2018-09-13
0001669191-18-000559	1	Craig Bouchard	Principal Executive Officer	2018-09-13
0001669191-18-000559	6	John  Preston	Board Member	2018-09-14
0001669191-18-000559	7	Christopher Schuh	Board Member	2018-09-18
0001669191-18-000559	3	Johanne Medina	Principal Accounting Officer	2018-09-13
0001669191-18-000559	4	Norton Schwartz	Board Member	2018-09-14
0001665160-18-001405	1	Ganga Bathula	CEO, Principal Executive Officer and Director, Principal Financial Officer and Principal Accounting Officer	2018-12-28
0001747795-18-000001	1	Ladar Levison	CEO	2018-12-28
0001669191-18-000559	5	Craig Bouchard	Board Member	2018-09-13
0001743601-18-000003	1	Darren V. Walker	CEO	2018-12-28
0001665160-18-001403	1	Marcus Laun	CEO, Principal Executive Officer and Director, Principal Financial Officer and Principal Accounting Officer	2018-12-28
0001757098-18-000001	1	Mayank Agrawal	CEO	2018-12-27
0001759348-18-000001	1	Alex Edson	Managing Member	2018-12-27
0001665160-18-001401	2	Christopher Bantoft	Principal Financial Officer, Principal Accounting Officer and Manager	2018-12-27
0001665160-18-001401	1	Anthony Horovitz	CEO, Principal Executive Officer and Manager	2018-12-27
0001665160-18-001398	1	Alaxander Villmann	CEO, Principal Executive Officer and Director	2018-12-27
0001665160-18-001398	2	Richard Sherman	COO, Principal Financial Officer, Principal Accounting Officer, and Director	2018-12-27
0001702607-18-000006	1	Smion Bray Jr	CEO	2018-12-27
0001756481-18-000003	1	Debbie Pfisterer	Director, Treasurer, and CFO	2018-12-26
0001665160-18-001397	1	James Tagg	CEO, Principal Executive Officer and Director, Principal Financial Officer and Principal Accounting Officer	2018-12-26
0001665160-18-001397	2	Dr. Edward Guy III	Director and Secretary	2018-12-26
0001665160-18-001397	3	Dr. Erik Viirr MD PHD	Director	2018-12-26
0001665160-18-001397	4	Manju Kesani	Director	2018-12-26
0001756481-18-000002	1	Debbie Pfisterer	Director, Treasurer, and CFO	2018-12-26
0001665160-18-001396	1	Carder Starr	CEO, Principal Executive Officer and Manager, Principal Financial Officer and Principal Accounting Officer	2018-12-26
0001665160-18-001395	1	Kevin J. Williams	CEO, Principal Executive Officer and Director, Principal Financial Officer and Principal Accounting Officer	2018-12-26
0001745081-18-000003	1	/s/ Christopher Greer	CEO /  Principal Financial Officer / Principal Accounting Officer	2018-06-25
0001665160-18-001394	1	George B. Brown	CEO, Principal Executive Officer and Director, Principal Financial Officer and Principal Accounting Officer	2018-12-26
0001665160-18-001393	1	Chris La Cross	CEO, Principal Executive Officer and Manager, Principal Financial Officer and Principal Accounting Officer	2018-12-26
0001665160-18-001392	1	Ryan Cullins	CEO, Principal Executive Officer, Director	2018-12-26
0001665160-18-001392	2	Brian Catudan	Principal Financial Officer, Principal Accounting Officer	2018-12-26
0001751443-18-000006	1	Nicole Birch	CEO	2018-12-21
0001762574-18-000001	2	Alfred Steiof	Director	2018-12-21
0001762574-18-000001	1	Andreas Schemm	Director	2018-12-21
0001665160-18-001390	2	Craig King	Executive Vice President and Director	2018-12-21
0001665160-18-001390	1	Jennifer King	CEO, Principle Executive Officer, Principle Financial Officer and Director	2018-12-21
0001761779-18-000001	2	Christopher Rodriguez	Director	2018-12-21
0001761779-18-000001	1	Damian Pelliccione	Director	2018-12-21
0001761779-18-000001	3	Alia J. Daniels	Director	2018-12-21
0001761779-18-000001	4	LaShawn McGhee	Director	2018-12-21
0001746059-18-000014	1	Nathan McNiff	Owner	2018-12-21
0001758696-18-000007	3	Man Wai Stephen Tsang	Director	2018-12-21
0001758696-18-000007	1	Vincent Kimura	Director and Chief Executive Officer	2018-12-21
0001758696-18-000007	2	Isar Mostafanezhad	Director	2018-12-21
0001746271-18-000006	1	Brendan Burns	Manager and Chief Executive Officer	2018-12-21
0001746059-18-000013	1	Shane Clyburn	Owner/Co-Founder	2018-12-21
0001746059-18-000013	2	Robert MacLean	Owner/Co-Founder	2018-12-21
0001754712-18-000003	3	David B. Park	Chief Executive Officer & Chief Technical Officer	2018-10-18
0001754712-18-000003	2	R. Mitchell Hindman	President & Chief Operating Officer	2018-10-18
0001754712-18-000003	1	Edward A. Stoltenberg	Chief Financial Officer	2018-10-18
0001669191-18-000557	1	Casey Isaacson	Principal Executive Officer	2018-12-14
0001669191-18-000557	6	Keith  Isaacson	Board Member	2018-12-14
0001669191-18-000557	3	Leigh Isaacson	Principal Accounting Officer	2018-12-15
0001669191-18-000557	4	Leigh Isaacson	Board Member	2018-12-15
0001669191-18-000557	2	Keith  Isaacson	Principal Financial Officer	2018-12-14
0001669191-18-000557	5	Casey Isaacson	Board Member	2018-12-14
0001665160-18-001387	1	John Nelson	COO, Principal Financial Officer, Principal Accounting Officer and Managing Member	2018-12-21
0001665160-18-001387	2	David Chauner	CEO and Managing Member	2018-12-21
0001654300-18-000003	1	Neville Golvala	CEO	2018-12-19
0001669191-18-000554	8	William W Crossman	Board Member	2018-10-10
0001669191-18-000554	1	William W Crossman	Principal Executive Officer	2018-10-10
0001669191-18-000554	6	John A Lawson	Board Member	2018-10-10
0001669191-18-000554	5	Lawrence Toll	Board Member	2018-10-10
0001669191-18-000554	4	Timmy Chou	Board Member	2018-10-10
0001669191-18-000554	7	Chris Tew	Board Member	2018-10-10
0001669191-18-000554	2	Timmy Chou	Principal Financial Officer	2018-10-10
0001669191-18-000554	3	Timmy Chou	Principal Accounting Officer	2018-10-10
0001665160-18-001386	1	Christine H. Callahan	CEO, Principal Executive Officer and Director, Principal Financial Officer and Principal Accounting Officerr	2018-12-20
0001757055-18-000002	1	Rick Genga	CEO	2018-12-20
0001665160-18-001381	2	Aike Muller	CEO, Principal Executive Officer, President and Director	2018-12-20
0001665160-18-001381	1	Friso Schmid	CFO, Principal Financial Officer and Principal Accounting Officer	2018-12-20
0001746059-18-000012	1	Tiffany Duchesne	Owner/Co-Founder	2018-12-20
0001746059-18-000012	2	Chelsea Falcetti	Owner/Co-Founder	2018-12-20
0001762067-18-000002	1	Michael Woodrum	CEO	2018-12-18
0001666102-18-000003	1	Aaron K Gilbert	President & CEO	2018-12-20
0001762067-18-000001	1	Sammy Lee Butts II	CEO	2018-12-18
0001666102-18-000002	1	Aaron K Gilbert	President & CEO	2018-12-20
0001702498-18-000004	1	Daniel Kam	Director	2018-12-19
0001702498-18-000004	2	Charles Lee	Director	2018-12-19
0001702498-18-000004	3	Francis Hwang	Director	2018-12-19
0001670254-18-000605	1	Angela Hall	Director	2018-12-17
0001665160-18-001379	3	Kirpal Singh	Founder and Manager	2018-12-18
0001665160-18-001379	2	Corwin Stone	Founder and Manager	2018-12-18
0001665160-18-001379	1	Jason Walker	Founder and Manager, Chief Business Development Officer, Principal Executive Officer, Principal Financial Officer	2018-12-18
0001670254-18-000605	2	Hugh Hall	CEO	2018-12-17
0001670254-18-000603	1	Andrea Kirschner	CFO The Cookie Department	2018-11-29
0001670254-18-000603	2	Akiva Resnikoff	Founder & CEO The Cookie Department	2018-11-28
0001668287-18-000086	1	Dano Veal	Owner	2018-12-19
0001760170-18-000001	1	Sebastian Madero	Treasurer	2018-12-19
0001760170-18-000001	2	Francisco Madero	Director	2018-12-19
0001760170-18-000001	3	Camila Madero	Manager	2018-12-19
0001665160-18-001376	1	Dawn Dickson	CEO, Principal Executive Officer and Director, Principal Financial Officer and Principal Accounting Officer	2018-12-19
0001665160-18-001374	1	John Brixus	CEO, Principal Executive Officer and Director, Principal Financial Officer and Principal Accounting Officer	2018-12-19
0001665160-18-001374	2	Jim Zubov	CTO, Director, Secretary	2018-12-19
0001665160-18-001358	1	JD Claridge	CEO, Principal Executive Officer and Director, Principal Financial Officer and Principal Accounting Officer	2018-12-18
0001670254-18-000601	1	Yumi Alyssa Kimura	CEO	2018-12-13
0001665160-18-001371	1	Jason Walker	Founder and Manager, Chief Business Development Officer, Principal Executive Officer, Principal Financial Officer	2018-12-18
0001665160-18-001367	1	Wenkai Katherine Chen	CEO, Principal Executive Officer, Principal Accounting Officer, Principal Financial Officer, and Director	2018-12-18
0001665160-18-001371	2	Corwin Stone	Founder and Manager	2018-12-18
0001665160-18-001371	3	Kirpal Singh	Founder and Manager	2018-12-18
0001740484-18-000005	2	/s/Helton Souza	Treasurer and Director	2018-12-18
0001740484-18-000005	3	/s/Rafael Ferreira	Secretary and Director	2018-12-18
0001740484-18-000005	1	/s/Neil Thanedar	President and Chairman of the Board	2018-12-18
0001665160-18-001357	1	Joseph Daniluk	CEO, Principal Executive Officer and Director, Principal Financial Officer, Secretary, and Principal Accounting Officer	2018-12-18
0001757857-18-000003	1	John Senew	CEO	2018-12-18
0001754591-18-000001	3	Richard McCarthy	Operations Manager	2018-12-17
0001754591-18-000001	2	Robert Ahn	Managing Member	2018-12-17
0001754591-18-000001	1	Robert Kim	Managing Member	2018-12-17
0001669191-18-000551	4	Jacob Dansey	Board Member	2018-09-24
0001669191-18-000551	3	Jacob Dansey	Principal Accounting Officer	2018-09-24
0001669191-18-000551	2	Jacob Dansey	Principal Financial Officer	2018-09-24
0001669191-18-000551	1	Jacob Dansey	Principal Executive Officer	2018-09-24
0001670254-18-000588	4	Robert Britt	Founder, Chairman, CEO	2018-12-14
0001684220-18-000002	1	Jennifer Lyn Kassan	President	2018-12-14
0001670254-18-000592	1	Marshall Dean	CEO	2018-12-14
0001665160-18-001353	1	Joselito Seldera	Managing Member, Principal Executive Officer, Principal Financial Officer	2018-12-14
0001665160-18-001353	2	Chris Pratola	Managing Member, Principal Accounting Officer	2018-12-14
0001670254-18-000588	1	Cheryl J. Dillner	Secretary and Board Member	2018-12-14
0001670254-18-000588	2	Peggy L. Britt	Controller	2018-12-14
0001670254-18-000588	3	Richard R Matner	President and Board Member	2018-12-14
0001670254-18-000598	1	Aram Cretan	Co-Founder and Manager	2018-12-14
0001670254-18-000595	3	Bertram Meyer	CEO (employee)	2018-12-14
0001670254-18-000595	2	Leila Amirsadeghi	CMO/CXO	2018-12-14
0001670254-18-000595	1	Parker Johnson	Co-Founder	2018-12-14
0001665160-18-001355	3	Michael T. Bradley	Principal Financial Officer and Principal Accounting Officer	2018-12-14
0001665160-18-001355	2	Mark Madison	Vice President	2018-12-14
0001665160-18-001355	1	Gary Davi	CEO, Principal Executive Officer and Director	2018-12-14
0001670254-18-000598	2	Larry Cretan	Co-founder and CFO	2018-12-14
0001720035-18-000004	2	Patricia Butler	Manager, CEO, Treasurer & Secretary	2018-12-14
0001720035-18-000004	1	David Butler	Chairman and Manager	2018-12-14
0001753336-18-000003	2	Stephen Warne Ardagh	Treasurer, Director	2018-12-14
0001753336-18-000003	1	Lynda McLean Ronaldson	Director	2018-12-14
0001761087-18-000001	2	Fola Awosika	Co Founder and Head of Fitness	2018-12-14
0001761087-18-000001	1	Moses McCall	Co Founder and Sr. Architect	2018-12-14
0001753754-18-000006	2	/s/Justin Honeysuckle	Chief Operating Officer	2018-12-14
0001753754-18-000006	1	/s/James Perkins	Chief Executive Officer	2018-12-14
0001642688-18-000005	4	/s/Mahmoud Haidar	Director	2018-12-14
0001642688-18-000005	3	/s/Scott Harper	Director	2018-12-14
0001642688-18-000005	2	/s/William Buchanan	Director	2018-12-14
0001642688-18-000005	1	/s/Justin Crandall	Chief Executive Officer	2018-12-14
0001642688-18-000005	5	/s/Christopher Moll	Director	2018-12-14
0001754776-18-000006	1	Robert Smith	CEO and Founder	2018-12-13
0001665160-18-001351	3	Venkata Melukota	Architecture and Director	2018-12-13
0001665160-18-001351	2	Varun Ramanujam	President, CTO and Director	2018-12-13
0001665160-18-001351	1	Sri Gudavalli	CEO, Principal Executive Officer and Director, Principal Financial Officer and Principal Accounting Officer	2018-12-13
0001757029-18-000002	1	Amanuel Tsegai	CEO	2018-12-13
0001760655-18-000002	1	Luke Cypher	Owner	2018-12-13
0001760453-18-000002	1	Naomi Auth	Owner	2018-12-13
0001758128-18-000003	2	Vincent Benedetto	Manager	2018-12-12
0001758128-18-000003	1	Rafael Alvarez	Manager	2018-12-12
0001669191-18-000549	3	Ansgar Strother	Principal Accounting Officer	2018-12-11
0001669191-18-000549	5	Adam Jakiela	Board Member	2018-12-11
0001669191-18-000549	4	Ansgar Strother	Board Member	2018-12-11
0001669191-18-000549	2	Ansgar Strother	Principal Financial Officer	2018-12-11
0001669191-18-000549	1	Ansgar Strother	Principal Executive Officer	2018-12-11
0001557286-18-000001	1	Arthur Hartunian	Managing Member	2018-12-12
0001745986-18-000004	2	Duncan Sham	Director	2018-12-12
0001745986-18-000004	1	Shi Li	Director	2018-12-12
0001727744-18-000004	1	Paul Hardersen	CEO	2018-12-12
0001665160-18-001349	1	J. Garrett Green	CEO, Principal Executive Officer and Director, Principal Financial Officer and Principal Accounting Officer	2018-12-12
0001665160-18-001348	1	J. Garrett Green	CEO, Principal Executive Officer and Director, Principal Financial Officer and Principal Accounting Officer	2018-12-12
0001670254-18-000586	2	Neville Golvala	CEO	2018-12-07
0001670254-18-000586	1	Ronald Buckner	CFO	2018-12-07
0001665160-18-001346	1	Sarita Ekya	CEO, Principal Executive Officer and Director, Principal Financial Officer and Principal Accounting Officer	2018-12-11
0001746059-18-000011	1	Rachel Miller	Owner, NIGHTSHADEPOPUP, LLC	2018-12-11
0001665160-18-001344	1	Scott Pearlman	CEO, Principal Executive Officer and Director, Principal Financial Officer and Principal Accounting Officer	2018-12-11
0001665160-18-001343	1	Michael Burtov	CEO, Principal Executive Officer and Director, Principal Financial Officer and Principal Accounting Officer	2018-12-11
0001665160-18-001341	1	Harold Jonas	CEO, Principal Executive Officer and Director, Principal Financial Officer and Principal Accounting Officer	2018-12-11
0001665160-18-001339	1	Pavana Jain	CEO and Director, Principal Financial Officer and Principal Accounting Officer	2018-12-11
0001665160-18-001337	2	Christopher J. Lucskay	Controller, Chief Financial Officer and Director	2018-12-11
0001665160-18-001337	1	Anthony R. Hancovsky	CEO, Principal Executive Officer and Director	2018-12-11
0001747279-18-000003	1	William A Holderness	CFO	2018-12-11
0001717111-18-000007	3	Molly Madden	Director, CFO	2018-12-06
0001717111-18-000007	2	Stephen Rye Switzer	Director	2018-12-06
0001717111-18-000007	1	Stephanie Sprinkle	Director	2018-12-06
0001665160-18-001333	1	Mark Jones	CEO, Principal Executive Officer, Controller, and Director	2018-12-10
0001759426-18-000008	1	Trenton Avila Marrs	Manager	2018-12-10
0001665160-18-001335	3	Sharon Liu	Principal Financial Officer and Principal Accounting Officer	2018-12-10
0001717111-18-000007	4	Yusuf George	Director	2018-12-06
0001665160-18-001335	1	Ani Khachoian	Executive Vice President and Director	2018-12-10
0001665160-18-001335	2	Earl M. Benjamin	CEO, President, and Director	2018-12-10
0001665160-18-001329	1	Clifford Smith	CEO, Principal Executive Officer and Director, Principal Financial Officer and Principal Accounting Officer	2018-12-10
0001761153-18-000001	1	Kent Sammons II	Owner	2018-12-10
0001669191-18-000547	1	Brian Curcio	Principal Executive Officer	2018-10-09
0001669191-18-000547	2	Brian Curcio	Principal Financial Officer	2018-10-09
0001669191-18-000547	4	Brian Curcio	Board Member	2018-10-09
0001669191-18-000547	3	Brian Curcio	Principal Accounting Officer	2018-10-09
0001665160-18-001327	1	Charles Powell	CEO, Principal Executive Officer and Director, Principal Financial Officer and Principal Accounting Officer	2018-12-10
0001669191-18-000545	4	Steven Coen	Board Member	2018-10-04
0001669191-18-000545	3	Steven Coen	Principal Accounting Officer	2018-10-04
0001669191-18-000545	2	Steven Coen	Principal Financial Officer	2018-10-04
0001669191-18-000545	1	Steven Coen	Principal Executive Officer	2018-10-04
0001669191-18-000543	1	Dagan Mishoulam	Principal Executive Officer	2018-10-09
0001669191-18-000543	5	Dagan Mishoulam	Board Member	2018-10-09
0001669191-18-000543	4	Ryan Meduna-Gee	Board Member	2018-10-09
0001669191-18-000543	3	Ryan Meduna-Gee	Principal Accounting Officer	2018-10-09
0001669191-18-000543	2	Ryan Meduna-Gee	Principal Financial Officer	2018-10-09
0001760678-18-000001	1	Mark Ganem	Owner	2018-12-10
0001665160-18-001326	2	Ani Khachoian	Executive Vice President and Director	2018-12-07
0001665160-18-001326	1	Earl M. Benjamin	CEO and Director	2018-12-07
0001665160-18-001326	3	Sharon Liu	Principal Financial Officer and Principal Accounting Officer	2018-12-07
0001670254-18-000583	3	Chris Harvey	Sales Director	2018-12-06
0001670254-18-000583	2	Javier Castro	CEO	2018-12-06
0001670254-18-000583	1	Chris Harvey	Sales Director	2018-12-06
0001748490-18-000003	1	Wilson Hunter	Director	2018-12-07
0001748490-18-000003	2	James Hsu	Director	2018-12-07
0001748490-18-000003	3	Engin Son	Director	2018-12-07
0001665160-18-001325	1	Joshua Paul Christensen	CEO, Principal Executive Officer and Director, Principal Financial Officer and Principal Accounting Officer	2018-12-07
0001670254-18-000580	1	Madeline Alcott	Co-CEO	2018-11-12
0001670254-18-000580	2	Ryan Miner	Co-CEO, Co-Founder	2018-11-12
0001758128-18-000001	2	Vincent Benedetto	Manager	2018-12-07
0001758128-18-000001	1	Rafael Alvarez	Manager	2018-12-07
0001760655-18-000001	1	Luke Cypher	Owner	2018-12-07
0001665160-18-001324	1	Mark Hanchett	CEO, Principal Executive Officer and Director, Principal Financial Officer and Principal Accounting Officer	2018-12-07
0001665160-18-001323	1	Shawn Findlater	CEO, Principal Executive Officer and Director, Principal Financial Officer and Principal Accounting Officer	2018-12-07
0001665160-18-001322	1	Michael Burtov	CEO, Principal Executive Officer and Director, Principal Financial Officer and Principal Accounting Officer	2018-12-07
0001755873-18-000001	1	Kobi Wu	Director & Chief Executive Officer	2018-12-07
0001665160-18-001321	3	Sam Dundee	Chief Financial Officer and Principal Accounting Officer	2018-12-06
0001665160-18-001321	2	Brad Reece	Chief Operating Officer, Director and Secretary	2018-12-06
0001665160-18-001321	1	Mike Pierce	CEO, Principal Executive Officer, Director and Chairman	2018-12-06
0001665160-18-001318	1	Matthew Thompson	CEO, Principal Executive Officer and Director, Principal Financial Officer and Principal Accounting Officer	2018-12-04
0001665160-18-001316	1	Mike Pierce	CEO, Principal Executive Officer, Director and Chairman	2018-12-06
0001665160-18-001316	2	Brad Reece	Chief Operating Officer, Director and Secretary	2018-12-06
0001665160-18-001316	3	Sam Dundee	Chief Financial Officer and Principal Accounting Officer	2018-12-06
0001665160-18-001314	1	Naqi Jaffery	CEO, Principal Executive Officer and Manager, Principal Financial Officer and Principal Accounting Officer	2018-12-06
0001753229-18-000004	1	Angela Dupree	President/CEO	2018-12-06
0001759516-18-000005	1	Timothy Kostenko	Managing Member	2018-12-06
0001758447-18-000001	1	Judson Smedley	Chief Financial Officer	2018-12-06
0001757857-18-000002	1	John Senew	CEO	2018-12-06
0001760318-18-000002	1	Dillon Auxier	CEO	2018-12-06
0001746271-18-000005	1	Brendan Burns	Manager and Chief Executive Officer	2018-12-06
0001665160-18-001312	1	Jason Buterin	CEO and Manager, Principal Executive Officer, Principal Financial Officer and Principal Accounting Officer	2018-12-06
0001753754-18-000005	1	James Perkins	Chief Executive Officer	2018-12-06
0001753754-18-000005	2	Justin Honeysuckle	Chief Operating Officer	2018-12-06
0001665160-18-001311	2	Brad Reece	Chief Operating Officer, Director and Secretary	2018-12-06
0001665160-18-001311	1	Mike Pierce	CEO, Principal Executive Officer, Director and Chairman	2018-12-06
0001665160-18-001311	3	Sam Dundee	Chief Financial Officer and Principal Accounting Officer	2018-12-06
0001746474-18-000002	5	Donald Power	Manager	2018-12-06
0001746474-18-000002	4	Deborah Power	Manager	2018-12-06
0001746474-18-000002	3	Michelle Marshall	Manager	2018-12-06
0001746474-18-000002	2	Sean Marshall	Manager	2018-12-06
0001746474-18-000002	1	Charles Lusk II	Manager	2018-12-06
0001665160-18-001310	1	Earl M. Benjamin	CEO and Director	2018-12-06
0001665160-18-001310	3	Sharon Liu	Principal Financial Officer and Principal Accounting Officer	2018-12-06
0001665160-18-001310	2	Ani Khachoian	Executive Vice President and Director	2018-12-06
0001665160-18-001308	2	Stephanie L. Watson	CFO and the Principal Accounting Officer	2018-12-06
0001665160-18-001308	1	James W. Killen	CEO and Manager	2018-12-06
0001669191-18-000541	3	Michael Antaran	Principal Accounting Officer	2018-10-23
0001669191-18-000541	1	Michael Antaran	Principal Executive Officer	2018-10-23
0001669191-18-000541	2	Michael Antaran	Principal Financial Officer	2018-10-23
0001669191-18-000541	4	Michael Antaran	Board Member	2018-10-23
0001669191-18-000539	1	Zachary Silverman	Principal Executive Officer	2018-08-31
0001669191-18-000539	4	Zachary Silverman	Board Member	2018-08-31
0001669191-18-000539	3	Zachary Silverman	Principal Accounting Officer	2018-08-31
0001669191-18-000539	2	Zachary Silverman	Principal Financial Officer	2018-08-31
0001669191-18-000536	2	Alex Melehy	Principal Financial Officer	2018-06-29
0001669191-18-000536	3	Alex Melehy	Principal Accounting Officer	2018-06-29
0001669191-18-000536	4	Alex Melehy	Board Member	2018-06-29
0001669191-18-000536	1	Alex Melehy	Principal Executive Officer	2018-06-29
0001720035-18-000003	1	David Butler	Chairman and Manager	2018-12-06
0001720035-18-000003	2	Patricia Butler	Manager, CEO, Treasurer & Secretary	2018-12-06
0001752109-18-000006	1	Ena Jones	President/CEO	2018-12-06
0001665160-18-001306	1	Ani Khachoian	Executive Vice President and Director	2018-12-04
0001665160-18-001306	3	Sharon Liu	Principal Financial Officer and Principal Accounting Officer	2018-12-04
0001665160-18-001306	2	Earl M. Benjamin	CEO and Director	2018-12-04
0001665160-18-001304	2	Larry E. Russell	Principal Accounting Officer and Principal Financial Officer	2018-12-04
0001665160-18-001304	1	David Zinberg	CEO, Principal Executive Officer and Director	2018-12-04
0001665160-18-001303	1	Matthew Thompson	CEO, Principal Executive Officer and Director, Principal Financial Officer and Principal Accounting Officer	2018-12-04
0001665160-18-001300	1	Dennis Dicker	CEO, Principal Executive Officer and Director, Principal Financial Officer and Principal Accounting Officer	2018-12-04
0001669191-18-000534	2	Ned Sedlak	Principal Financial Officer	2018-05-14
0001669191-18-000534	1	Maureen Lloren	Principal Executive Officer	2018-05-14
0001669191-18-000534	4	Maureen Lloren	Board Member	2018-05-14
0001669191-18-000534	3	Mike Beck	Principal Accounting Officer	2018-05-14
0001669191-18-000532	3	James Canova	Principal Accounting Officer	2018-11-28
0001669191-18-000532	4	Valerie  Canova	Board Member	2018-11-28
0001669191-18-000532	5	James Canova	Board Member	2018-11-28
0001669191-18-000532	1	James Canova	Principal Executive Officer	2018-11-28
0001669191-18-000532	2	Valerie  Canova	Principal Financial Officer	2018-11-28
0001757184-18-000001	1	Francine Anderson	Preident/CEO	2018-12-03
0001691608-18-000003	2	Andrew Pogue	Manager	2018-12-03
0001691608-18-000003	1	Geoffrey Barker	Manager	2018-12-03
0001665160-18-001294	1	Mahesh Talwar	CEO, Principal Executive Officer and Manager, Principal Financial Officer and Principal Accounting Officer	2018-12-03
0001665160-18-001297	2	Benjamin Anderson	COO, Principal Financial Officer, Principal Accounting Officer, Director	2018-12-03
0001665160-18-001297	1	Andrew Schlack	CEO, Principal Executive Officer and Director	2018-12-03
0001665160-18-001294	2	Ajay Keshap	Chief Business Officer and Manager	2018-12-03
0001669191-18-000524	3	Mike Beck	Principal Accounting Officer	2018-05-14
0001669191-18-000524	2	Ned Sedlak	Principal Financial Officer	2018-05-14
0001669191-18-000524	1	Maureen Lloren	Principal Executive Officer	2018-05-14
0001669191-18-000524	4	Maureen Lloren	Board Member	2018-05-14
0001754776-18-000005	1	Kobi Wu	Director & Chief Executive Officer	2018-12-03
0001760049-18-000001	1	Sukhbat Lkhagvadorj	CFO	2018-12-03
0001754776-18-000004	1	Robert Smith	CEO and Founder	2018-12-03
0001665160-18-001291	1	Michael Schoening	President, Principal Executive Officer and Director	2018-12-03
0001665160-18-001291	2	Joe Storment	Principle Financial Officer and Principal Accounting Officer	2018-12-03
0001756092-18-000002	1	Dominic Moreau	Managing Member	2018-12-03
0001665160-18-001289	2	Michael Liss	Principal Accounting Officer, Principal Financial Officer, Chief Product Officer	2018-12-03
0001665160-18-001289	1	Alexander Beauchamp	CEO, Principal Executive Officer and Director	2018-12-03
0001665160-18-001286	1	Steve Vanechanos	Executive Chairman, CEO, Principal Executive Officer and Director	2018-12-03
0001665160-18-001286	4	Glenn Pohs	Director	2018-12-03
0001665160-18-001286	2	Steven Relis	Principal Financial Officer and Principal Accounting Officer	2018-12-03
0001665160-18-001286	3	James Hyde	Vice Chairman and Director	2018-12-03
0001665160-18-001285	1	Brad Rego	CEO, Principal Executive Officer and Manager, Principal Financial Officer and Principal Accounting Officer	2018-12-03
0001756121-18-000001	1	Kevin King	CEO	2018-11-30
0001756121-18-000001	3	Brian Dedmon	CFO	2018-11-30
0001756121-18-000001	4	John Quarles	CTO	2018-11-30
0001756121-18-000001	2	Roland Paquette	COO	2018-11-30
0001670254-18-000577	1	Omar kaczmarczyk	Cwo	2018-11-30
0001670254-18-000577	2	Kenneth Schwenker	Founder / Organizer	2018-11-29
0001665160-18-001284	1	David Farley	CEO, Principal Executive Officer and Director, Principal Financial Officer and Principal Accounting Officer	2018-11-30
0001665160-18-001283	3	Peter Landrock	Phd and Director	2018-11-30
0001665160-18-001283	2	Kerry Brown	CTO and Director	2018-11-30
0001665160-18-001283	1	Vance David Watkins	CEO, Principal Financial Officer, and Principal Accounting Officer	2018-11-30
0001670254-18-000574	1	Serdar Mizrakci	Founder & CEO	2018-11-29
0001760453-18-000001	1	Naomi Auth	Owner	2018-11-30
0001668287-18-000084	1	Mark Hayes	Owner	2018-11-30
0001756109-18-000002	1	Frank Bunger	CEO & Founder	2018-11-30
0001669191-18-000522	1	Mark Jennings	Principal Executive Officer	2017-11-30
0001669191-18-000522	2	Mark Jennings	Principal Financial Officer	2017-11-30
0001669191-18-000522	4	Mark Jennings	Board Member	2017-11-30
0001669191-18-000522	3	Mark Jennings	Principal Accounting Officer	2017-11-30
0001669191-18-000518	2	Jacob Dansey	Principal Financial Officer	2018-09-24
0001669191-18-000518	1	Jacob Dansey	Principal Executive Officer	2018-09-24
0001669191-18-000518	3	Jacob Dansey	Principal Accounting Officer	2018-09-24
0001669191-18-000518	4	Jacob Dansey	Board Member	2018-09-24
0001669191-18-000516	4	Jacob Dansey	Board Member	2018-09-24
0001669191-18-000516	1	Jacob Dansey	Principal Executive Officer	2018-09-24
0001669191-18-000516	3	Jacob Dansey	Principal Accounting Officer	2018-09-24
0001669191-18-000516	2	Jacob Dansey	Principal Financial Officer	2018-09-24
0001669191-18-000514	5	Michael Vevera	Board Member	2018-11-28
0001669191-18-000514	4	Karl Seck	Board Member	2018-11-28
0001669191-18-000514	3	Karl Seck	Principal Accounting Officer	2018-11-28
0001669191-18-000514	2	Michael Vevera	Principal Financial Officer	2018-11-28
0001669191-18-000514	1	Karl Seck	Principal Executive Officer	2018-11-28
0001665160-18-001282	1	Justin Marek	CEO, Principal Executive Officer and Director, Principal Financial Officer and Principal Accounting Officer	2018-11-29
0001756109-18-000001	1	Frank Bunger	CEO & Founder	2018-11-29
0001668287-18-000082	1	Joshua Harrison	Owner	2018-11-29
0001670254-18-000569	1	Robert McMahon	CFO	2018-11-27
0001670254-18-000569	2	Robert Dozier	Founder + Chief Executive Officer	2018-11-20
0001668287-18-000080	1	Ron Stamp	Owner	2018-11-28
0001665160-18-001280	1	Alan Bailey	CEO, Principal Executive Officer and Director, Principal Financial Officer and Principal Accounting Officer	2018-11-28
0001669191-18-000511	5	Lawrence Charles	Board Member	2018-11-19
0001669191-18-000511	4	Scott Huthmacher	Board Member	2018-11-23
0001669191-18-000511	2	Scott Huthmacher	Principal Financial Officer	2018-11-23
0001669191-18-000511	1	Lawrence Charles	Principal Executive Officer	2018-11-19
0001669191-18-000511	3	Scott Huthmacher	Principal Accounting Officer	2018-11-23
0001754594-18-000003	1	Phi Nguyen	Manager	2018-11-27
0001754594-18-000001	1	Phi Nguyen	Manager	2018-11-27
0001668287-18-000078	1	Michael Ray Eamotte	Owner	2018-11-27
0001745458-18-000003	1	Allison Lee	Director	2018-11-27
0001750337-18-000008	1	Deb Spotts	Owner	2018-11-27
0001758188-18-000004	1	Kelsey Redwine	President	2018-11-27
0001665160-18-001279	1	Jonathan Fuller	CEO, Principal Executive Officer and Director, Principal Financial Officer and Principal Accounting Officer	2018-11-27
0001759620-18-000003	1	Tiffany Taylor	Founder & CEO	2018-11-26
0001665160-18-001277	1	Taegon Lee	CEO, Principal Executive Officer and Director, Principal Financial Officer and Principal Accounting Officer	2018-11-26
0001665160-18-001275	1	Jason Giddon	CEO, Principal Executive Officer and Manager, Principal Financial Officer and Principal Accounting Officer	2018-11-26
0001668287-18-000076	1	David Colella	Partner	2018-11-26
0001665160-18-001274	1	Jason Giddon	CEO, Principal Executive Officer and Director, Principal Financial Officer and Principal Accounting Officer	2018-11-26
0001754146-18-000001	1	Erik Holmberg	Manager of Manager, Alonson's Development, LLC	2018-11-26
0001617350-18-000005	1	Himanshu Agarwal	Director, Chief Executive Officer	2018-11-23
0001617350-18-000005	2	Hooman Imani	Director, Chief Technology Officer	2018-11-23
0001670254-18-000564	2	Herbert Matthew Chambers	Chairman/CEO	2018-11-21
0001670254-18-000564	3	Pamela Miller	Corporate Secretary	2018-11-21
0001670254-18-000564	4	Jay Etheridge	CFO	2018-11-21
0001670254-18-000564	1	James Hoegh	Director	2018-11-21
0001749548-18-000007	1	Jenn Diesi	Chief Executive Officer, President, Secretary, Chief Financial Officer, Director	2018-11-21
0001717111-18-000006	2	Tiffany Lacsado	Director, CFO	2018-11-21
0001717111-18-000006	1	Kristin Clayton	Director	2018-11-21
0001753666-18-000003	1	Jay Readey	President of NeighborScapes, NFP, the Manager	2018-11-21
0001665160-18-001272	2	Remy J Sedlmayr \	Principal Accounting Officer	2018-11-21
0001665160-18-001272	1	Steven R Sedlmayr	CEO, Principal Executive Officer and Director and Principal Financial Officer	2018-11-21
0001743800-18-000005	1	/Gregory Miller/	President	2018-11-21
0001717111-18-000005	3	Molly Madden	Director, CFO	2018-11-20
0001717111-18-000005	4	Yusuf George	Director	2018-11-20
0001717111-18-000005	1	Stephanie Sprinkle	Director	2018-11-20
0001717111-18-000005	2	Stephen Rye Switzer	Director	2018-11-20
0001743800-18-000004	1	/Gregory Miller/	President	2018-11-21
0001668287-18-000074	1	William Benson	Owner	2018-11-21
0001748372-18-000008	2	Margaret Mulvena	Founder, Executive Chef	2018-11-21
0001748372-18-000008	1	Carlos Ventura	Chief Executive Officer	2018-11-21
0001750319-18-000002	1	David Frazier	Director	2018-11-20
0001750319-18-000002	2	Spencer Grider	Director	2018-11-20
0001670254-18-000562	1	Tiffany H King	Manager	2018-11-20
0001670254-18-000562	2	Suzanne Southard	Manager	2018-11-20
0001670254-18-000559	1	Daniel Hall	President/CEO	2018-11-19
0001665160-18-001271	1	Luigi DeMeo	CEO, Principal Executive Officer and Director, Principal Financial Officer and Principal Accounting Officer	2018-11-20
0001665160-18-001269	2	Chris Anthony	CEO, Principal Executive Officer, and Director	2018-11-20
0001665160-18-001269	1	Steve Fambro	Principal Financial Officer, Principal Accounting Officer, and Director	2018-11-20
0001665160-18-001267	1	Andrew Torba	CEO, Principal Executive Officer and Director,Principal Financial Officer and Principal Accounting Officer	2018-11-20
0001665160-18-001266	1	Sally Outlaw	CEO, Principal Executive Officer and Director, Principal Financial Officer and Principal Accounting Officer	2018-11-20
0001665160-18-001266	2	Russell Thomas	CEO, Principal Executive Officer and Director, Principal Financial Officer and Principal Accounting Officer	2018-11-20
0001665160-18-001264	1	Matthew Kerle	CEO, Principal Executive Officer and Director	2018-11-19
0001665160-18-001264	2	Colby Schaeffer	Principal Financial Officer and Principal Accounting Officer	2018-11-19
0001665160-18-001261	1	Maya Parbhoe	CEO, Principal Executive Officer and Director	2018-11-19
0001751443-18-000005	1	Nicole Birch, Esq.	CEO	2018-11-19
0001665160-18-001261	2	Zeenat William	Principal Financial Officer and Principal Accounting Officer	2018-11-19
0001665160-18-001257	1	Jacqueline Benton	Principal Financial Officer and Principal Accounting Officer	2018-11-19
0001665160-18-001257	2	Peter Lewis	CEO, Principal Executive Officer, and Director	2018-11-19
0001665160-18-001254	1	Sang Truong	CEO, Principal Executive Officer and Manager, Principal Financial Officer and Principal Accounting Officer	2018-11-19
0001665160-18-001253	1	Sang Truong	CEO, Principal Executive Officer and Director, Principal Financial Officer and Principal Accounting Officer	2018-11-19
0001665160-18-001252	1	Rubin Rodriguez Jr	CEO, Principal Executive Officer and Manager, Principal Financial Officer and Principal Accounting Officer	2018-11-19
0001665160-18-001249	1	Sang Truong	CEO, Principal Executive Officer and Manager, Principal Financial Officer and Principal Accounting Officer	2018-11-19
0001665160-18-001247	1	John R. Humphrey	CEO and Founder, Principal Executive and Director	2018-11-19
0001665160-18-001247	2	Scott Marchard	CFO and Principal Financial Officer and Principal Accounting Officer	2018-11-19
0001665160-18-001246	1	Matthew Brown	CEO, Principal Executive Officer and Manager, Principal Financial Officer and Principal Accounting Officer	2018-11-19
0001642688-18-000004	2	Mahmoud Haidar	Director	2018-11-16
0001642688-18-000004	4	William Buchanan	Director	2018-11-16
0001642688-18-000004	3	Scott Harper	Director	2018-11-16
0001642688-18-000004	1	Christopher Moll	Director	2018-11-16
0001670254-18-000555	2	Chris Whidden	Brand Manager	2018-11-14
0001670254-18-000555	1	Brett Jacobson	CEO	2018-11-14
0001670254-18-000556	1	Yumi Alyssa Kimura	CEO	2018-11-16
0001745458-18-000002	1	Allison Lee	Director	2018-11-16
0001665160-18-001243	1	Juliet Andriassian	CEO, Principal Executive Officer and Director, director / officer, Principal Financial Officer and Principal Accounting Officer	2018-11-15
0001752109-18-000005	1	Ena Jones	President/CEO	2018-11-16
0001670254-18-000549	3	Brett Jacobson	CEO	2018-11-14
0001670254-18-000549	2	Chris Whidden	Brand Manager	2018-11-14
0001670254-18-000549	1	Naehalani Breeland	Marketing Director	2018-11-14
0001670254-18-000555	3	Naehalani Breeland	Marketing Director	2018-11-14
0001752109-18-000004	1	Ena Jones	President/CEO	2018-11-16
0001755378-18-000003	1	Nick Bradley	principal executive officer, principal financial officer, principal accounting officer, and director	2018-11-16
0001665160-18-001236	1	Luigi DeMeo	CEO, Principal Executive Officer and Director, Principal Financial Officer and Principal Accounting Officer	2018-11-16
0001755378-18-000002	1	Nick Bradley	principal executive officer, principal financial officer, principal accounting officer, and director	2018-11-16
0001746271-18-000004	1	Brendan Burns	Manager and Chief Executive Officer	2018-11-16
0001755378-18-000001	1	Nick Bradley	principal executive officer, principal financial officer, principal accounting officer, and director	2018-11-16
0001746271-18-000003	1	Brendan Burns	Manager and Chief Executive Officer	2018-11-16
0001665160-18-001232	2	Laura L. Tezza	Director of Operations, Principle Financial Officer and Director and Principal Accounting Officer	2018-11-15
0001665160-18-001232	1	Peter J. Tezza II	CEO, Principal Executive Officer and Director	2018-11-15
0001665160-18-001229	3	Kwasi Ansu	Controller and Manager	2018-11-15
0001665160-18-001229	2	Matthew Moroney	Principal Financial Officer and Manager	2018-11-15
0001665160-18-001229	1	Franz Hochstrasser	Principal Executive Officer and Manager	2018-11-15
0001758135-18-000006	2	Jose Pablo Toscano	CEO	2018-11-15
0001758135-18-000006	1	Nicolas Bergengruen	CMO	2018-11-15
0001669191-18-000506	4	Michael Antaran	Board Member	2018-10-23
0001669191-18-000506	2	Michael Antaran	Principal Financial Officer	2018-10-23
0001669191-18-000506	1	Michael Antaran	Principal Executive Officer	2018-10-23
0001669191-18-000506	3	Michael Antaran	Principal Accounting Officer	2018-10-23
0001746059-18-000009	1	Morgan Chase	Owner	2018-11-15
0001669191-18-000504	2	Chris Pesigan	Principal Financial Officer	2018-04-30
0001669191-18-000504	3	Chris Pesigan	Principal Accounting Officer	2018-04-30
0001669191-18-000504	4	Tyrre Burks	Board Member	2018-04-30
0001669191-18-000504	1	Tyrre Burks	Principal Executive Officer	2018-04-30
0001665160-18-001226	1	Amit Patel	CEO, Principal Executive Officer and Manager, Principal Financial Officer and Principal Accounting Officer	2018-11-15
0001665160-18-001224	1	Kirk Maust	CEO, Principal Executive Officer and Manager, Principal Financial Officer and Principal Accounting Officer	2018-11-15
0001665160-18-001222	1	Vitaly Khusidman	CEO, Principal Executive Officer and Director, Principal Financial Officer and Principal Accounting Officer	2018-11-15
0001753229-18-000003	1	Angela Dupree	President/CEO	2018-11-15
0001670254-18-000540	2	Demetri Coupounas	CEO	2018-11-13
0001670254-18-000540	1	Kimberly Anne Riether Coupounas	Director	2018-11-13
0001665160-18-001219	1	Raghu Bala	CEO, Principal Executive Officer and Director, Principal Financial Officer and Principal Accounting Officer	2018-11-13
0001665160-18-001216	1	Nick Foster	CEO, Principal Executive Officer and Director, Principal Financial Officer and Principal Accounting Officer	2018-11-14
0001675481-18-000006	1	Lynn Johnson	CEO, CFO, Director	2018-11-12
0001675481-18-000006	2	Allison Kenny	Director	2018-11-14
0001665160-18-001213	2	Chris Betzing	Principal Accounting Officer and Principal Financial Officer	2018-11-14
0001665160-18-001213	1	Peter Jenson	CEO, Principal Executive Officer, and Principal Executive Director	2018-11-14
0001637604-18-000001	3	David Meadows	CEO	2018-11-13
0001637604-18-000001	2	Wade Hampton	Board Member	2018-11-14
0001637604-18-000001	1	Robert Schnitzius	Board Member	2018-11-13
0001665160-18-001211	1	Gregory Campbell	CEO, Principal Executive Officer and Manager, Principal Financial Officer and Principal Accounting Officer	2018-11-13
0001746059-18-000008	1	Keenan Langlois	Owner	2018-11-13
0001758696-18-000005	2	Isar Mostafanezhad	Director	2018-11-13
0001758696-18-000005	1	Vincent Kimura	Director and Chief Executive Officer	2018-11-13
0001758696-18-000005	3	Man Wai Stephen Tsang	Director	2018-11-13
0001665160-18-001207	1	Glyn Caddell	CEO, Principal Executive Officer and Director, Principal Financial Officer and Principal Accounting Officer	2018-11-13
0001669191-18-000501	2	Richard Burtt	Principal Financial Officer	2018-11-07
0001669191-18-000501	10	Paul Sinnott	Board Member	2018-11-07
0001669191-18-000501	9	Brian Kinney	Board Member	2018-11-07
0001669191-18-000501	8	Leonard Miller	Board Member	2018-11-08
0001669191-18-000501	7	Richard Burtt	Board Member	2018-11-07
0001669191-18-000501	6	John Cammett	Board Member	2018-11-08
0001669191-18-000501	5	Peter Rogal	Board Member	2018-11-07
0001669191-18-000501	4	Mitchel Sayare	Board Member	2018-11-07
0001669191-18-000501	3	Pamela Lichtenthal	Principal Accounting Officer	2018-11-07
0001669191-18-000501	1	Richard Burtt	Principal Executive Officer	2018-11-07
0001665160-18-001205	1	Joshua Montgomery	CEO, Principal Executive Officer and Director, Principal Financial Officer and Principal Accounting Officer	2018-11-13
0001665160-18-001204	1	Carlo Brovero	CEO, Principal Executive Officer and Director, Principal Financial Officer and Principal Accounting Officer	2018-11-13
0001665160-18-001203	1	Joe Grimes	CEO, Principal Executive Officer and Director, Principal Financial Officer and Principal Accounting Officer	2018-11-13
0001665160-18-001202	1	Cornell Christanson	CEO, Principal Executive Officer and Manager, Principal Financial Officer and Principal Accounting Officer	2018-11-13
0001753754-18-000004	2	Justin Honeysuckle	Chief Operating Officer	2018-11-13
0001753754-18-000004	1	James Perkins	Chief Executive Officer	2018-11-13
0001753666-18-000001	1	Jay Readey	President of the Manager, NeighborScapes NFP	2018-11-13
0001751259-18-000005	1	Scott Baker	Owner	2018-11-13
0001670254-18-000536	2	Areo Nazari	CEO and Founder	2018-11-09
0001670254-18-000536	1	Kevin Lance	Secretary	2018-11-09
0001753839-18-000008	2	Vanessa Melendez	Managing Partner	2018-11-09
0001753839-18-000008	1	Bryan Melendez	CEO	2018-11-09
0001670254-18-000533	1	Brooke Parks	President	2018-11-09
0001670254-18-000533	2	Nic Parks	CEO	2018-11-09
0001670254-18-000530	1	Sean McCauley	Senior Advisor	2018-11-08
0001670254-18-000530	2	Andres Acosta	MD, PhD	2018-11-08
0001751287-18-000003	1	Joseph Hernandez	Founder	2018-11-09
0001669191-18-000497	4	Jacob Dansey	Board Member	2018-09-24
0001669191-18-000497	3	Jacob Dansey	Principal Accounting Officer	2018-09-24
0001669191-18-000497	2	Jacob Dansey	Principal Financial Officer	2018-09-24
0001669191-18-000497	1	Jacob Dansey	Principal Executive Officer	2018-09-24
0001669191-18-000495	7	Christopher Schuh	Board Member	2018-09-18
0001669191-18-000495	6	John  Preston	Board Member	2018-09-14
0001669191-18-000495	5	Craig Bouchard	Board Member	2018-09-13
0001669191-18-000495	4	Norton Schwartz	Board Member	2018-09-14
0001669191-18-000495	2	Julio Ramirez	Principal Financial Officer	2018-09-13
0001669191-18-000495	1	Craig Bouchard	Principal Executive Officer	2018-09-13
0001669191-18-000495	3	Johanne Medina	Principal Accounting Officer	2018-09-13
0001750894-18-000004	1	JUSTIN LEE	CEO	2018-11-09
0001749553-18-000004	1	Kai Nortey	Member	2018-10-10
0001749553-18-000004	2	Ernest Nee-Nueh Nortey	Member	2018-10-10
0001756562-18-000003	1	Kenneth A. Crecelius	Owner	2018-11-08
0001669191-18-000492	4	Thomas  Mason	Board Member	2018-11-02
0001669191-18-000492	3	Thomas  Mason	Principal Accounting Officer	2018-11-02
0001669191-18-000492	2	Thomas  Mason	Principal Financial Officer	2018-11-02
0001669191-18-000492	1	Thomas  Mason	Principal Executive Officer	2018-11-02
0001669191-18-000492	5	James Fiske	Board Member	2018-11-03
0001665160-18-001201	1	Lynn Rolle	CEO, Principal Executive Officer and Director, Principal Financial Officer and Principal Accounting Officer	2018-11-08
0001665160-18-001199	8	David Roderick	Director	2018-11-08
0001665160-18-001199	7	Jeffry Gerber, MD	CEO, Principal Executive Officer and Director, Principal Financial Officer and Principal Accounting Officer	2018-11-08
0001665160-18-001199	6	Gary L. German	Director	2018-11-08
0001665160-18-001199	5	Michael Roth	Director, Chairman, and Secretary	2018-11-08
0001665160-18-001199	4	Eric Westman	Director, Chief Medical Officer	2018-11-08
0001665160-18-001199	3	Bruce Rossiter	Director	2018-11-08
0001665160-18-001199	2	Sherron Kittle	Director	2018-11-08
0001665160-18-001199	1	Richard Koffler	CEO, Principal Executive Officer and Director, Principal Financial Officer and Principal Accounting Officer	2018-11-08
0001756193-18-000002	1	David M. Talla	Manager of Morongo Moraga, LLC, the Manager	2018-11-08
0001670254-18-000527	1	Jason A. Hobson	Founder	2018-11-07
0001670254-18-000527	2	David Nikzad	Founder	2018-11-07
0001670254-18-000526	1	Jason A. Hobson	Founder	2018-11-07
0001670254-18-000526	2	David Nikzad	Founder	2018-11-07
0001665160-18-001197	1	Darby Cox	CEO, Principal Executive Officer and Director	2018-11-07
0001665160-18-001197	3	Amy Livingood	Principal Accounting Officer	2018-11-07
0001665160-18-001197	2	Sean Geng	COO, President, and Principal Financial Officer	2018-11-07
0001669191-18-000485	4	Trevor  Castor	Board Member	2018-08-30
0001669191-18-000481	1	Neville Golvala	Principal Executive Officer	2018-02-27
0001669191-18-000481	3	Ronald Buckner	Principal Accounting Officer	2018-02-27
0001669191-18-000481	4	Ronald Buckner	Board Member	2018-02-19
0001669191-18-000485	3	James  Falese	Principal Accounting Officer	2018-08-29
0001669191-18-000485	2	James  Falese	Principal Financial Officer	2018-08-29
0001669191-18-000485	1	Trevor  Castor	Principal Executive Officer	2018-08-29
0001669191-18-000481	2	Ronald Buckner	Principal Financial Officer	2018-02-27
0001754776-18-000003	1	Robert Smith	CEO and Founder	2018-11-06
0001746059-18-000007	1	Jonathan Gilman	Owner/Co-Founder	2018-11-06
0001746059-18-000007	2	Alex Corona	Owner/Co-Founder	2018-11-06
0001665160-18-001196	1	Mamta Sonwalkar	CEO, Principal Executive Officer and Director, Principal Financial Officer and Principal Accounting Officer	2018-11-06
0001665160-18-001195	1	Mark Daniel Farb	CEO, Principal Executive Officer and Director, Principal Financial Officer and Principal Accounting Officer	2018-11-06
0001665160-18-001194	2	Chris Ladwig	Chief Design Officer and Director	2018-11-06
0001665160-18-001194	1	Mark Lyle	CEO, CTO, Principal Executive Officer and Director, Principal Financial Officer and Principal Accounting Officer	2018-11-06
0001665160-18-001193	1	Charles S. Cotropia	CEO, Principal Executive Officer and Director, Principal Financial Officer and Principal Accounting Officer	2018-11-06
0001665160-18-001192	2	Coan I Knight	Controller	2018-11-06
0001665160-18-001192	1	Robert J Freedman	CEO, Principal Executive Officer and Manager	2018-11-06
0001665160-18-001191	1	Joseph Anselmo	CEO, Principal Executive Officer and Director, Principal Financial Officer and Principal Accounting Officer	2018-11-06
0001665160-18-001190	1	Pietro Gabriele	CEO, Principal Executive Officer and Director, Principal Financial Officer and Principal Accounting Officer	2018-11-06
0001665160-18-001189	1	Michael P. Maloney	CEO, Principal Executive Officer and Director, Principal Financial Officer and Principal Accounting Officer	2018-11-06
0001620525-18-000002	2	Graham Dodge	CEO	2018-11-05
0001620525-18-000002	3	James Sajor	COO	2018-11-05
0001620525-18-000002	1	Michael W. Belt	CTO	2018-11-05
0001658754-18-000004	1	Richard Hull	Director	2018-11-05
0001658754-18-000004	3	Buck Jordan	Director	2018-11-05
0001658754-18-000004	4	Ken Hayes	Director	2018-11-05
0001658754-18-000004	2	Sergio Radovcic	Director	2018-11-05
0001742055-18-000003	1	David Colleen	Director	2018-11-05
0001665160-18-001188	1	David Smooke	CEO, Principal Executive Officer and Director,Principal Financial Officer and Principal Accounting Officer	2018-11-05
0001739119-18-000004	1	Alexandre Botteri	Director	2018-11-05
0001670254-18-000511	1	Peter R. Giannopoulos	Officer/Partner	2018-10-30
0001670254-18-000521	1	Amir Fassihi	Founder and CEO	2018-11-02
0001665160-18-001185	1	David Smooke	CEO, Principal Executive Officer and Director, Principal Financial Officer and Principal Accounting Officer	2018-11-02
0001670254-18-000513	1	Lisa B. Ruskaup	CEO/Founder	2018-11-02
0001670254-18-000513	2	Lisa Ruskaup	CEO	2018-11-02
0001670254-18-000519	2	Jiri Nozicka	CEO	2018-11-02
0001670254-18-000519	1	Elizabeth Pennisi-Nozicka	Member Manager	2018-11-02
0001670254-18-000511	2	John Giannopoulos	Owner, Managing Director	2018-10-30
0001752964-18-000006	1	Sam Bogoch	CEO and Director	2018-11-02
0001665160-18-001182	1	Josef Wojtkow	CEO, Principal Executive Officer and Director, Principal Financial Officer and Principal Accounting Officer	2018-11-02
0001752964-18-000004	1	Sam Bogoch	CEO and Director	2018-11-02
0001665160-18-001179	1	Rodney J. Reynolds	Director and CEO, Principal Executive Officer,Principal Financial Officer and Principal Accounting Officer	2018-11-02
0001757722-18-000001	2	Tanausu Gonzales	CTO and Director	2018-11-02
0001757722-18-000001	1	Pablo Carvallo	CEO and Director	2018-11-02
0001754192-18-000001	1	Matthew James Connolly	Director	2018-11-02
0001720035-18-000001	1	David Butler	Chairman and Manager	2018-11-02
0001720035-18-000001	2	Patricia Butler	Manager, CEO, Treasurer & Secretary	2018-11-02
0001739119-18-000003	2	Alan Erickson	Director	2018-11-02
0001739119-18-000003	1	Amber McDonald	Chief Executive Officer	2018-11-02
0001739119-18-000003	3	Aaron Dallek	Director	2018-11-02
0001665160-18-001177	1	Alaxander Villmann	CEO, Principal Executive Officer and Director	2018-11-02
0001665160-18-001177	2	Richard Sherman	COO, Principal Financial Officer, Principal Accounting Officer, and Director	2018-11-02
0001669191-18-000479	4	Maureen Lloren	Board Member	2018-05-14
0001669191-18-000479	3	Mike Beck	Principal Accounting Officer	2018-05-14
0001669191-18-000479	2	Ned Sedlak	Principal Financial Officer	2018-05-14
0001669191-18-000479	1	Maureen Lloren	Principal Executive Officer	2018-05-14
0001665160-18-001175	1	Ibrahima Diallo	COO, Principal Financial Officer, and Principal Accounting Officer	2018-11-01
0001665160-18-001175	2	Mohammed Diallo	CEO, Principal Executive Officer, and Director	2018-11-01
0001665160-18-001173	2	Robert S. Marks	Director, Secretary	2018-11-01
0001665160-18-001173	1	Luka Fajs	CEO, Principal Executive Officer and Director, Principal Financial Officer and Principal Accounting Officer	2018-11-01
0001748372-18-000007	1	Carlos Ventura	Chief Executive Officer	2018-10-31
0001748372-18-000007	2	Margaret Mulvena	Founder, Executive Chef	2018-10-31
0001665160-18-001168	1	Donald Jones	CEO, Principal Executive Officer and Director,Principal Financial Officer and Principal Accounting Officer	2018-10-31
0001665160-18-001172	1	Andrew Torba	CEO, Principal Executive Officer and Director,Principal Financial Officer and Principal Accounting Officer	2018-10-31
0001705496-18-000003	1	Lu Yang	Managing Director	2018-10-31
0001665160-18-001165	2	David Sastry	Director, Principal Financial Officer, Principal Accounting Officer	2018-10-31
0001665160-18-001165	1	Paul Moller	CEO, Principal Executive Officer	2018-10-31
0001670254-18-000508	1	Paul Blum	Co-founder & CEO	2018-10-30
0001750508-18-000003	1	Bethany Ruhe	Owner	2018-10-31
0001665160-18-001159	1	Donna Dutcher	CEO, Principal Executive Officer and Director, Principal Financial Officer and Principal Accounting Officer	2018-10-30
0001665160-18-001164	1	Ken Farr	CEO, Principal Executive Officer and Director,Principal Financial Officer and Principal Accounting Officer	2018-10-30
0001665160-18-001162	1	Matthew Martin White	CEO, Principal Executive Officer and Manager, Principal Financial Officer and Principal Accounting Officer	2018-10-30
0001665160-18-001155	1	James Lyon	CEO, Principal Executive Officer and Director,Principal Financial Officer and Principal Accounting Officer	2018-10-30
0001669191-18-000477	2	Alex Melehy	Principal Financial Officer	2018-06-29
0001669191-18-000477	1	Alex Melehy	Principal Executive Officer	2018-06-29
0001669191-18-000477	4	Alex Melehy	Board Member	2018-06-29
0001669191-18-000477	3	Alex Melehy	Principal Accounting Officer	2018-06-29
0001754712-18-000002	1	Edward A. Stoltenberg	Chief Financial Officer	2018-10-18
0001754712-18-000002	3	David B. Park	Chief Executive Officer & Chief Technical Officer	2018-10-18
0001754712-18-000002	2	R. Mitchell Hindman	President & Chief Operating Officer	2018-10-18
0001665160-18-001152	1	Avi Bernard	CEO, Principal Executive Officer and Director, Principal Financial Officer and Principal Accounting Officer	2018-10-30
0001665160-18-001151	3	Suit Khown Chan	Principal Financial Officer and Principle Accounting Officer	2018-10-30
0001665160-18-001151	2	Robert Kent	CMO, Vice Chairman and Director	2018-10-30
0001665160-18-001151	1	Esmond Goei	CEO, Principal Executive Officer and Director	2018-10-30
0001757431-18-000001	1	FRANCINE ANDERSION	PRESIDENT/CEO	2018-10-30
0001665160-18-001148	2	Pat Boone	Director	2018-10-29
0001665160-18-001148	1	Tomer D. Tamarkin	President and Director, Principal Executive Officer, Principal Financial Officer and Principal Accounting Officer	2018-10-29
0001756193-18-000001	1	David M. Talla	Manager of Morongo Moraga, LLC, the Manager	2018-10-29
0001665160-18-001150	1	Kevin J. Williams	CEO, Principal Executive Officer and Director, Principal Financial Officer and Principal Accounting Officer	2018-10-29
0001665160-18-001146	1	Ryan Cullins	CEO, Principal Executive Officer, Director	2018-10-29
0001665160-18-001146	2	Brian Catudan	Principal Financial Officer, Principal Accounting Officer	2018-10-29
0001665160-18-001145	1	Marcus Laun	CEO, Principal Executive Officer and Director, Principal Financial Officer and Principal Accounting Officer	2018-10-29
0001665160-18-001144	1	Chris Kolodziejski	CEO, Principal Executive Officer and Manager, Principal Financial Officer and Principal Accounting Officer	2018-10-29
0001665160-18-001143	1	Richard L Medlen	CEO, Principal Executive Officer and Director, Principal Financial Officer and Principal Accounting Officer	2018-10-29
0001665160-18-001142	1	Brad Rego	CEO, Principal Executive Officer and Manager, Principal Financial Officer and Principal Accounting Officer	2018-10-29
0001753839-18-000006	1	Joby Bowman	CEO	2018-10-29
0001753839-18-000006	2	Michael Shields	Managing Partner	2018-10-29
0001665160-18-001141	1	Michael Licamele	CEO, Principal Executive Officer and Sole Director, Principal Financial Officer and Principal Accounting Officer	2018-10-29
0001665160-18-001139	1	Amir Amini	CEO, Principal Executive Officer and Director,Principal Financial Officer and Principal Accounting Officer	2018-10-26
0001665160-18-001138	1	Joshua Montgomery	CEO, Principal Executive Officer and Director, Principal Financial Officer and Principal Accounting Officer	2018-10-29
0001740075-18-000003	1	Andreas Roussos	CEO	2018-10-29
0001753754-18-000002	2	Justin Honeysuckle	Chief Operating Officer	2018-10-26
0001753754-18-000002	1	James Perkins	Chief Executive Officer	2018-10-26
0001753839-18-000001	2	Michael Shields	Managing Partner	2018-10-26
0001669191-18-000475	2	Michael Antaran	Principal Financial Officer	2018-10-23
0001753839-18-000001	1	Joby Bowman	CEO	2018-10-26
0001669191-18-000475	3	Michael Antaran	Principal Accounting Officer	2018-10-23
0001669191-18-000475	4	Michael Antaran	Board Member	2018-10-23
0001669191-18-000475	1	Michael Antaran	Principal Executive Officer	2018-10-23
0001670254-18-000506	2	Sean Erik Richards	Secretary	2018-10-24
0001670254-18-000506	1	Philip Gay	CFO	2018-10-25
0001670254-18-000506	3	Joey Parsi	CEO	2018-10-24
0001757055-18-000001	1	Richard A. Genga Jr.	CEO	2018-10-26
0001757029-18-000001	1	Amanuel Tsegai	CEO	2018-10-26
0001665160-18-001135	1	Govinda Giri	CEO, Principal Executive Officer and Director, Principal Financial Officer and Principal Accounting Officer	2018-10-26
0001665160-18-001134	1	Vikram Chopra	CEO, Principal Executive Officer and Director, Principal Financial Officer and Principal Accounting Officer	2018-10-26
0001742846-18-000005	1	Nu Dao	Co-founder/CEO	2018-10-26
0001670254-18-000503	2	Akshay Prabhu	CEO	2018-10-24
0001670254-18-000503	1	JNYANESHWAR PRABHU	DIRECTOR	2018-10-24
0001756689-18-000001	1	Shuvro Biswas	Founder	2018-10-25
0001665160-18-001133	1	James Tagg	CEO, Principal Executive Officer and Director, Principal Financial Officer and Principal Accounting Officer	2018-10-25
0001665160-18-001133	3	Dr. Erik Viirr MD PHD	Director	2018-10-25
0001665160-18-001133	2	Dr. Edward Guy III	Director and Secretary	2018-10-25
0001665160-18-001133	4	Manju Kesani	Director	2018-10-25
0001670254-18-000502	2	Ivan Ablamskyi	Founder and CEO	2018-09-24
0001670254-18-000502	1	Andrey Kolodyuk	founder	2018-09-25
0001746059-18-000006	1	Shane Clyburn	Owner/Co-Founder	2018-10-24
0001746059-18-000006	2	Robert MacLean	Owner/Co-Founder	2018-10-24
0001746059-18-000005	1	Rachel Miller	Owner, NIGHTSHADEPOPUP, LLC	2018-10-24
0001744276-18-000002	2	Donald Glover	Co-Founder	2018-10-24
0001744276-18-000002	1	Harold Thomas	Founder	2018-10-24
0001665160-18-001132	1	Saritta Hines	CEO, Principal Executive Officer and Director, Principal Financial Officer and Principal Accounting Officer	2018-10-24
0001746059-18-000004	1	Tiffany Duchesne	Owner/Co-Founder	2018-10-24
0001746059-18-000004	2	Chelsea Falcetti	Owner/Co-Founder	2018-10-24
0001665160-18-001131	1	Christina Taft	CEO, Principal Executive Officer and Director, Principal Financial Officer and Principal Accounting Officer	2018-10-23
0001746059-18-000003	1	Nathan McNiff	Owner, The Wandering Stage, LLC	2018-10-23
0001665160-18-001130	1	Christina Taft	CEO, Principal Executive Officer and Director, Principal Financial Officer and Principal Accounting Officer	2018-10-23
0001670254-18-000499	2	Daniel Dempsey	Founder and CEO	2018-10-19
0001670254-18-000499	1	Deepankar Roy	Founder and COO	2018-10-19
0001665160-18-001128	2	Eric Morley	Principal Financial Officer and Principal Accounting Officer	2018-10-23
0001665160-18-001128	1	Jim Riley	CEO and Principal Executive Officer and Director	2018-10-23
0001665160-18-001127	1	Brennen Hodge	CEO, Principal Executive Officer and Director, Principal Financial Officer and Principal Accounting Officer	2018-10-23
0001665160-18-001126	1	Jennifer Lapoint	CEO, Principal Executive Officer and Director, Principal Financial Officer and Principal Accounting Officer	2018-10-23
0001669191-18-000472	4	Karin Crawford	Board Member	2018-09-21
0001669191-18-000472	3	Karin Crawford	Principal Accounting Officer	2018-09-21
0001669191-18-000472	2	Karin Crawford	Principal Financial Officer	2018-09-21
0001669191-18-000472	1	Karin Crawford	Principal Executive Officer	2018-09-21
0001669191-18-000468	1	William W Crossman	Principal Executive Officer	2018-10-10
0001669191-18-000468	2	Timmy Chou	Principal Financial Officer	2018-10-10
0001669191-18-000468	3	Timmy Chou	Principal Accounting Officer	2018-10-10
0001669191-18-000468	4	Timmy Chou	Board Member	2018-10-10
0001669191-18-000468	5	Lawrence Toll	Board Member	2018-10-10
0001669191-18-000468	6	John A Lawson	Board Member	2018-10-10
0001669191-18-000468	7	Chris Tew	Board Member	2018-10-10
0001669191-18-000468	8	William W Crossman	Board Member	2018-10-10
0001669191-18-000470	1	Brian Curcio	Principal Executive Officer	2018-10-09
0001669191-18-000470	2	Brian Curcio	Principal Financial Officer	2018-10-09
0001669191-18-000470	3	Brian Curcio	Principal Accounting Officer	2018-10-09
0001669191-18-000470	4	Brian Curcio	Board Member	2018-10-09
0001665160-18-001125	1	Marlon Schulman	Principal Executive Officer, Principal Financial Officer and Principal Accounting Officer, Director	2018-10-22
0001746875-18-000003	2	Tacee Kathleen Dewitt-Webb	Member	2018-10-22
0001746875-18-000003	1	Stuart Maclean Ramsay	Manager	2018-10-22
0001648770-18-000008	1	Amanda Greenberg	Director, President, Secretary, Treasurer	2018-10-22
0001648770-18-000008	2	Noah Bornstein	Director, Chief Technology Officer	2018-10-22
0001665160-18-001124	1	George B. Brown	CEO, Principal Executive Officer and Director, Principal Financial Officer and Principal Accounting Officer	2018-10-22
0001665160-18-001123	1	Joseph Daniluk	CEO, Principal Executive Officer and Director, Principal Financial Officer, Secretary and Principal Accounting Officer	2018-10-22
0001684004-18-000002	1	Mark Murrell	CEO	2018-10-22
0001745469-18-000003	3	James McCain	Principal accounting officer/principal financial officer / Board Member	2018-07-19
0001745469-18-000003	2	/s/ Claudia Raessler	Board Member	2018-07-19
0001745469-18-000003	1	/s/ Kenneth Raessler	President / Board Member	2018-07-19
0001746386-18-000003	1	Elizabeth Turrigiano	President	2018-10-22
0001746386-18-000003	3	Marta Baumann	COO	2018-10-22
0001746386-18-000003	2	Sarah Edwards	CFO	2018-10-22
0001750307-18-000005	1	Gregory Reaves	Managing member of Manager, Mosaic Development Partners, LLC	2018-10-22
0001670254-18-000497	1	Richard Westbrook	Brand Director	2018-10-19
0001670254-18-000495	2	Ryan Miner	Co-CEO	2018-10-19
0001670254-18-000495	1	Madeline Alcott	Co-CEO	2018-10-19
0001670254-18-000497	2	Todd Barket	Owner	2018-10-19
0001682580-18-000002	4	Russell Glass	Director	2018-10-19
0001682580-18-000002	3	Richard Cohen	Director	2018-10-19
0001682580-18-000002	1	Mikhail Damiani	Director	2018-10-19
0001682580-18-000002	2	Tom Duncan	Director	2018-10-19
0001665160-18-001121	1	Chris Lustrino	CEO and Manager, Principal Financial Officer, Principal Accounting Officer	2018-10-19
0001665160-18-001121	2	Cecilia Lenk	Manager	2018-10-19
0001670254-18-000492	1	Eva Shure	Co-Founder	2018-10-19
0001670254-18-000492	2	Craig Saslow	Co-Founder	2018-10-19
0001747279-18-000002	1	William A Holderness	CFO	2017-07-25
0001755293-18-000001	1	JACQUETTA THOMAS	President / CEO	2018-10-18
0001752660-18-000001	1	James Bernstein [s]	CEO	2018-10-18
0001747732-18-000002	1	Adam J. Robison	Chief Executive Officer	2018-10-18
0001755293-18-000001	2	NISAA SMITH	President/CFO	2018-10-18
0001665160-18-001117	1	Clinton Osborn	CEO, Principal Executive Officer and Manager, Principal Financial Officer and Principal Accounting Officer	2018-10-18
0001665160-18-001113	2	Kerry Brown	CTO and Director	2018-10-18
0001665160-18-001113	3	Peter Landrock	Phd and Director	2018-10-18
0001665160-18-001113	1	Vance David Watkins	CEO, Principal Financial Officer, and Principal Accounting Officer	2018-10-18
0001650631-18-000003	2	Howard Fischer	Director	2018-10-18
0001650631-18-000003	1	Cullen Schwarz	CEO and Director	2018-10-18
0001744554-18-000002	1	Terri Arthur	Owner & CEO	2018-10-18
0001754776-18-000001	1	Robert Smith	CEO and Founder	2018-10-18
0001665160-18-001109	1	Emmanuel Umoh	CEO, Principal Executive Officer and Director,Principal Financial Officer and Principal Accounting Officer	2018-10-17
0001665160-18-001103	1	Jonathan Bannon Maher	CEO, Principal Executive Officer and Director,Principal Financial Officer and Principal Accounting Officer	2018-10-17
0001665160-18-001111	1	Jonathan Bannon Maher	CEO, Principal Executive Officer and Director, Principal Financial Officer and Principal Accounting Officer	2018-10-17
0001665160-18-001098	1	William Gilligan	Co-CEO, Principal Executive Officer and Director,Principal Financial Officer and Principal Accounting Officer	2018-10-17
0001665160-18-001098	2	Michael S. Ferneman	Co-CEO and Director	2018-10-17
0001665160-18-001093	1	William Brevard	CEO, Principal Executive Officer and Director,Principal Financial Officer and Principal Accounting Officer	2018-10-17
0001665160-18-001090	1	Ralph Liu	CEO, Principal Executive Officer and Director, Principal Financial Officer and Principal Accounting Officer	2018-10-16
0001665160-18-001088	1	J. Garrett Green	CEO, Principal Executive Officer and Manager, Principal Financial Officer and Principal Accounting Officer	2018-10-16
0001665160-18-001086	1	J Garrett Green	CEO, Principal Executive Officer and Manager, Principal Financial Officer and Principal Accounting Officer	2018-10-16
0001665160-18-001085	1	Don Bielak	CEO, Principal Executive Officer and Manager,Principal Financial Officer and Principal Accounting Officer	2018-10-16
0001745986-18-000002	1	Shi Li	Director	2018-10-15
0001745986-18-000002	2	Duncan Sham	Director	2018-10-15
0001665160-18-001083	1	Marcus Martin II	CEO and Principal Executive Officer	2018-10-16
0001665160-18-001083	2	Jason T Britton	Director, Principal Financial Officer and Principal Accounting Officer	2018-10-16
0001670254-18-000491	1	Ron Newcomb	Founder	2018-10-12
0001670254-18-000489	2	Richard Butts	Board Member	2018-10-12
0001670254-18-000489	3	Allan D. Darling	Co-Founder and CFO	2018-10-12
0001670254-18-000489	1	Steve Haumschild	CEO - CoFounder	2018-10-12
0001692133-18-000002	1	Nicholas Chavez	Co-CEO	2018-10-15
0001692133-18-000002	2	Jessica Van Sickle	Co-CEO	2018-10-15
0001746291-18-000005	1	Seun Odumusi	CEO	2018-10-15
0001665160-18-001072	1	Charles Powell	CEO, Principal Executive Officer and Director, Principal Financial Officer and Principal Accounting Officer	2018-10-15
0001732219-18-000014	1	TOMMY ALGATHEN ALLEN	FOUNDER	2018-07-13
0001755780-18-000001	1	Vaneesha Dutra	President	2018-10-12
0001750894-18-000003	1	Justin Lee	CEO	2018-09-06
0001665160-18-001069	1	Ryan Koch	CEO, Principal Executive Officer and Director and Principal Financial Officer and Principal Accounting Officer	2018-10-12
0001675481-18-000005	1	Lynn Johnson	CEO, CFO, Director	2018-10-04
0001675481-18-000005	2	Allison Kenny	Director	2018-10-04
0001670254-18-000484	2	Jonn Morningstaur	Secretary, Treasurer	2018-10-12
0001670254-18-000484	3	Andy Wilkinson	Director of Operations	2018-10-11
0001670254-18-000484	1	Wade T Lightheart	President	2018-10-12
0001670254-18-000482	1	Michael Kelly	Co-Founder	2018-10-11
0001670254-18-000482	2	Jon Carmen	Co-Founder and CEO	2018-10-11
0001753336-18-000002	1	Lynda McLean Ronaldson	Director	2018-10-10
0001753336-18-000002	2	Stephen Warne Ardagh	Treasurer, Director	2018-10-10
0001669191-18-000465	3	Michael Tippie	Principal Accounting Officer	2018-06-21
0001669191-18-000465	1	Michael Tippie	Principal Executive Officer	2018-06-09
0001669191-18-000465	2	Michael Tippie	Principal Financial Officer	2018-06-21
0001669191-18-000465	4	Gitali Indra	Board Member	2018-06-08
0001669191-18-000465	5	Arup Indra	Board Member	2018-06-08
0001669191-18-000465	6	Michael Tippie	Board Member	2018-06-09
0001669191-18-000461	8	William W Crossman	Board Member	2018-10-10
0001669191-18-000461	1	William W Crossman	Principal Executive Officer	2018-10-10
0001669191-18-000461	5	Lawrence Toll	Board Member	2018-10-10
0001669191-18-000461	3	Timmy Chou	Principal Accounting Officer	2018-10-10
0001669191-18-000461	2	Timmy Chou	Principal Financial Officer	2018-10-10
0001669191-18-000461	4	Timmy Chou	Board Member	2018-10-10
0001669191-18-000461	7	Chris Tew	Board Member	2018-10-10
0001669191-18-000461	6	John A Lawson	Board Member	2018-10-10
0001720733-18-000002	1	Tiffany Lacsado	Director, CFO	2018-10-01
0001720733-18-000002	2	Kristin Clayton	Director	2018-10-01
0001669191-18-000457	3	Bruce  Weber	Principal Accounting Officer	2018-04-12
0001669191-18-000457	2	Bruce  Weber	Principal Financial Officer	2018-04-12
0001669191-18-000457	1	Xugang Li	Principal Executive Officer	2018-04-12
0001669191-18-000457	4	Xugang Li	Board Member	2018-04-12
0001717111-18-000004	3	Molly Madden	Director, CFO	2018-10-10
0001717111-18-000004	2	Stephen Rye Switzer	Director	2018-10-09
0001717111-18-000004	1	Stephanie Sprinkle	Director	2018-10-10
0001749553-18-000003	2	Ernest Nee-Nueh Nortey	Member	2018-10-10
0001749553-18-000003	1	Kai Nortey	Member	2018-10-10
0001670254-18-000481	2	Marcel Favela	Brewmaster	2018-09-21
0001670254-18-000481	1	David Favela	CEO	2018-09-21
0001670254-18-000481	3	Martin Favela	CFO / Operations Manager	2018-09-21
0001739714-18-000002	1	Anne Chambers	CEO	2018-10-11
0001665160-18-001061	1	Steven R Sedlmayr	CEO, Principal Executive Officer and Director and Principal Financial Officer	2018-10-11
0001665160-18-001061	2	Remy J Sedlmayr	Principal Accounting Officer	2018-10-11
0001670254-18-000479	1	Brian Runnals	President, Founder	2018-10-11
0001665160-18-001058	1	Steve Nauert	CEO, Principal Executive Officer and Director, Principal Financial Officer and Principal Accounting Officer	2018-10-11
0001669191-18-000454	1	Maureen Lloren	Principal Executive Officer	2018-05-14
0001669191-18-000454	4	Maureen Lloren	Board Member	2018-05-14
0001669191-18-000454	3	Mike Beck	Principal Accounting Officer	2018-05-14
0001669191-18-000454	2	Ned Sedlak	Principal Financial Officer	2018-05-14
0001751745-18-000001	1	Marc Seiavitch	Co-Owner	2018-10-11
0001670323-18-000001	2	Richard Marks	Chief Product Officer	2018-10-11
0001670323-18-000001	1	Ian Goldberg	CEO & Director	2018-10-11
0001669191-18-000452	4	Brian Curcio	Board Member	2018-10-09
0001669191-18-000452	3	Brian Curcio	Principal Accounting Officer	2018-10-09
0001669191-18-000452	2	Brian Curcio	Principal Financial Officer	2018-10-09
0001669191-18-000452	1	Brian Curcio	Principal Executive Officer	2018-10-09
0001669310-18-000003	3	Richard Glassberg	Board Member	2018-10-10
0001669310-18-000003	2	Terry Daniel Cox	CTO	2018-10-10
0001669310-18-000003	1	Meghan Larson	CEO	2018-10-10
0001665160-18-001056	1	Shawn Findlater	CEO, Principal Executive Officer and Director, Principal Financial Officer and Principal Accounting Officer	2018-10-10
0001669191-18-000445	4	Andrew  Weinberger	Board Member	2018-06-13
0001669191-18-000445	3	Andrew  Weinberger	Principal Accounting Officer	2018-06-13
0001669191-18-000445	1	Andrew  Weinberger	Principal Executive Officer	2018-06-13
0001669191-18-000445	2	Andrew  Weinberger	Principal Financial Officer	2018-06-13
0001665160-18-001054	1	Michael Burtov	CEO, Principal Executive Officer and Director, Principal Financial Officer and Principal Accounting Officer	2018-10-10
0001736866-18-000002	1	Kurt Michael Swanson	CEO	2018-10-10
0001736866-18-000002	2	Don Pancoe	Board of Director	2018-10-10
0001747279-18-000001	1	William A Holderness	CFO	2018-10-10
0001746725-18-000002	1	John C. George	CFO	2018-10-10
0001665160-18-001051	1	Mark Hanchett	CEO, Principal Executive Officer and Director, Principal Financial Officer and Principal Accounting Officer	2018-10-10
0001739109-18-000006	1	JOHN C. LESSEL	SPECIAL COUNSEL	2018-10-10
0001752964-18-000003	1	Sam Bogoch	CEO & Director	2018-10-10
0001752964-18-000002	1	Sam Bogoach	CEO & Director	2018-10-10
0001749548-18-000006	1	Jenn Diesi	Chief Executive Officer, President, Secretary, Chief Financial Officer, Director	2018-10-02
0001751415-18-000001	2	Robert D'Ambrosio	Principal Financial Officer and Director	2018-10-08
0001751415-18-000001	1	Vini Trambadia	Principal Executive Officer and Director	2018-10-08
0001669191-18-000443	2	Mark Jennings	Principal Financial Officer	2017-11-30
0001669191-18-000443	4	Mark Jennings	Board Member	2017-11-30
0001669191-18-000443	3	Mark Jennings	Principal Accounting Officer	2017-11-30
0001669191-18-000443	1	Mark Jennings	Principal Executive Officer	2017-11-30
0001669191-18-000439	1	Steven Coen	Principal Executive Officer	2018-10-04
0001669191-18-000439	3	Steven Coen	Principal Accounting Officer	2018-10-04
0001669191-18-000439	2	Steven Coen	Principal Financial Officer	2018-10-04
0001669191-18-000439	4	Steven Coen	Board Member	2018-10-04
0001665160-18-001050	1	Sarita Ekya	CEO, Principal Executive Officer and Director, Principal Financial Officer and Principal Accounting Officer	2018-10-09
0001665160-18-001049	1	Matthew Sinderbrand	CEO	2018-10-09
0001665160-18-001049	2	Gary Sinderbrand	Principal Executive Officer and Director, Principal Financial Officer and Principal Accounting Officer	2018-10-09
0001665160-18-001048	1	Arif Ferda Kertmelioglu	Chairman, Principal Executive Officer and Director, Principal Financial Officer and Principal Accounting Officer	2018-10-09
0001669191-18-000437	1	Dagan Mishoulam	Principal Executive Officer	2018-10-09
0001669191-18-000437	2	Ryan Meduna-Gee	Principal Financial Officer	2018-10-09
0001669191-18-000437	3	Ryan Meduna-Gee	Principal Accounting Officer	2018-10-09
0001669191-18-000437	4	Ryan Meduna-Gee	Board Member	2018-10-09
0001669191-18-000437	5	Dagan Mishoulam	Board Member	2018-10-09
0001749079-18-000007	1	Vladimir Tereshkov	CEO	2018-10-09
0001682580-18-000001	4	Russell Glass	Director	2018-10-08
0001682580-18-000001	3	Richard Cohen	Director	2018-10-08
0001682580-18-000001	2	Tom Duncan	Director	2018-10-08
0001682580-18-000001	1	Mikhail Damiani	Director	2018-10-08
0001670254-18-000473	3	Joseph Chan	Partner	2018-10-04
0001670254-18-000475	1	Kevin Kirkness	General Manager	2018-10-04
0001670254-18-000475	2	Daniel Carlson	Marketing	2018-10-04
0001670254-18-000475	3	Gregory D Carlson	Treasurer	2018-10-04
0001670254-18-000475	4	Danielle Babineau	CEO	2018-10-04
0001665160-18-001041	1	Jennifer King	CEO, Principle Executive Officer, Principle Financial Officer and Director	2018-10-05
0001665160-18-001041	2	Craig King	Executive Vice President and Director	2018-10-05
0001670254-18-000473	2	Richard Tam	Partner	2018-10-04
0001670254-18-000473	1	Wilson Tam	Partner	2018-10-05
0001665160-18-001046	1	Christopher Dyson	CEO, Principal Executive Officer and Director, Principal Financial Officer and Principal Accounting Officer	2018-10-05
0001665160-18-001043	1	Luka Fajs	CEO, Principal Executive Officer and Director, Principal Financial Officer and Principal Accounting Officer	2018-10-05
0001665160-18-001043	2	Robert S. Marks	Director, Secretary	2018-10-05
0001751443-18-000004	1	Nicole Birch	CEO	2018-10-05
0001741220-18-000003	2	Graham Williams	CFO / Board Member	2018-08-09
0001741220-18-000003	1	Christopher Williams	CEO/Chief Accounting Officer/Board Member	2018-08-09
0001739398-18-000004	1	Lori Daugherty	CEO	2018-10-05
0001746271-18-000002	1	Brendan Burns	Manager and Chief Executive Officer	2018-10-02
0001753754-18-000001	1	James Perkins	Chief Executive Officer	2018-10-04
0001753754-18-000001	2	Justin Honeysuckle	Chief Operating Officer	2018-10-04
0001642688-18-000002	3	Scott Harper	Director	2018-10-02
0001642688-18-000002	4	William Buchanan	Director	2018-10-02
0001642688-18-000002	1	Christopher Moll	Director	2018-10-02
0001642688-18-000002	2	Mahmoud Haidar	Director	2018-10-02
0001748372-18-000003	1	Carlos Ventura	Chief Executive Officer	2018-10-04
0001748372-18-000003	2	Margaret Mulvena	Founder, Executive Chef	2018-10-04
0001668287-18-000070	1	William Benson	Owner	2018-10-04
0001741462-18-000003	1	Aaron K Gilbert	President & CEO	2018-10-03
0001665160-18-001026	1	Cory Faulkner	CEO, Principal Executive Officer and Director, Principal Financial Officer and Principal Accounting Officer	2018-10-03
0001665160-18-001025	1	Alexander Titomirov	CEO, Principal Executive Officer and Director, Principal Financial Officer and Principal Accounting Officer	2018-10-03
0001665160-18-001024	1	Cormac Kinney	CEO, Principal Executive Officer and Director, Principal Financial Officer and Principal Accounting Officer	2018-10-03
0001665160-18-001023	2	Raymond Ramey	Manager, Principal Financial Officer, Principal Accounting Officer	2018-10-03
0001665160-18-001023	1	Kurt Dombkowski	CEO, Principal Executive Officer, Manager	2018-10-03
0001746271-18-000001	1	Brendan Burns	Manager and Chief Executive Officer	2018-10-02
0001665160-18-001021	1	Hemi Reem	CEO, Principal Financial Officer, Principal Accounting Officer and Director	2018-10-02
0001670254-18-000466	2	Karen Cooper	Member	2018-09-29
0001670254-18-000466	1	Gretchen E. Wilson	Director	2018-10-02
0001670254-18-000467	3	Lee Cooper	Founder	2018-10-02
0001670254-18-000467	2	Gretchen E Wilson	Manager	2018-10-02
0001670254-18-000467	1	Karen Cooper	Member	2018-10-02
0001670254-18-000466	3	Lee Cooper	Founder	2018-09-28
0001722197-18-000008	1	David Levine	Chief Executive Officer	2018-10-02
0001665160-18-001019	1	David Farley	CEO, Principal Executive Officer and Director, Principal Financial Officer and Principal Accounting Officer	2018-10-01
0001665160-18-001018	2	Larry E. Russell	Principal Accounting Officer and Principal Financial Officer	2018-10-01
0001665160-18-001018	1	David Zinberg	CEO, Principal Executive Officer and Director	2018-10-01
0001669191-18-000434	1	Alex Melehy	Principal Executive Officer	2018-06-29
0001669191-18-000434	4	Alex Melehy	Board Member	2018-06-29
0001669191-18-000434	3	Alex Melehy	Principal Accounting Officer	2018-06-29
0001669191-18-000434	2	Alex Melehy	Principal Financial Officer	2018-06-29
0001752095-18-000001	1	Shad Morris	Chief Executive Officer	2018-10-01
0001665160-18-001017	2	Remy J Sedlmayr	Principal Accounting Officer	2018-10-01
0001665160-18-001017	1	Steven R Sedlmayr	CEO, Principal Executive Officer and Director and Principal Financial Officer	2018-10-01
0001669191-18-000431	4	Maureen Lloren	Board Member	2018-05-14
0001669191-18-000431	2	Ned Sedlak	Principal Financial Officer	2018-05-14
0001669191-18-000431	1	Maureen Lloren	Principal Executive Officer	2018-05-14
0001669191-18-000431	3	Mike Beck	Principal Accounting Officer	2018-05-14
0001665160-18-001016	1	Joseph Pitluck	CEO, Principal Executive Officer and Director, Principal Financial Officer and Principal Accounting Officer	2018-10-01
0001669191-18-000429	1	Andrew  Weinberger	Principal Executive Officer	2018-06-13
0001669191-18-000429	2	Andrew  Weinberger	Principal Financial Officer	2018-06-13
0001669191-18-000429	3	Andrew  Weinberger	Principal Accounting Officer	2018-06-13
0001669191-18-000429	4	Andrew  Weinberger	Board Member	2018-06-13
0001750307-18-000004	1	Jeffrey Villwock	CEO, Community Redevelopment Fund, Inc., Manager	2018-10-01
0001635926-18-000008	1	Sunny Washington	CEO and Co-founder	2018-10-01
0001635926-18-000008	2	Peter Platzer	Director	2018-10-01
0001750307-18-000003	1	Gregory Reaves	Managing member of Manager, Mosaic Development Partners, LLC	2018-10-01
0001665160-18-001015	1	Russell Thomas	CEO, Principal Executive Officer and Director, Principal Financial Officer and Principal Accounting Officer	2018-09-28
0001675481-18-000004	2	Allison Kenny	Director	2018-09-07
0001675481-18-000004	1	Lynn Johnson	CEO, CFO, Director	2018-09-07
0001717111-18-000002	3	Molly Madden	Director, CFO	2018-08-31
0001717111-18-000002	2	Stephen Rye Switzer	Director	2018-09-07
0001670254-18-000465	1	Marlo Giudice	Founder and CEO	2018-09-28
0001717111-18-000002	1	Stephanie Sprinkle	Director	2018-09-07
