ACCESSION_NUMBER	ID	PERSONSIGNATURE	PERSONTITLE	SIGNATUREDATE
0001734991-19-000001	1	Zebulon Bartels	Owner	2019-03-29
0001743601-19-000001	1	Darren V. Walker	CEO	2019-03-29
0001666102-19-000008	1	Jay Noland	Chief Executive Officer	2019-03-29
0001665160-19-000315	1	Ganga Bathula	CEO, Principal Executive Officer and Director, Principal Financial Officer and Principal Accounting Officer	2019-03-29
0001665160-19-000314	2	Ibrahima Diallo	COO, Principal Financial Officer, and Principal Accounting Officer	2019-03-29
0001665160-19-000314	1	Mohammed Diallo	CEO, Principal Executive Officer, and Director	2019-03-29
0001665160-19-000314	3	Mohammed Diallo	CEO, Principal Executive Officer, and Director	2019-03-29
0001665160-19-000313	2	Christopher Bantoft	Principal Financial Officer, Principal Accounting Officer and Manager	2019-03-29
0001665160-19-000313	1	Anthony Horovitz	CEO, Principal Executive Officer and Manager	2019-03-29
0001765252-19-000002	1	Neil Biafore	CEO	2019-03-29
0001665160-19-000311	1	Steve Y. Chung	CEO, Manager, Principal Financial Officer, Principal Accounting Officer	2019-03-28
0001665160-19-000311	2	Prasad Kothapalli	Director	2019-03-28
0001670254-19-000157	1	Joseph Kelly	Director	2019-03-27
0001669191-19-000107	1	Karin Crawford	Principal Executive Officer	2018-09-21
0001669191-19-000107	4	Karin Crawford	Board Member	2018-09-21
0001669191-19-000107	2	Karin Crawford	Principal Financial Officer	2018-09-21
0001669191-19-000107	3	Karin Crawford	Principal Accounting Officer	2018-09-21
0001669191-19-000105	5	Craig Bouchard	Board Member	2019-01-23
0001669191-19-000105	7	Christopher Schuh	Board Member	2019-01-23
0001669191-19-000105	4	Norton Schwartz	Board Member	2019-01-23
0001669191-19-000105	3	Johanne Medina	Principal Accounting Officer	2019-01-23
0001669191-19-000105	2	Julio Ramirez	Principal Financial Officer	2019-01-23
0001669191-19-000105	1	Craig Bouchard	Principal Executive Officer	2019-01-23
0001669191-19-000105	6	John  Preston	Board Member	2019-01-23
0001666102-19-000007	1	Nathan S Zeleznick	Chief Executive Officer	2019-03-28
0001665160-19-000308	1	Paul Hobbs	CEO, Principal Executive Officer and Director	2019-03-27
0001665160-19-000308	2	Vernon Turner	Principal Financial Officer and Principal Accounting Officer and Director	2019-03-27
0001670254-19-000151	1	Dana Bushouse	Cider Boss	2019-03-27
0001670254-19-000154	1	Richard Bronson	CEO	2019-03-18
0001665160-19-000306	1	Taegon Lee	CEO, Principal Executive Officer and Director, Principal Financial Officer and Principal Accounting Officer	2019-03-27
0001670254-19-000147	2	Richard Yanda	President	2019-03-16
0001670254-19-000147	1	Mark J Stephenson	Director	2019-03-21
0001670254-19-000144	2	Richard Samuel	Adviser	2019-03-15
0001670254-19-000144	3	George Baah	Founder & President	2019-03-15
0001670254-19-000144	1	Heidi	Baah	2019-03-15
0001665160-19-000304	1	Aleksei Ostanin	CEO, Director, Principal Executive Officer, Principal Financial Officer and Principal Accounting Officer	2019-03-27
0001755490-19-000002	1	Benjamin Berg	President	2019-03-26
0001670254-19-000140	1	Josh Hare	Founder & President	2018-04-28
0001742010-19-000001	1	Jennifer Absinthia Vermut	Manager and Sole Member	2019-03-26
0001670254-19-000139	3	Yannis Moati	CEO and Co-Founder	2019-03-21
0001670254-19-000139	2	Tony	CFO	2019-03-21
0001670254-19-000139	1	Eddy Kaljic	COO	2019-03-21
0001670254-19-000135	1	Chai Mishra	CEO	2019-03-14
0001665160-19-000299	1	Dr. Jeffrey Vinokur	Founder, CEO, Principal Financial Officer, Principal Accounting Officer, Director	2019-03-25
0001752130-19-000002	2	Christopher Sealey	President & Director	2019-03-25
0001752130-19-000002	1	Andrew Hoppin	CEO & Director	2019-03-25
0001665160-19-000299	2	Eric S. Rollman	Co-Founder, President, CCO, Director	2019-03-25
0001665160-19-000296	1	Anup Desai	CEO, Principal Executive Officer, Director, Principal Financial Officer and Principal Accounting Officer	2019-03-25
0001731872-19-000001	1	Jeff Stevens	Founder	2018-04-05
0001731872-19-000001	2	Genevieve Barlow	Co-Founder	2018-04-05
0001665160-19-000295	1	Richard J. Temple	CEO, Principal Executive Officer and Director, Principal Financial Officer and Principal Accounting Officer	2019-03-25
0001665160-19-000294	2	Ronald Miller	Director and Chairman	2019-03-25
0001665160-19-000294	1	Howards Marks	Chief Executive Officer, Chief Financial Officer, Chief Accounting Officer and Director	2019-03-25
0001665160-19-000293	1	Jason Giddon	CEO, Principal Executive Officer and Manager, Principal Financial Officer and Principal Accounting Officer	2019-03-25
0001665160-19-000292	2	Lora Shaffer	Director	2019-03-25
0001665160-19-000292	1	Rusty Shaffer	CEO, Director, Principal Executive Officer, Principal Financial Officer and Principal Accounting Officer	2019-03-25
0001670254-19-000133	4	Shawn Ramer	Senior Vice President	2019-03-21
0001670254-19-000133	5	James Schmachtenberger	CEO	2019-03-21
0001670254-19-000133	2	Daniel Schmachtenberger	Chief Strategy Officer	2019-03-22
0001670254-19-000133	1	R. Jordan Hall	Executive Chairman	2019-03-22
0001670254-19-000133	6	Hakan Lindskog	Chief Operating Officer	2019-03-21
0001670254-19-000133	3	Mark How	CRO	2019-03-21
0001670254-19-000127	1	Daniel Schmachtenberger	Chief Strategy Officer	2018-10-12
0001670254-19-000127	2	Jordan Hall	Executive Chairman	2018-10-12
0001670254-19-000127	6	James Schmachtenberger	CEO	2018-10-12
0001670254-19-000127	5	Shawn Ramer	SVP Product Development	2018-10-12
0001670254-19-000127	3	Mark How	Chief Revenue Officer	2018-10-12
0001670254-19-000127	4	Hakan Lindskog	COO	2018-10-12
0001421744-19-000001	2	Antonio Carvalho	Director, CEO & CFO	2019-03-22
0001421744-19-000001	1	Anjun K. Bose	President	2019-03-22
0001421744-19-000001	3	Gordon Ramseier	Director	2019-03-22
0001765300-19-000003	1	Edward Trimble	Chief Executive Officer	2019-03-22
0001739450-19-000003	1	Gabriel Wyner	CEO/Founder	2019-03-22
0001728559-19-000002	1	/s/David Bleznak	Chief Executive Officer, Director	2019-03-22
0001728559-19-000002	2	/s/Adam Bleznak	Director	2019-03-22
0001665160-19-000290	3	Bruce Rossiter	Director	2019-03-22
0001665160-19-000290	8	David Roderick	Director	2019-03-22
0001665160-19-000290	7	Jeffry Gerber, MD	CEO, Principal Executive Officer and Director, Principal Financial Officer and Principal Accounting Officer	2019-03-22
0001665160-19-000290	6	Gary L. German	Director	2019-03-22
0001665160-19-000290	5	Michael Roth	Director, Chairman, and Secretary	2019-03-22
0001665160-19-000290	1	Richard Koffler	CEO, Principal Executive Officer and Director, Principal Financial Officer and Principal Accounting Officer	2019-03-22
0001665160-19-000290	2	Sherron Kittle	Director	2019-03-22
0001665160-19-000290	4	Eric Westman	Director, Chief Medical Officer	2019-03-22
0001670254-19-000123	1	Thomas DeVesto	Como Audio Founder/Designer	2019-03-20
0001665160-19-000289	1	Josef Wojtkow	CEO, Principal Executive Officer and Director, Principal Financial Officer and Principal Accounting Officer	2019-03-22
0001670254-19-000120	3	Rachel Kanaan	Co-founder	2019-03-19
0001670254-19-000120	2	Tarek Kanaan	Co-Founder	2019-03-19
0001670254-19-000120	1	Ikebal S. Gill	Chief Executive Officer	2019-03-19
0001731189-19-000003	1	Adrian Washington	CEO of Manager, Neighborhood Development Co., LLC	2019-03-21
0001731189-19-000002	1	Adrian Washington	CEO of Manager, The Neighborhood Development Company, LLC	2019-03-21
0001669191-19-000103	3	Sebastian Scripps	Board Member	2019-03-05
0001669191-19-000103	4	Daniel Googel	Board Member	2019-03-05
0001669191-19-000103	2	Christopher Sauer	Board Member	2019-03-05
0001669191-19-000103	1	Christopher Sauer	Principal Executive Officer	2019-03-05
0001669191-19-000103	5	Barbara Gollan	Board Member	2019-03-05
0001665160-19-000288	1	Christine H. Callahan	CEO, Principal Executive Officer and Director, Principal Financial Officer and Principal Accounting Officer	2019-03-21
0001665160-19-000287	1	Joshua Montgomery	CEO, Principal Executive Officer and Director, Principal Financial Officer and Principal Accounting Officer	2019-03-21
0001763661-19-000005	1	Warren Essey	CEO	2019-03-21
0001761087-19-000002	1	Moses McCall	Co Founder and Sr. Architect	2019-03-21
0001761087-19-000002	2	Fola Awosika	Co Founder and Head of Fitness	2019-03-21
0001665160-19-000286	1	Crystal Knight	CEO, Principal Executive Officer and Manager, Controller and Principal Accounting Officer	2019-03-20
0001767504-19-000001	1	Doug Maxwell	Doug Maxwell, Manager of the Managing Member, S3RD LLC	2019-03-20
0001725124-19-000001	1	Megan Rzezutko	President, CEO	2019-03-20
0001665160-19-000283	1	Emmanuel Umoh	CEO, Principal Executive Officer and Director,Principal Financial Officer and Principal Accounting Officer	2019-03-20
0001593780-19-000001	1	Bill Gross	CE)	2019-03-20
0001735243-19-000002	1	Laura Nettleton	Manager	2019-03-20
0001735243-19-000001	1	Laura Nettleton	Manager	2019-03-20
0001769270-19-000005	1	Tyler Czuczman	Owner	2019-03-20
0001769270-19-000004	1	Vincent Perri	Owner	2019-03-20
0001665160-19-000281	1	Neil H. Rothenberg	CEO, Principal Executive Officer and Director, Principal Financial Officer and Principal Accounting Officer	2019-03-19
0001669191-19-000101	4	Keith  Isaacson	Board Member	2018-12-14
0001669191-19-000101	2	Keith  Isaacson	Principal Financial Officer	2018-12-14
0001669191-19-000101	1	Casey Isaacson	Principal Executive Officer	2018-12-14
0001669191-19-000101	3	Casey Isaacson	Board Member	2018-12-14
0001669191-19-000098	2	Christopher Sauer	Board Member	2019-03-05
0001669191-19-000098	3	Sebastian Scripps	Board Member	2019-03-05
0001669191-19-000098	5	Barbara Gollan	Board Member	2019-03-05
0001669191-19-000098	4	Daniel Googel	Board Member	2019-03-05
0001669191-19-000098	1	Christopher Sauer	Principal Executive Officer	2019-03-05
0001670254-19-000118	4	George Favvas	CEO and Co-founder	2018-12-12
0001670254-19-000118	2	George Favvas	CEO and Co-founder	2019-03-07
0001670254-19-000118	1	Jean-Sebastien Boulanger	CTO	2019-03-07
0001670254-19-000118	3	Jean-Sebastien Boulanger	CTO and Co-founder	2018-12-13
0001670254-19-000116	1	Clinton Potter	Co-Founder & COO	2019-03-18
0001670254-19-000116	2	Tim Obert	Co-Founder & CEO	2019-03-18
0001665160-19-000278	1	Steven R Sedlmayr	CEO, Principal Executive Officer and Director and Principal Financial Officer	2019-03-19
0001665160-19-000278	2	Remy J Sedlmayr	Principal Accounting Officer	2019-03-19
0001770023-19-000001	2	Siri Chakka	Manager	2019-03-19
0001770023-19-000001	1	Silva Gentchev	Manager	2019-03-19
0001765325-19-000003	1	Jonathan Griffin	Co-Founder	2019-03-19
0001765325-19-000003	2	Abigail O'Leary	Co-Founder	2019-03-19
0001665160-19-000276	1	Richard J. Temple	CEO, Principal Executive Officer and Director, Principal Financial Officer and Principal Accounting Officer	2019-03-18
0001695816-19-000005	1	Andrew Klein	CFO	2019-03-18
0001695816-19-000005	2	Nik Talreja	Board Member	2019-03-18
0001695816-19-000005	3	Andrew Karuza	CEO	2019-03-18
0001771010-19-000001	1	Jonathon Nikolas Woods	CEO, issuer, principal executive officer, principal financial officer, controller, and principal accounting officer	2019-03-18
0001743861-19-000003	1	Michael Hiles	CEO	2019-03-18
0001743861-19-000003	2	Rob Slater	COO	2019-03-18
0001743861-19-000003	3	John Bentley II	CTO	2019-03-18
0001665160-19-000273	1	Aja Atwood	CEO, Principal Executive Officer and Manager, Principal Financial Officer and Principal Accounting Officer	2019-03-18
0001665160-19-000270	1	Aleksei Ostanin	CEO, Director, Principal Executive Officer, Principal Financial Officer and Principal Accounting Officer	2019-03-18
0001665160-19-000267	1	Clifford Smith	CEO, Principal Executive Officer and Director, Principal Financial Officer and Principal Accounting Officer	2019-03-18
0001754146-19-000001	1	Erik Holmberg	Manager of Manager, Alanson's Development, LLC	2019-03-18
0001760318-19-000003	1	Dillon Auxier	CEO	2019-03-15
0001759125-19-000004	2	Kenneth J. Manning	CEO	2019-03-15
0001759125-19-000004	1	Caleb Morairty	Treasurer and Director	2019-03-15
0001763661-19-000004	1	Warren Essey	CEO	2019-03-15
0001665160-19-000266	1	Clinton Osborn	CEO, Principal Executive Officer and Manager, Principal Financial Officer and Principal Accounting Officer	2019-03-15
0001670254-19-000113	2	David R Bradford	Chief Executive Officer	2019-03-14
0001670254-19-000113	1	Linda Marie Bradford	Founder/CPO	2019-03-14
0001670254-19-000112	1	Madeline Alcott	Co-CEO	2019-03-06
0001670254-19-000112	2	Ryan Miner	Co-CEO	2019-03-06
0001665160-19-000265	1	Dawn Dickson	CEO, Principal Executive Officer and Director, Principal Financial Officer and Principal Accounting Officer	2019-03-15
0001765315-19-000003	2	Roy Bene	CEO	2019-03-15
0001765315-19-000003	1	David Bowie	President	2019-03-15
0001668287-19-000006	1	JOY CRUZ	Owner	2019-03-15
0001670254-19-000110	2	Maceo Greenberg	Writer/Director	2019-03-11
0001670254-19-000110	1	Maceo Greenberg	Writer/Director	2019-03-11
0001669191-19-000094	3	Mike Beck	Principal Accounting Officer	2018-05-14
0001669191-19-000094	2	Ned Sedlak	Principal Financial Officer	2018-05-14
0001669191-19-000094	1	Maureen Lloren	Principal Executive Officer	2018-05-14
0001669191-19-000094	4	Maureen Lloren	Board Member	2018-05-14
0001769638-19-000001	1	Tyler Czuczman	Owner	2019-03-14
0001754712-19-000002	2	R. Mitchell Hindman	President & Chief Operating Officer	2018-10-18
0001754712-19-000002	1	Edward A. Stoltenberg	Chief Financial Officer	2018-10-18
0001754712-19-000002	3	David B. Park	Chief Executive Officer & Chief Technical Officer	2018-10-18
0001665160-19-000264	1	Mark Daniel Farb	CEO, Principal Executive Officer and Director, Principal Financial Officer and Principal Accounting Officer	2019-03-14
0001669191-19-000091	1	Christopher Sauer	Principal Executive Officer	2019-03-05
0001669191-19-000091	2	Abbey Manders	Principal Financial Officer	2019-03-05
0001669191-19-000091	3	Abbey Manders	Principal Accounting Officer	2019-03-05
0001669191-19-000091	4	Christopher Sauer	Board Member	2019-03-05
0001669191-19-000091	5	Sebastian Scripps	Board Member	2019-03-05
0001669191-19-000091	6	Daniel Googel	Board Member	2019-03-05
0001669191-19-000091	7	Barbara Gollan	Board Member	2019-03-05
0001670254-19-000105	2	Brent Schulkin	CEO	2019-03-08
0001670254-19-000105	1	Michael Durand	Founder and board member	2019-03-08
0001758255-19-000004	1	Mario E. Passalacqua	Corporate Secretary & Director	2019-03-13
0001758255-19-000004	2	Margaret J. Cross	Vice President, Treasurer & Director	2019-03-13
0001758255-19-000004	3	Catherine A. Cowen	Chair of Board of Directors	2019-03-13
0001758255-19-000004	4	Dana Murdock	President & Director	2019-03-13
0001670254-19-000103	1	Mark DeJarnatt	Cto	2019-03-06
0001670254-19-000103	2	Sam Lillie	Founder/CEO	2019-03-05
0001765585-19-000004	1	Ashley Kohl	Owner	2019-03-12
0001769270-19-000003	1	Vincent Perri	Owner	2019-03-12
0001669191-19-000088	2	Ned Sedlak	Principal Financial Officer	2018-05-14
0001669191-19-000088	1	Maureen Lloren	Principal Executive Officer	2018-05-14
0001669191-19-000088	4	Maureen Lloren	Board Member	2018-05-14
0001669191-19-000088	3	Mike Beck	Principal Accounting Officer	2018-05-14
0001759348-19-000005	1	Alex Edson	Managing Member	2019-03-12
0001668287-19-000003	1	John Paul Campa	Owner	2019-03-11
0001665160-19-000263	1	Mamta Sonwalkar	CEO, Principal Executive Officer, Director, Principal Financial Officer and Principal Accounting Officer	2019-03-11
0001665160-19-000262	1	Chris Kolodziejski	CEO, Principal Executive Officer and Manager, Principal Financial Officer and Principal Accounting Officer	2019-03-11
0001665160-19-000261	1	David Smooke	CEO, Principal Executive Officer and Director, Principal Financial Officer and Principal Accounting Officer	2019-03-11
0001665160-19-000260	2	Chris Pratola	Managing Member, Principal Accounting Officer	2019-03-11
0001665160-19-000260	1	Joselito Seldera	Managing Member, Principal Executive Officer, Principal Financial Officer	2019-03-11
0001762000-19-000003	1	Moritz Waldstein Wartenberg	Director	2019-03-11
0001669191-19-000085	7	Chris Anderson	Board Member	2019-03-05
0001669191-19-000085	5	Shad Azimi	Board Member	2019-03-05
0001669191-19-000085	4	John Preston	Board Member	2019-03-06
0001669191-19-000085	3	Chris Anderson	Principal Accounting Officer	2019-03-05
0001669191-19-000085	2	Chris Anderson	Principal Financial Officer	2019-03-05
0001669191-19-000085	1	Chris Anderson	Principal Executive Officer	2019-03-05
0001669191-19-000085	6	Roger  Berry	Board Member	2019-03-05
0001669191-19-000082	2	Ansgar Strother	Principal Financial Officer	2018-12-11
0001669191-19-000082	5	Adam Jakiela	Board Member	2018-12-11
0001669191-19-000082	4	Ansgar Strother	Board Member	2018-12-11
0001669191-19-000082	3	Ansgar Strother	Principal Accounting Officer	2018-12-11
0001669191-19-000082	1	Ansgar Strother	Principal Executive Officer	2018-12-11
0001669191-19-000080	5	James Canova	Board Member	2018-11-28
0001669191-19-000080	1	James Canova	Principal Executive Officer	2018-11-28
0001669191-19-000080	2	Valerie  Canova	Principal Financial Officer	2018-11-28
0001669191-19-000080	3	James Canova	Principal Accounting Officer	2018-11-28
0001669191-19-000080	4	Valerie  Canova	Board Member	2018-11-28
0001758128-19-000001	2	Vincent Benedetto	Manager	2019-03-08
0001758128-19-000001	1	Rafael Alvarez	Manager	2019-03-08
0001767319-19-000001	1	Alex Aleksandrovski	CEO	2019-03-08
0001665160-19-000259	1	Don Bielak	CEO, Principal Executive Officer and Manager,Principal Financial Officer and Principal Accounting Officer	2019-03-08
0001769270-19-000001	1	Vincent Perri	Owner	2019-03-08
0001665160-19-000258	2	Christopher M. Carsten	Principal Financial Officer, Principal Accounting Officer, Manager, Head of Operations and Strategy	2019-03-08
0001665160-19-000258	1	Christoper R. Lawrence	CEO, Manager, Head of Business Development and Marketing	2019-03-08
0001762574-19-000001	1	Alfred Steiof	Director	2019-03-08
0001762574-19-000001	2	Andreas Schemm	Director	2019-03-08
0001669191-19-000078	2	Ryan Meduna-Gee	Principal Financial Officer	2018-10-09
0001669191-19-000078	3	Ryan Meduna-Gee	Principal Accounting Officer	2018-10-09
0001669191-19-000078	5	Dagan Mishoulam	Board Member	2018-10-09
0001669191-19-000078	4	Ryan Meduna-Gee	Board Member	2018-10-09
0001669191-19-000078	1	Dagan Mishoulam	Principal Executive Officer	2018-10-09
0001765748-19-000005	2	Lisa Barlow	Member	2019-03-07
0001728559-19-000001	2	/s/Adam Bleznak	Director	2019-03-07
0001728559-19-000001	1	/s/David Bleznak	Chief Executive Officer, Director	2019-03-07
0001765748-19-000005	1	John Barlow	Member	2019-03-07
0001665160-19-000256	1	David M. Michonski	CEO, Principal Executive Officer and Director	2019-03-07
0001665160-19-000256	2	Linda D. Michonski	Director	2019-03-07
0001665160-19-000256	3	Edward Giardina	Principal Financial Officer, Principal Accounting Officer, and Director	2019-03-07
0001665160-19-000252	1	Dan Abbate	CEO, Principal Executive Officer and Director, Principal Financial Officer and Principal Accounting Officer	2019-03-07
0001736283-19-000007	1	Connor Young	Director	2019-03-07
0001665160-19-000249	2	Julie Powell	Manager	2019-03-07
0001665160-19-000249	1	Andy Powell	CEO, Principal Executive Officer and Manager, Principal Financial Officer and Principal Accounting Officer	2019-03-07
0001759125-19-000003	3	Jeff Wolfe	Director	2019-03-07
0001759125-19-000003	1	Caleb Morairty	Treasurer and Director	2019-03-07
0001759125-19-000003	2	Kenneth J. Manning	CEO	2019-03-07
0001758188-19-000001	1	Kelsey Redwine	President	2019-03-06
0001670254-19-000099	1	Gabriela Trueba	Founder and CEO	2019-03-04
0001670254-19-000096	2	Sheila R. W. Copeland	VP Government Licensing and Organizations	2018-11-28
0001665160-19-000245	1	Patrick Mac Gillis	CEO, Principal Executive Officer and Director, Principal Financial Officer and Principal Accounting Officer	2019-03-05
0001670254-19-000096	1	George Tootle	VP of National Sales and Marketing Rep	2018-11-28
0001670254-19-000096	3	Vanessa Braxton	CEO & President	2018-11-28
0001756797-19-000001	1	Nathan McNiff	Owner	2019-03-05
0001756904-19-000001	2	Robert MacLean	Owner/Co-Founder	2019-03-05
0001756904-19-000001	1	Shane Clyburn	Owner/Co-Founder	2019-03-05
0001769004-19-000001	1	David Shor	Sole Member	2019-03-05
0001766440-19-000005	1	Clark Pope	Owner	2019-03-05
0001665160-19-000243	1	J. Garrett Green	CEO, Principal Executive Officer and Director, Principal Financial Officer and Principal Accounting Officer	2019-03-05
0001752109-19-000001	1	Ena Jones	President/CEO	2019-03-05
0001757431-19-000002	1	FRANCINE ANDERSON	PRESIDENT/CEO	2019-03-05
0001767606-19-000002	1	Michael Varner	CEO	2019-03-04
0001765748-19-000004	2	Lisa Barlow	Member	2019-03-04
0001765748-19-000004	1	John Barlow	Member	2019-03-04
0001665160-19-000242	2	Craig King	Executive Vice President and Director	2019-03-04
0001665160-19-000242	1	Jennifer King	CEO, Principle Executive Officer, Principle Financial Officer and Director	2019-03-04
0001708142-19-000006	1	/s/Stephen King	President	2019-03-04
0001760520-19-000004	1	HAL WENDEL	FOUNDER/CEO	2019-03-04
0001768551-19-000002	1	Kim Bianca Williams	Manager of Manager, Urban Synergy in Action, LLC	2019-03-04
0001759348-19-000004	1	Alex Edson	Managing Member	2019-03-04
0001670254-19-000087	3	Matthieu Jost	CEO	2019-02-28
0001670254-19-000087	2	Marc Dedonder	CCO	2019-02-28
0001670254-19-000089	1	Tory Pratt	Founder	2019-02-28
0001670254-19-000087	1	Francois de Landes de Saint Palais d Aussac	COO	2019-02-28
0001709628-19-000002	1	/s/ S. Richard Bentley	CEO	2019-03-01
0001709628-19-000002	2	/s/ Elizabeth Fetter	Director	2019-03-01
0001759945-19-000001	1	Craig DuAlba	CTO	2019-03-01
0001759945-19-000001	2	Les DuAlba	CEO	2019-03-01
0001665160-19-000240	1	Kendell Lang	CEO, Principal Executive Officer, Director, Principal Financial Officer and Principal Accounting Officer	2019-03-01
0001760318-19-000002	1	Dillon Auxier	CEO	2019-03-01
0001768510-19-000001	1	Dan Abenhaim	Business Director, issuer, principal executive officer, principal financial officer, controller, and principal accounting officer	2019-03-01
0001760272-19-000003	1	Carole Murphy	Director and CFO	2019-02-28
0001766521-19-000001	3	/s/Larry Deville	Chief Operating Officer	2019-03-01
0001766521-19-000001	1	/s/Philip Shen	Chief Executive Officer	2019-03-01
0001766521-19-000001	2	/s/Philip Shen	Chief Executive Officer of PYS Associates, LLC, its Manager	2019-03-01
0001665160-19-000236	1	Habib Bahari	CEO, Principal Executive Officer and Director, Principal Financial Officer and Principal Accounting Officer	2019-02-28
0001669191-19-000076	5	David Moran	Board Member	2019-02-26
0001669191-19-000076	6	Christopher Moran	Board Member	2019-02-26
0001669191-19-000076	4	David Gordon	Board Member	2019-02-26
0001669191-19-000076	3	David Moran	Principal Accounting Officer	2019-02-26
0001669191-19-000076	2	David Gordon	Principal Financial Officer	2019-02-26
0001669191-19-000076	1	Christopher Moran	Principal Executive Officer	2019-02-26
0001665160-19-000234	1	George B. Brown	CEO, Principal Executive Officer and Director, Principal Financial Officer and Principal Accounting Officer	2019-02-28
0001665160-19-000233	2	Richard Sherman	COO, Principal Financial Officer, Principal Accounting Officer, and Director	2019-02-28
0001665160-19-000233	1	Alaxander Villmann	CEO, Principal Executive Officer and Director	2019-02-28
0001760049-19-000001	1	Sukhbat Lkhagvadorj	CFO	2019-02-28
0001665160-19-000231	3	Anne Kania	Executive Vice President, Director, Treasurer, Principal Accounting Officer, and Principal Financial Officer	2019-02-28
0001665160-19-000231	1	Bruce Kania	Chief Executive Officer, Principal Executive Officer, Director	2019-02-28
0001665160-19-000231	2	Alicia Pettys	Director	2019-02-28
0001669191-19-000074	5	James Canova	Board Member	2018-11-28
0001669191-19-000074	1	James Canova	Principal Executive Officer	2018-11-28
0001669191-19-000074	2	Valerie  Canova	Principal Financial Officer	2018-11-28
0001669191-19-000074	3	James Canova	Principal Accounting Officer	2018-11-28
0001669191-19-000074	4	Valerie  Canova	Board Member	2018-11-28
0001665160-19-000228	1	Andrew Anderson	CEO, Principal Executive Officer and Director, Principal Financial Officer and Principal Accounting Officer	2019-02-27
0001666102-19-000006	1	Jay Noland	Chief Executive Officer	2019-02-26
0001669191-19-000072	1	Steven Coen	Principal Executive Officer	2018-10-04
0001669191-19-000072	2	Steven Coen	Principal Financial Officer	2018-10-04
0001669191-19-000072	3	Steven Coen	Principal Accounting Officer	2018-10-04
0001669191-19-000072	4	Steven Coen	Board Member	2018-10-04
0001766595-19-000001	1	Louis Kampi	Owner	2019-02-27
0001669191-19-000069	6	Christopher Moran	Board Member	2019-02-26
0001669191-19-000069	1	Christopher Moran	Principal Executive Officer	2019-02-26
0001669191-19-000069	2	David Gordon	Principal Financial Officer	2019-02-26
0001669191-19-000069	3	David Moran	Principal Accounting Officer	2019-02-26
0001669191-19-000069	4	David Gordon	Board Member	2019-02-26
0001669191-19-000069	5	David Moran	Board Member	2019-02-26
0001665160-19-000225	1	Linda Farquhar	CEO, Principal Executive Officer and Manager, Principal Financial Officer and Principal Accounting Officer	2019-02-26
0001665160-19-000223	1	Ralph Askar	CEO and President	2019-02-26
0001665160-19-000223	2	John C Tillger	CFO, Principal Account officer, and Director	2019-02-26
0001665160-19-000223	3	Christian Collucci	Exec VP and Director	2019-02-26
0001665160-19-000223	4	Danny Lyon	Exec VP and Director	2019-02-26
0001765585-19-000003	1	Ashley Kohl	Owner	2019-02-26
0001665160-19-000220	1	Adnan Malik	CEO, Director, Principal Executive Officer, Principal Financial Officer and Principal Accounting Officer	2019-02-26
0001665160-19-000217	1	Marcus Laun	CEO, Principal Executive Officer and Director, Principal Financial Officer and Principal Accounting Officer	2019-02-26
0001665160-19-000216	1	James Tagg	CEO, Principal Executive Officer and Director, Principal Financial Officer and Principal Accounting Officer	2019-02-26
0001665160-19-000216	2	Dr. Edward Guy III	Director and Secretary	2019-02-26
0001665160-19-000216	3	Dr. Erik Viirr MD PHD	Director	2019-02-26
0001665160-19-000216	4	Manju Kesani	Director	2019-02-26
0001666102-19-000005	1	Terri Arthur	Owner & CEO	2019-02-26
0001757098-19-000001	1	Mayank Agrawal	CEO	2019-02-25
0001758255-19-000003	3	Catherine A. Cowen	Chair of Board of Directors	2019-02-25
0001758255-19-000003	4	Dana Murdock	President & Director	2019-02-25
0001758255-19-000003	2	Margaret J. Cross	Vice President, Treasurer & Director	2019-02-25
0001758255-19-000003	1	Mario E. Passalacqua	Corporate Secretary & Director	2019-02-25
0001669191-19-000066	1	Lawrence Charles	Principal Executive Officer	2018-11-19
0001669191-19-000066	2	Lawrence Charles	Board Member	2018-11-19
0001670254-19-000085	2	Ivan Hopkinson	Founder	2019-02-21
0001670254-19-000082	1	Kirbi Smith	COO	2019-02-18
0001670254-19-000085	1	Natasha Gatto	CFO	2019-02-22
0001670254-19-000082	2	Lanny Smith	CEO	2019-02-15
0001665160-19-000214	1	Paris Smalls	CEO, Principal Executive Officer and Director, Principal Financial Officer and Principal Accounting Officer	2019-02-22
0001757857-19-000002	1	John Senew	President	2019-02-22
0001754594-19-000001	1	Phi Nguyen	Manager	2019-02-22
0001675481-19-000003	1	Lynn Johnson	CEO, CFO, Director	2019-02-20
0001675481-19-000003	2	Allison Kenny	Director	2019-02-20
0001669191-19-000064	5	John Cammett	Board Member	2018-11-08
0001669191-19-000064	6	Leonard Miller	Board Member	2018-11-08
0001669191-19-000064	7	Brian Kinney	Board Member	2018-11-07
0001669191-19-000064	8	Paul Sinnott	Board Member	2018-11-07
0001669191-19-000064	4	Peter Rogal	Board Member	2018-11-07
0001669191-19-000064	3	Mitchel Sayare	Board Member	2018-11-07
0001669191-19-000064	2	Richard Burtt	Principal Financial Officer	2018-11-07
0001669191-19-000064	1	Richard Burtt	Principal Executive Officer	2018-11-07
0001669191-19-000064	9	Richard Burtt	Board Member	2018-11-07
0001665160-19-000211	2	Brian Catudan	Principal Financial Officer, Principal Accounting Officer	2019-02-22
0001665160-19-000211	1	Ryan Cullins	CEO, Principal Executive Officer, Director	2019-02-22
0001761087-19-000001	2	Fola Awosika	Co Founder and Head of Fitness	2019-02-22
0001761087-19-000001	1	Moses McCall	Co Founder and Sr. Architect	2019-02-22
0001699129-19-000002	1	tarik khribech	president	2019-02-22
0001702498-19-000001	3	Francis Hwang	Director	2019-02-21
0001702498-19-000001	2	Charles Lee	Director	2019-02-21
0001702498-19-000001	1	Daniel Kam	Director	2019-02-21
0001757431-19-000001	1	FRANCINE ANDERSION	President/CEO	2019-02-21
0001670254-19-000081	1	Areo Nazari	CEO	2019-02-18
0001670254-19-000081	2	Kevin Lance	Head of Growth	2019-02-18
0001670254-19-000080	5	John Porter	John Porter	2019-02-12
0001670254-19-000080	3	Thomas Ostrander	Director	2019-02-14
0001670254-19-000080	2	Jonathan Gobble	Board member	2019-02-14
0001670254-19-000080	1	Hans Seezen	CFO	2019-02-15
0001670254-19-000080	6	Stephen Porter	Co-Founder and CEO	2019-02-12
0001670254-19-000080	4	R. Stephen Porter	C-Founder and CEO	2019-02-13
0001670254-19-000078	2	Dave Needham	CEO, Founder	2019-02-20
0001670254-19-000078	1	Steven Easter	Co-Founder, VP Engineering	2019-02-20
0001768621-19-000001	1	Kate Redman	Project Director	2019-02-21
0001768621-19-000001	2	Richard Anderson	Director	2019-02-21
0001768621-19-000001	3	Chris Treter	Director	2019-02-21
0001670254-19-000075	4	Nick Bolitho	Co-Founder	2019-02-05
0001670254-19-000075	3	Jennifer Bolitho	Treasurer/Clerk	2019-02-06
0001670254-19-000075	2	Maximilian Heinegg	Co-Founder	2019-02-06
0001670254-19-000075	1	Maximilian Heinegg	Co-Founder	2019-02-21
0001665160-19-000210	1	Kevin J. Williams	CEO, Principal Executive Officer and Director, Principal Financial Officer and Principal Accounting Officer	2019-02-21
0001765947-19-000002	1	Edward Merriman	President/CEO	2019-02-20
0001691881-19-000001	1	/s/ MJ Cartwright	CEO	2019-02-20
0001669191-19-000062	1	Karl Seck	Principal Executive Officer	2018-11-28
0001669191-19-000062	5	Michael Vevera	Board Member	2018-11-28
0001669191-19-000062	4	Karl Seck	Board Member	2018-11-28
0001669191-19-000062	3	Karl Seck	Principal Accounting Officer	2018-11-28
0001669191-19-000062	2	Michael Vevera	Principal Financial Officer	2018-11-28
0001761153-19-000001	1	Kent Sammons	Owner	2019-02-20
0001761779-19-000001	4	LaShawn McGhee	Director	2019-02-20
0001761779-19-000001	3	Chris Rodriguez	Director	2019-02-20
0001761779-19-000001	1	Damian Pelliccione	Principal Executive Officer and Director	2019-02-20
0001761779-19-000001	2	Alia J. Daniels	Principal financial officer, principal accounting officer, and Director	2019-02-20
0001764876-19-000001	2	Oliver Foley	CFO	2019-02-20
0001764876-19-000001	3	Michael Werle	Board Member	2019-02-20
0001764876-19-000001	1	Vincent Loccisano	CEO	2019-02-20
0001665160-19-000209	1	John Nelson	COO, Principal Financial Officer, Principal Accounting Officer and Managing Member	2019-02-19
0001665160-19-000207	2	Mitchell A. Saltz	Chairman of the Board and Director	2019-02-19
0001665160-19-000207	1	Ronald L. Miller, Jr.	Vice President, CFO, Principal Executive Officer, Principal Financial Officer and Principal Accounting Officer	2019-02-19
0001670254-19-000073	2	Chai Mishra	CEO	2019-02-15
0001665160-19-000209	2	David Chauner	CEO and Managing Member	2019-02-19
0001749548-19-000003	1	Jenn Diesi	Chief Executive Officer, President, Secretary, Chief Financial Officer, Director	2019-02-08
0001670254-19-000073	1	Chai Mishra	CEO	2019-02-15
0001665160-19-000204	1	Michael Winston	CEO, Principal Executive Officer and Director, Principal Financial Officer and Principal Accounting Officer	2019-02-19
0001669191-19-000060	1	Mark Jennings	Principal Executive Officer	2017-11-30
0001669191-19-000060	2	Mark Jennings	Principal Financial Officer	2017-11-30
0001669191-19-000060	3	Mark Jennings	Principal Accounting Officer	2017-11-30
0001669191-19-000060	4	Mark Jennings	Board Member	2017-11-30
0001765507-19-000004	2	John Love	COO	2019-02-19
0001765507-19-000004	1	Maria Cabuquit	CEO	2019-02-19
0001766440-19-000004	1	Clark Pope	Owner	2019-02-19
0001666102-19-000003	1	Edward Armstrong	CEO	2019-02-19
0001670254-19-000071	1	Jill Robbins	Founder/President	2019-02-14
0001670254-19-000067	1	Kurt Charron	President	2019-02-12
0001665160-19-000203	1	Bobby Goldsein	CEO, Principal Executive Officer and Director, Principal Financial Officer and Principal Accounting Officer	2019-02-15
0001768117-19-000001	1	MATTHEW MCPHERSON	OWNER	2019-02-15
0001670254-19-000064	2	Todd Barket	Owner	2019-02-14
0001670254-19-000064	1	Richard Westbrook	Brand Director	2019-02-14
0001665160-19-000200	1	Bobby Goldsein	CEO, Principal Executive Officer and Director, Principal Financial Officer and Principal Accounting Officer	2019-02-15
0001768151-19-000002	1	Sajal Rohatgi	Manager	2019-02-15
0001768151-19-000002	2	Manav Thaker	Manager	2019-02-15
0001665160-19-000198	1	Raghu Bala	CEO, Principal Executive Officer and Director, Principal Financial Officer and Principal Accounting Officer	2019-02-15
0001768151-19-000001	1	Sajal Rohatgi	Manager	2019-02-15
0001768151-19-000001	2	Manav Thaker	Manager	2019-02-15
0001665160-19-000197	1	JD Claridge	CEO, Principal Executive Officer and Director, Principal Financial Officer and Principal Accounting Officer	2019-02-15
0001665160-19-000196	2	Jacqueline Benton	Principal Financial Officer and Principal Accounting Officer	2019-02-15
0001665160-19-000196	1	Peter Lewis	CEO, Principal Executive Officer, and Director	2019-02-15
0001665160-19-000195	1	Maya Parbhoe	CEO, Principal Executive Officer and Director	2019-02-15
0001665160-19-000195	2	Zeenat William	Principal Financial Officer and Principal Accounting Officer	2019-02-15
0001665160-19-000194	1	Matthew Kerle	CEO, Principal Executive Officer and Director	2019-02-15
0001665160-19-000194	2	Colby Schaeffer	Principal Financial Officer and Principal Accounting Officer	2019-02-15
0001669191-19-000058	2	Thomas  Mason	Principal Financial Officer	2018-11-02
0001669191-19-000058	1	Thomas  Mason	Principal Executive Officer	2018-11-02
0001669191-19-000058	3	Thomas  Mason	Principal Accounting Officer	2018-11-02
0001669191-19-000058	4	Thomas  Mason	Board Member	2018-11-02
0001669191-19-000058	5	James Fiske	Board Member	2018-11-03
0001669191-19-000054	10	Richard Burtt	Board Member	2018-11-07
0001669191-19-000054	9	Paul Sinnott	Board Member	2018-11-07
0001669191-19-000054	8	Brian Kinney	Board Member	2018-11-07
0001669191-19-000054	7	Leonard Miller	Board Member	2018-11-08
0001669191-19-000054	4	Mitchel Sayare	Board Member	2018-11-07
0001669191-19-000054	5	Peter Rogal	Board Member	2018-11-07
0001669191-19-000054	6	John Cammett	Board Member	2018-11-08
0001669191-19-000054	1	Richard Burtt	Principal Executive Officer	2018-11-07
0001669191-19-000054	2	Richard Burtt	Principal Financial Officer	2018-11-07
0001669191-19-000054	3	Pamela Lichtenthal	Principal Accounting Officer	2018-11-07
0001666102-19-000001	1	JAI MCFALL	Chief Executive Officer	2019-02-15
0001670254-19-000063	1	Troy Marchand	CFO	2019-02-04
0001670254-19-000063	2	James M Conk	Chief Evangelist	2019-02-04
0001670254-19-000063	3	Jonathan Partlow	CEO	2019-02-04
0001765833-19-000002	2	Christoph Schroeder	Director	2019-02-14
0001765833-19-000002	1	David Edwards	principal executive officer, principal financial officer, principal accounting officer, and Director	2019-02-14
0001669191-19-000052	2	Brian Curcio	Principal Financial Officer	2018-10-09
0001669191-19-000052	3	Brian Curcio	Principal Accounting Officer	2018-10-09
0001669191-19-000052	4	Brian Curcio	Board Member	2018-10-09
0001669191-19-000052	1	Brian Curcio	Principal Executive Officer	2018-10-09
0001665160-19-000192	1	Neeraj Sharma	CEO, Principal Executive Officer, Director, Principal Financial Officer and Principal Accounting Officer	2019-02-14
0001665160-19-000192	2	Shikha Sharma	Director	2019-02-14
0001665160-19-000189	1	Jeffrey D. Rapson	President, Chief Executive Officer, Director, Principal Accounting Officer, and Principal Financial Officer	2019-02-14
0001665160-19-000189	2	Robert W. McAvoy	Founder, Director, Secretary-Treasurer and Majority Controlling Shareholder	2019-02-14
0001665160-19-000186	1	Joseph Daniluk	CEO, Principal Executive Officer and Director, Principal Financial Officer, Secretary, and Principal Accounting Officer	2019-02-14
0001665160-19-000184	2	Jeffrey Foss	Principal Accounting Officer and Principal Financial Officer	2019-02-14
0001665160-19-000184	1	William Foss	CEO, Principal Executive Officer, and Director	2019-02-14
0001760678-19-000001	1	Mark Ganem	Owner	2019-02-14
0001758831-19-000001	1	Morgan Chase	Owner	2019-02-14
0001765833-19-000001	2	Christoph Schroeder	Director	2019-02-13
0001765833-19-000001	1	David Edwards	principal executive officer, principal financial officer, principal accounting officer, and director	2019-02-13
0001755490-19-000001	1	Benjamin Berg	President	2019-02-13
0001665160-19-000178	2	Aike Muller	CEO, Principal Executive Officer, President and Director	2019-02-13
0001665160-19-000178	1	Friso Schmid	CFO, Principal Financial Officer and Principal Accounting Officer	2019-02-13
0001708142-19-000005	1	/s/Stephen King	President	2019-02-13
0001662136-19-000001	1	Lief Larson	CEO, principal executive officer, principal financial officer, controller or principal accounting officer, and majority of the board of directors or persons performing similar functions.	2019-02-12
0001665160-19-000177	1	Vitaly Khusidman	CEO, Principal Executive Officer and Director, Principal Financial Officer and Principal Accounting Officer	2019-02-12
0001708142-19-000004	1	/s/Stephen King	President	2019-02-12
0001665160-19-000175	1	Mark Hanchett	CEO, Principal Executive Officer, Director, Principal Financial Officer and Principal Accounting Officer	2019-02-12
0001665160-19-000174	1	Jason Buterin	CEO and Manager, Principal Executive Officer, Principal Financial Officer and Principal Accounting Officer	2019-02-12
0001665160-19-000173	1	Shawn Findlater	CEO, Principal Executive Officer and Director, Principal Financial Officer and Principal Accounting Officer	2019-02-12
0001665160-19-000172	1	Glyn Caddell	CEO, Principal Executive Officer and Director, Principal Financial Officer and Principal Accounting Officer	2019-02-12
0001665160-19-000171	1	Joshua Paul Christensen	CEO, Principal Executive Officer and Director, Principal Financial Officer and Principal Accounting Officer	2019-02-12
0001670254-19-000062	1	Lakshmi P. Kotra	Director	2019-02-08
0001670254-19-000062	3	Paul Fernyhough	Director	2019-02-07
0001670254-19-000062	4	Stanley Kim	CEO	2019-02-07
0001670254-19-000062	2	Andrew Albertson	Controller	2019-02-07
0001708142-19-000003	1	/s/Stephen King	President	2019-02-12
0001656562-19-000003	5	Charles E. O'Donnell	Director	2019-02-11
0001656562-19-000003	4	Jackie Cuscuna	Director	2019-02-11
0001656562-19-000003	3	Richard Saslaw	Director	2019-02-11
0001656562-19-000003	2	Morgan Johnson	President	2019-02-11
0001656562-19-000003	1	Brian Smith	Chief Executive Officer, Director	2019-02-11
0001656562-19-000003	6	Tom Potter	Director	2019-02-11
0001656562-19-000003	7	Micheal Murphy	Director	2019-02-11
0001708142-19-000002	1	/s/Stephen King	President	2019-02-12
0001617350-19-000001	1	Himanshu Agarwal	Director & Chief Executive Officer	2019-02-12
0001617350-19-000001	2	Hooman Imani	Director and Chief Technology Officer	2019-02-12
0001665160-19-000170	3	Stella Carakasi	Director	2019-02-11
0001665160-19-000170	2	Allan Boutrous	Director	2019-02-11
0001739714-19-000001	1	Anne Chambers	CEO	2019-02-11
0001665160-19-000170	1	Steven Boutrous	Chief Executive Officer, Chief Financial Officer, Chief Accounting Officer, and Director	2019-02-11
0001758255-19-000001	3	Catherine A. Cowen	Chair of Board of Directors	2019-02-11
0001758255-19-000001	2	Margaret J. Cross	Vice President, Treasurer & Director	2019-02-11
0001758255-19-000001	1	Mario E. Passalacqua	Corporate Secretary & Director	2019-02-11
0001758255-19-000001	4	Dana Murdock	President & Director	2019-02-11
0001669191-19-000050	2	Andrew  Weinberger	Principal Financial Officer	2019-02-07
0001669191-19-000050	4	Andrew  Weinberger	Board Member	2019-02-07
0001669191-19-000050	3	Andrew  Weinberger	Principal Accounting Officer	2019-02-07
0001669191-19-000050	1	Andrew  Weinberger	Principal Executive Officer	2019-02-07
0001760318-19-000001	1	Dillon Auxier	CEO	2019-02-11
0001665160-19-000166	1	Peter J. Tezza II	CEO, Principal Executive Officer and Director	2019-02-11
0001665160-19-000166	2	Laura L. Tezza	Director of Operations, Principle Financial Officer and Director and Principal Accounting Officer	2019-02-11
0001767357-19-000001	1	Edward Glicken	CEO	2019-02-11
0001759516-19-000001	1	TIMOTHY KOSTENKO	MANAGING MEMBER	2019-02-11
0001720035-19-000001	2	PATRICIA BUTLER	MANAGER, CEO, TREASURER, AND SECRETARY	2019-02-11
0001720035-19-000001	1	DAVID BUTLER	CHAIRMAN AND MANAGER	2019-02-11
0001656562-19-000002	1	Himanshu Agarwal	Director & Chief Executive Officer	2019-02-11
0001656562-19-000002	2	Hooman Imani	Director and Chief Technology Officer	2019-02-11
0001725567-19-000003	1	Nikolaos Tezapsidis	CEO	2019-02-11
0001698872-19-000002	1	Kurt Charron	President	2019-02-11
0001709628-19-000001	2	Elizabeth Ann Fetter	Director	2019-02-08
0001709628-19-000001	1	S. Richard Bentley	Director	2019-02-08
0001670254-19-000060	1	Jeff Ludwyck	Founder & CEO	2019-02-08
0001761397-19-000001	1	K. Mohan Kumar	Managing Member of Manager	2019-02-08
0001665160-19-000165	1	Michael Winston	CEO, Principal Executive Officer and Director, Principal Financial Officer and Principal Accounting Officer	2019-02-08
0001665160-19-000164	1	Rubin Rodriguez Jr	CEO, Principal Executive Officer and Manager, Principal Financial Officer and Principal Accounting Officer	2019-02-08
0001670254-19-000059	3	Robert Nathanson	CEO	2019-01-14
0001670254-19-000059	2	Teresa LoBue	Board of Directors	2019-01-14
0001670254-19-000059	1	David William Epstein	Chairman of the Board of Directors	2019-01-14
0001670254-19-000057	1	Marlo Giudice	Founder and CEO	2019-01-18
0001669191-19-000048	9	Paul Sinnott	Board Member	2018-11-07
0001669191-19-000048	10	Richard Burtt	Board Member	2018-11-07
0001669191-19-000048	8	Brian Kinney	Board Member	2018-11-07
0001669191-19-000048	7	Leonard Miller	Board Member	2018-11-08
0001669191-19-000048	6	John Cammett	Board Member	2018-11-08
0001669191-19-000048	5	Peter Rogal	Board Member	2018-11-07
0001669191-19-000048	4	Mitchel Sayare	Board Member	2018-11-07
0001669191-19-000048	3	Pamela Lichtenthal	Principal Accounting Officer	2018-11-07
0001669191-19-000048	2	Richard Burtt	Principal Financial Officer	2018-11-07
0001669191-19-000048	1	Richard Burtt	Principal Executive Officer	2018-11-07
0001665160-19-000163	1	Michael Burtov	CEO, Principal Executive Officer and Director, Principal Financial Officer and Principal Accounting Officer	2019-02-08
0001669191-19-000046	5	Michael Johnson	Board Member	2019-01-11
0001669191-19-000046	4	Adrian Haid	Board Member	2019-01-11
0001669191-19-000046	6	Paul Jilek	Board Member	2019-01-11
0001669191-19-000046	3	Paul Jilek	Principal Accounting Officer	2019-01-11
0001669191-19-000046	2	Michael Johnson	Principal Financial Officer	2019-01-11
0001669191-19-000046	1	Adrian Haid	Principal Executive Officer	2019-01-11
0001665160-19-000161	1	Michael Winston	CEO, Principal Executive Officer and Director, Principal Financial Officer and Principal Accounting Officer	2019-02-08
0001695816-19-000003	3	Andrew Karuza	CEO	2019-02-08
0001695816-19-000003	2	Nik Talreja	Board Member	2019-02-08
0001695816-19-000003	1	Andrew Klein	CFO	2019-02-08
0001665160-19-000157	4	Britney D. Hayes	Manager	2019-02-07
0001670254-19-000053	4	Jerry Ropelato	CEO	2019-01-23
0001670254-19-000053	3	Jerry D. Ropelato	CEO	2019-01-23
0001670254-19-000053	2	Lesa May	Controller	2019-01-23
0001670254-19-000053	1	Joey Skinner	COO	2019-01-24
0001670254-19-000055	2	Adam Oxner	Co-founder	2019-01-31
0001670254-19-000055	3	Fares Ksebati	CEO	2019-01-31
0001665160-19-000157	2	Ethel L. Hayes	Principal Financial Officer, Principal Accounting Officer and Director	2019-02-07
0001665160-19-000157	3	Ashley N. Hayes	Manager	2019-02-07
0001670254-19-000055	1	Michael Allon	Co-founder	2019-01-31
0001665160-19-000157	1	Mark B. Hayes	CEO, Principal Executive Officer and Director	2019-02-07
0001670254-19-000050	2	Sean Richards	Secretary	2019-01-30
0001670254-19-000050	5	Joey Parsi	CEO/Founder	2019-01-28
0001670254-19-000050	4	Joey Parsi	CEO	2019-01-30
0001670254-19-000050	3	Joey Parsi	CEO/Founder	2019-01-30
0001670254-19-000050	1	Philip Gay	Co CEO	2019-01-30
0001665160-19-000154	1	Stephanus Vermeulen	CEO, Principal Executive Officer and Director, Principal Financial Officer and Principal Accounting Officer	2019-02-07
0001760453-19-000001	1	Naomi Auth	Owner	2019-02-07
0001670254-19-000047	1	Jeff Gibson	COO	2018-12-07
0001670254-19-000047	3	Erik Franks	CEO	2018-12-06
0001670254-19-000047	2	Jake Teufert	CTO	2018-12-07
0001670254-19-000048	3	Jeff Gibson	COO	2018-12-22
0001670254-19-000048	2	Jacob Teufert	CTO	2018-12-21
0001670254-19-000048	1	Erik Franks	CEO	2018-12-21
0001670254-19-000045	1	Karen Cooper	Member	2019-01-28
0001670254-19-000045	2	Lee Cooper	Founder	2019-01-27
0001670254-19-000044	3	Darnell Jones	Founder / President	2019-01-31
0001670254-19-000044	2	Darnell Ray Jones	Founder / President	2019-01-31
0001670254-19-000044	1	Danyel Surrency Jones	Founder / CEO	2019-01-31
0001670254-19-000042	3	Cayce Rivers	Chief Executive Officer	2018-12-04
0001670254-19-000042	2	Eric Eugene Lowe	Operations Director	2018-12-04
0001670254-19-000042	1	Michael Simmons	Dir of Product Innovation	2018-12-05
0001711652-19-000001	1	/Jim Riley/	CEO	2019-02-06
0001665160-19-000152	1	Kendell Lang	CEO, Principal Executive Officer, Director, Principal Financial Officer and Principal Accounting Officer	2019-02-06
0001665160-19-000149	1	Anup Desai	CEO, Principal Executive Officer, Director, Principal Financial Officer and Principal Accounting Officer	2019-02-06
0001739206-19-000001	1	Patrick Davis Jones	Chief Executive Officer	2019-02-06
0001733434-19-000001	1	Patrick Davis Jones	Chief Executive Officer	2019-02-06
0001753336-19-000001	2	Stephen Warne Ardagh	Treasurer, Director	2019-02-05
0001753336-19-000001	1	Lynda McLean Ronaldson	Director	2019-02-05
0001717111-19-000001	3	Molly Madden	Director, CFO	2019-02-05
0001717111-19-000001	2	Stephen Rye Switzer	Director	2019-02-05
0001717111-19-000001	1	Stephanie Sprinkle	Director	2019-02-05
0001665160-19-000146	1	Lynn Rolle	CEO, Principal Executive Officer, Manager, Principal Financial Officer and Principal Accounting Officer	2019-02-06
0001665160-19-000146	2	Nicholas Tesi	Lynn Rolle	2019-02-06
0001670254-19-000040	1	Giles Hayward	Co-founder & Executive Chairman	2019-01-22
0001756122-19-000001	1	Librado Cerda	CEO	2019-02-06
0001670254-19-000038	1	Michael Simmons	Dir of Product Innovation	2018-12-05
0001765568-19-000002	2	Joey Rodolfo	Director	2019-02-05
0001670254-19-000038	3	Cayce Rivers	Chief Executive Officer	2018-12-04
0001670254-19-000038	2	Eric Eugene Lowe	Operations Director	2018-12-04
0001765568-19-000002	1	Stacy Bennett	Director	2019-02-05
0001766694-19-000002	2	Scott Silverman	CFO and Director	2019-02-05
0001766694-19-000002	3	Antonio Primo	Director	2019-02-05
0001766694-19-000002	1	Matt Wanderer	CEO and Director	2019-02-05
0001766620-19-000002	1	Tyler Lenane	Principal executive officer, Principal financial officer, CEO	2019-02-05
0001766620-19-000002	2	David Rosenberg	Principal executive officer, COO	2019-02-05
0001766440-19-000002	1	Clark Pope	Owner	2019-02-05
0001766620-19-000001	2	David Rosenberg	Principal executive officer, COO	2019-02-04
0001766620-19-000001	1	Tyler Lenane	Principal executive officer, Principal financial officer, CEO	2019-02-04
0001759620-19-000002	1	Tiffany Taylor	FOUNDER & CEO	2019-02-04
0001665160-19-000145	1	David Zinberg	CEO, Principal Executive Officer and Director	2019-02-04
0001665160-19-000145	2	Larry E. Russell	Principal Accounting Officer and Principal Financial Officer	2019-02-04
0001665160-19-000144	1	David Farley	CEO, Principal Executive Officer and Director, Principal Financial Officer and Principal Accounting Officer	2019-02-04
0001665160-19-000143	1	Sally Outlaw	CEO, Principal Executive Officer and Director, Principal Financial Officer and Principal Accounting Officer	2019-02-04
0001665160-19-000143	2	Russell Thomas	CEO, Principal Executive Officer and Director, Principal Financial Officer and Principal Accounting Officer	2019-02-04
0001665160-19-000142	1	Michael Schoening	President, Principal Executive Officer and Director	2019-02-04
0001665160-19-000142	2	Joe Storment	Principle Financial Officer and Principal Accounting Officer	2019-02-04
0001669191-19-000043	4	Tyrre Burks	Board Member	2018-04-30
0001669191-19-000043	3	Chris Pesigan	Principal Accounting Officer	2018-04-30
0001669191-19-000043	2	Chris Pesigan	Principal Financial Officer	2018-04-30
0001669191-19-000043	1	Tyrre Burks	Principal Executive Officer	2018-04-30
0001669191-19-000041	4	Trevor  Castor	Board Member	2018-08-30
0001669191-19-000041	3	James  Falese	Principal Accounting Officer	2018-08-29
0001669191-19-000041	2	James  Falese	Principal Financial Officer	2018-08-29
0001669191-19-000041	1	Trevor  Castor	Principal Executive Officer	2018-08-29
0001656562-19-000001	6	Tom Potter	Director	2019-02-01
0001656562-19-000001	7	Micheal Murphy	Director	2019-02-01
0001656562-19-000001	4	Jackie Cuscuna	Director	2019-02-01
0001656562-19-000001	3	Richard Saslaw	Director of Finance	2019-02-01
0001656562-19-000001	5	Charles E. O'Donnell	Director	2019-02-01
0001656562-19-000001	1	Brian Smith	Chief Executive Officer, Director	2019-02-01
0001765568-19-000001	2	Joey Rodolfo	Director	2019-02-01
0001765568-19-000001	1	Stacy Bennett	Director	2019-02-01
0001656562-19-000001	2	Morgan Johnson	President	2019-02-01
0001749553-19-000001	2	Kai Nortey	Member	2019-02-01
0001749553-19-000001	1	Ernest Nee-Nueh Nortey	Member	2019-02-01
0001766694-19-000001	3	Antonio Primo	President and Director	2019-02-01
0001766694-19-000001	2	Scott Silverman	CFO and Director	2019-02-01
0001766694-19-000001	1	Matt Wanderer	CEO	2019-02-01
0001748490-19-000001	3	Engin Son	Director	2019-02-01
0001748490-19-000001	2	James Hsu	Director	2019-02-01
0001748490-19-000001	1	Wilson Hunter	Director	2019-02-01
0001665160-19-000141	1	Andrew Schlack	CEO, Principal Executive Officer and Director	2019-02-01
0001665160-19-000141	2	Benjamin Anderson	COO, Principal Financial Officer, Principal Accounting Officer, Director	2019-02-01
0001765947-19-000001	1	Edward Merriman	President/CEO	2019-01-31
0001669191-19-000038	5	Michael Johnson	Board Member	2019-01-11
0001669191-19-000038	6	Paul Jilek	Board Member	2019-01-11
0001669191-19-000038	3	Paul Jilek	Principal Accounting Officer	2019-01-11
0001669191-19-000038	2	Michael Johnson	Principal Financial Officer	2019-01-11
0001669191-19-000038	1	Adrian Haid	Principal Executive Officer	2019-01-11
0001669191-19-000038	4	Adrian Haid	Board Member	2019-01-11
0001665160-19-000140	1	Mamta Sonwalkar	CEO, Principal Executive Officer, Director, Principal Financial Officer and Principal Accounting Officer	2019-01-31
0001766440-19-000001	1	Clark Pope	Owner	2019-01-31
0001665160-19-000138	1	Kirsten Nelson	CEO, Principal Executive Officer and Director	2019-01-31
0001665160-19-000138	2	Oren Schindler	Principal Financial Officer and Principal Accounting Officer and Director	2019-01-31
0001665160-19-000135	1	Jonathan Almanzar	CEO, Principal Executive Officer, Manager, Principal Financial Officer and Principal Accounting Officer	2019-01-31
0001765748-19-000003	1	John Barlow	Member	2019-01-31
0001765748-19-000003	2	Lisa Barlow	Member	2019-01-31
0001765300-19-000001	1	Edward Trimble	Chief Executive Officer	2019-01-31
0001743861-19-000002	3	John Bentley II	CTO	2019-01-31
0001743861-19-000002	1	Michael Hiles	CEO	2019-01-31
0001743861-19-000002	2	Rob Slater	COO	2019-01-31
0001763112-19-000001	2	Samuel Parks	Director	2019-01-30
0001763112-19-000001	1	Martin Koch	Director	2019-01-30
0001740883-19-000001	2	Adam Ewing	Head Brewer/CTO	2019-01-30
0001740883-19-000001	1	Richard Ewing	CEO/Founder	2019-01-30
0001763112-19-000001	3	Nirmal Roy	Director	2019-01-30
0001665160-19-000132	1	Jennifer Lapoint	CEO, Principal Executive Officer, Director, Principal Financial Officer and Principal Accounting Officer	2019-01-30
0001665160-19-000128	1	Zack Fleishman	COO, Principal Executive Officer and Director, Principal Financial Officer and Principal Accounting Officer	2019-01-30
0001665160-19-000124	1	Mark Hanchett	CEO, Principal Executive Officer, Director, Principal Financial Officer and Principal Accounting Officer	2019-01-30
0001765315-19-000001	2	Roy Bene	CEO	2019-01-30
0001765315-19-000001	1	David Bowie	President	2019-01-30
0001751443-19-000001	1	Nicole Birch	CEO	2019-01-30
0001765325-19-000001	1	Jonathan Griffin	Co-Founder	2019-01-29
0001765325-19-000001	2	Abigail O'Leary	Co-Founder	2019-01-29
0001665160-19-000123	1	Ahmad M. Yakub	CEO, Principal Executive Officer and Director, Principal Financial Officer and Principal Accounting Officer	2019-01-29
0001665160-19-000120	1	Joe Miele	CEO, Principal Executive Officer and Director	2019-01-29
0001665160-19-000120	2	Mary Mair	Principal Financial Officer and Principal Accounting Officer	2019-01-29
0001765748-19-000001	1	John Barlow	Member	2019-01-29
0001765748-19-000001	2	Lisa Barlow	Member	2019-01-29
0001760170-19-000001	2	Francisco Madero	Director	2019-01-29
0001760170-19-000001	1	Sebastian Madero	Treasurer	2019-01-29
0001760170-19-000001	3	Camila Madero	Manager	2019-01-29
0001665160-19-000117	1	Jeremy Spradlin	CEO, Principal Executive Officer and Manager, Principal Financial Officer and Principal Accounting Officer	2019-01-29
0001644649-19-000005	3	/s/Azita Ardakani	Director	2019-01-29
0001644649-19-000005	2	/s/Miguel Vazquez	Chief Technology Officer, Director	2019-01-29
0001644649-19-000005	1	/s/Joseph Troyen-Schwartz	Director, Chief Executive Officer and Secretary	2019-01-29
0001669191-19-000031	1	Maureen Lloren	Principal Executive Officer	2018-05-14
0001669191-19-000031	3	Mike Beck	Principal Accounting Officer	2018-05-14
0001669191-19-000031	4	Maureen Lloren	Board Member	2018-05-14
0001669191-19-000031	2	Ned Sedlak	Principal Financial Officer	2018-05-14
0001669191-19-000029	6	John A Lawson	Board Member	2018-10-10
0001669191-19-000029	5	Lawrence Toll	Board Member	2018-10-10
0001669191-19-000029	3	Timmy Chou	Principal Accounting Officer	2018-10-10
0001669191-19-000029	2	Timmy Chou	Principal Financial Officer	2018-10-10
0001669191-19-000029	1	William W Crossman	Principal Executive Officer	2018-10-10
0001669191-19-000029	8	William W Crossman	Board Member	2018-10-10
0001669191-19-000029	7	Chris Tew	Board Member	2018-10-10
0001669191-19-000029	4	Timmy Chou	Board Member	2018-10-10
0001644649-19-000004	2	/s/Miguel Vazquez	Chief Technology Officer, Director	2019-01-28
0001644649-19-000004	1	/s/Joseph Troyen-Schwartz	Director, Chief Executive Officer and Secretary	2019-01-28
0001644649-19-000002	3	/s/Azita Ardakani	Director	2019-01-28
0001644649-19-000002	2	/s/Miguel Vazquez	Director and Chief Technology Officer	2019-01-28
0001644649-19-000002	1	/s/Joseph Troyen-Schwartz	Joseph Troyen-Schwartz	2019-01-28
0001644649-19-000004	3	/s/Azita Ardakani	Azita Ardakani	2019-01-28
0001765669-19-000001	1	Russ Davis	CEO/President	2019-01-23
0001729481-19-000001	1	Alexander M. Woods-Leo	CEO, President, Secretary, Treasurer and Director	2019-01-28
0001760272-19-000001	1	Carole Murphy	Director and CFO	2019-01-25
0001665160-19-000114	1	Mohammed Diallo	CEO, Principal Executive Officer, and Director	2019-01-28
0001665160-19-000114	3	Mohammed Diallo	CEO, Principal Executive Officer, and Director	2019-01-28
0001665160-19-000114	2	Ibrahima Diallo	COO, Principal Financial Officer, and Principal Accounting Officer	2019-01-28
0001665160-19-000113	1	Charles Powell	CEO, Principal Executive Officer and Director, Principal Financial Officer and Principal Accounting Officer	2019-01-28
0001665160-19-000112	2	Scott Marchard	CFO and Principal Financial Officer and Principal Accounting Officer	2019-01-28
0001665160-19-000112	1	John R. Humphrey	CEO and Founder, Principal Executive and Director	2019-01-28
0001669191-19-000027	4	Ryan Meduna-Gee	Board Member	2018-10-09
0001669191-19-000027	3	Ryan Meduna-Gee	Principal Accounting Officer	2018-10-09
0001669191-19-000027	2	Ryan Meduna-Gee	Principal Financial Officer	2018-10-09
0001669191-19-000027	1	Dagan Mishoulam	Principal Executive Officer	2018-10-09
0001669191-19-000027	5	Dagan Mishoulam	Board Member	2018-10-09
0001763120-19-000003	1	Joseph Troyen-Schwartz	Director, Chief Executive Officer and Secretary	2019-01-25
0001763120-19-000003	2	Miguel Vazquez	Director and Chief Technology Officer	2019-01-25
0001763120-19-000003	3	Azita Ardakani	Director	2019-01-25
0001736283-19-000006	1	Connor Young	Director	2019-01-25
0001745727-19-000001	1	Taylor Jacobson	Director	2019-01-25
0001665160-19-000110	1	Robert Rogener	CEO, Principal Executive Officer and Director, Principal Financial Officer and Principal Accounting Officer	2019-01-25
0001749548-19-000002	1	Debbie Pfisterer	Director, Treasurer, and CFO	2019-01-25
0001670254-19-000031	4	DAVID WIDMAN	DR	2019-01-24
0001670254-19-000031	3	Anthony Kaul	Chief Operations Officer	2019-01-24
0001670254-19-000031	2	Sandeep (Sonny) S. Kohli	Co-founder & Chief Medical Officer	2019-01-24
0001670254-19-000031	1	Michele	Middlemore	2019-01-25
0001670254-19-000031	5	Robert Kaul	Founder & CEO	2019-01-24
0001749548-19-000001	1	Jenn Diesi	Chief Executive Officer, President, Secretary, Chief Financial Officer, Director	2019-01-25
0001670254-19-000025	3	David Forsberg	CRO	2018-11-02
0001670254-19-000025	4	Jerry Ropelato	CEO	2018-11-02
0001670254-19-000025	2	Joey Skinner	COO	2018-11-02
0001670254-19-000025	1	Lesa May	Controller	2018-11-02
0001669191-19-000025	4	Steven Coen	Board Member	2018-10-04
0001669191-19-000025	2	Steven Coen	Principal Financial Officer	2018-10-04
0001669191-19-000025	1	Steven Coen	Principal Executive Officer	2018-10-04
0001669191-19-000025	3	Steven Coen	Principal Accounting Officer	2018-10-04
0001670254-19-000024	1	Paul Blum	Co-founder/CEO	2019-01-22
0001765585-19-000001	1	Ashley Kohl	Owner	2019-01-24
0001669191-19-000022	3	Johanne Medina	Principal Accounting Officer	2019-01-23
0001669191-19-000022	6	John  Preston	Board Member	2019-01-23
0001669191-19-000022	7	Christopher Schuh	Board Member	2019-01-23
0001669191-19-000022	1	Craig Bouchard	Principal Executive Officer	2019-01-23
0001669191-19-000022	4	Norton Schwartz	Board Member	2019-01-23
0001669191-19-000022	5	Craig Bouchard	Board Member	2019-01-23
0001669191-19-000022	2	Julio Ramirez	Principal Financial Officer	2019-01-23
0001765252-19-000001	1	Neil Biafore	CEO	2019-01-24
0001665160-19-000106	2	Toyosi Azeez	Principal Financial Officer, Principal Accounting Officer	2019-01-24
0001665160-19-000106	1	Tobie Azeez	CEO, Principal Executive Officer and Director	2019-01-24
0001764809-19-000001	1	Bill Jenks	CEO and Director	2019-01-24
0001764809-19-000001	2	Peter Wright	President and Director	2019-01-24
0001665160-19-000103	1	Kendell Lang	CEO, Principal Executive Officer, Director, Principal Financial Officer and Principal Accounting Officer	2019-01-24
0001665160-19-000101	2	Martin Conlon	Director	2019-01-24
0001665160-19-000101	1	Allan Grosvenor	CEO, Principal Executive Officer, Director, Principal Financial Officer and Principal Accounting Officer	2019-01-24
0001665160-19-000099	1	Jason Giddon	CEO, Principal Executive Officer and Manager, Principal Financial Officer and Principal Accounting Officer	2019-01-24
0001756381-19-000001	1	Naresh Mulchandani	Manager	2019-01-24
0001648770-19-000004	1	Amanda Greenberg	Director, President, Secretary, Treasurer	2019-01-24
0001648770-19-000004	2	Noah Bornstein	Director, Chief Technology Officer	2019-01-24
0001758135-19-000001	1	Nicolas Bergengruen	CMO	2019-01-24
0001758135-19-000001	2	Jose Pablo Toscano	CEO	2019-01-24
0001765507-19-000003	2	John Love	COO	2019-01-23
0001765507-19-000003	1	Maria Cabuquit	CEO	2019-01-23
0001765507-19-000001	2	John Love	COO	2019-01-23
0001765507-19-000001	1	Maria Cabuquit	CEO	2019-01-23
0001758964-19-000002	1	Isaac Nabors	Manager	2019-01-23
0001758964-19-000002	2	Derek Waleko	Manager	2019-01-23
0001670254-19-000021	1	James R Hyde	Co - Vice Chair	2019-01-21
0001670254-19-000021	2	Ronald H. Miller	CEO/President,Co Vice Chair	2019-01-21
0001670254-19-000021	3	Glenn Pohs	Director	2019-01-21
0001670254-19-000021	4	Steven Relis	CFO and Treasurer	2019-01-21
0001670254-19-000021	5	steven heller	secretary	2019-01-21
0001670254-19-000021	6	Steve Vanechanos	Executive Chairman of the Board	2019-01-21
0001756092-19-000002	1	Robert Ahn	Managing Member	2019-01-23
0001756092-19-000002	2	Robert Kim	Managing Member	2019-01-23
0001756092-19-000002	3	Richard McCarthy	Operations Manager	2019-01-23
0001756092-19-000001	1	Dominic Moreau	Managing Member	2019-01-23
0001665160-19-000087	1	Shaynea Williams	CEO, Principal Executive Officer and Manager, Principal Financial Officer and Principal Accounting Officer	2019-01-23
0001665160-19-000083	1	Richard Palicka	CEO, Principal Executive Officer and Director, Principal Financial Officer and Principal Accounting Officer	2019-01-22
0001665160-19-000083	2	Michael Hamm	Chairman and Director	2019-01-22
0001736283-19-000005	1	Connor Young	Director	2019-01-17
0001665160-19-000081	7	Jeffry Gerber, MD	CEO, Principal Executive Officer and Director, Principal Financial Officer and Principal Accounting Officer	2019-01-22
0001665160-19-000081	6	Gary L. German	Director	2019-01-22
0001665160-19-000081	5	Michael Roth	Director, Chairman, and Secretary	2019-01-22
0001665160-19-000081	4	Eric Westman	Director, Chief Medical Officer	2019-01-22
0001665160-19-000081	8	David Roderick	Director	2019-01-22
0001665160-19-000081	3	Bruce Rossiter	Director	2019-01-22
0001665160-19-000081	1	Richard Koffler	CEO, Principal Executive Officer and Director, Principal Financial Officer and Principal Accounting Officer	2019-01-22
0001665160-19-000081	2	Sherron Kittle	Director	2019-01-22
0001665160-19-000080	1	Taegon Lee	CEO, Principal Executive Officer and Director, Principal Financial Officer and Principal Accounting Officer	2019-01-22
0001665160-19-000079	3	Kwasi Ansu	Controller and Manager	2019-01-22
0001665160-19-000079	1	Franz Hochstrasser	Principal Executive Officer and Manager	2019-01-22
0001665160-19-000079	2	Matthew Moroney	Principal Financial Officer and Manager	2019-01-22
0001644600-19-000004	1	Howard Marks	Chief Executive Officer, Chief Financial Officer, Chief Accounting Officer and Director	2019-01-22
0001644600-19-000004	2	Ronald Miller	Director and Chairman	2019-01-22
0001665160-19-000078	1	Kirk Maust	CEO, Principal Executive Officer and Manager, Principal Financial Officer and Principal Accounting Officer	2019-01-22
0001736283-19-000002	1	Connor Young	Director	2019-01-17
0001665160-19-000077	1	Chris Lustrino	CEO and Manager, Principal Financial Officer, Principal Accounting Officer	2019-01-22
0001665160-19-000077	2	Cecilia Lenk	Manager	2019-01-22
0001644600-19-000002	2	Ronald Miller	Director and Chairman	2019-01-22
0001644600-19-000002	1	Howard Marks	Chief Executive Officer, Chief Financial Officer, Chief Accounting Officer and Director	2019-01-22
0001743482-19-000002	1	Matt Wilkerson	CEO	2019-01-22
0001743482-19-000002	2	Byron Hsu	President & CTO	2019-01-22
0001751635-19-000001	1	Sona Shah	CEO	2019-01-22
0001751635-19-000001	2	Teresa Cauvel	CTO	2019-01-22
0001670254-19-000013	2	Dean Palin	Partner	2019-01-18
0001670254-19-000013	1	James Frischling	Partner	2019-01-18
0001648770-19-000003	3	Matt Aune	CFO, Director	2019-01-18
0001648770-19-000003	2	Randall Crowder	COO, Director	2019-01-18
0001648770-19-000003	1	Alan Knitowski	CEO, Chairman	2019-01-18
0001670254-19-000013	3	Michael Schatzberg	PARTNER	2019-01-14
0001670254-19-000016	1	Madeline Alcott	Co-CEO, Co-Founder	2018-12-11
0001670254-19-000017	3	Rob Rubens	Founder	2019-01-14
0001670254-19-000017	2	Robert B Rubens	Board Member	2019-01-14
0001670254-19-000017	1	Michael Paolucci	Board Member	2019-01-15
0001665160-19-000075	1	Max Weissberg	CEO, Principal Executive Officer and Manager, Principal Financial Officer and Principal Accounting Officer	2019-01-18
0001648770-19-000002	2	Noah Bornstein	Director, Chief Technology Officer	2019-01-18
0001648770-19-000002	1	Amanda Greenberg	Director, President, Secretary, Treasurer	2019-01-18
0001758964-19-000001	2	Derek Waleko	Manager	2019-01-18
0001758964-19-000001	1	Isaac Nabors	Manager	2019-01-18
0001670254-19-000016	2	Ryan Miner	Co-CEO, Co-Founder	2018-12-11
0001669191-19-000017	3	Karin Crawford	Principal Accounting Officer	2018-09-21
0001669191-19-000017	2	Karin Crawford	Principal Financial Officer	2018-09-21
0001669191-19-000017	1	Karin Crawford	Principal Executive Officer	2018-09-21
0001669191-19-000017	4	Karin Crawford	Board Member	2018-09-21
0001746474-19-000003	2	Sean Marshall	Manager	2019-01-18
0001746474-19-000003	5	Donald Power	Manager	2019-01-18
0001746474-19-000003	4	Deborah Power	Manager	2019-01-18
0001746474-19-000003	3	Michelle Marshall	Manager	2019-01-18
0001746474-19-000003	1	Charles Lusk II	Manager	2019-01-18
0001746474-19-000002	1	Charles Lusk II	Manager	2019-01-18
0001746474-19-000002	4	Deborah Power	Manager	2019-01-18
0001746474-19-000002	5	Donald Power	Manager	2019-01-18
0001746474-19-000002	2	Sean Marshall	Manager	2019-01-18
0001746474-19-000002	3	Michelle Marshall	Manager	2019-01-18
0001739450-19-000001	1	Gabriel Wyner	CEO/Founder	2019-01-18
0001755378-19-000001	1	Nick Bradley	principal executive officer, principal financial officer, principal accounting officer, and director	2019-01-18
0001760655-19-000006	1	Luke Cypher	Owner	2019-01-18
0001740075-19-000001	1	Andreas Roussos	CEO	2019-01-18
0001763661-19-000003	1	Warren Essey	CEO	2019-01-17
0001665160-19-000073	2	Remy J Sedlmayr	Principal Accounting Officer	2019-01-17
0001665160-19-000073	1	Steven R Sedlmayr	CEO, Principal Executive Officer and Director and Principal Financial Officer	2019-01-17
0001670254-19-000011	2	Tony CACCOMO	Secretary	2019-01-10
0001670254-19-000011	1	Scott Albert	President	2019-01-10
0001670254-19-000008	2	Klaus Moeller	Director	2019-01-11
0001670254-19-000008	3	Jeanene Morgan	CFO	2019-01-11
0001736283-19-000001	1	Connor Young	Director	2019-01-16
0001670254-19-000008	1	Michael G Meader	President	2019-01-11
0001670254-19-000007	7	Sheldon Grizzle	President / Vice Chairman	2019-01-15
0001670254-19-000007	1	Daryl Heald	CFC Board	2019-01-16
0001670254-19-000007	2	Sheldon Grizzle	President / Vice Chairman	2019-01-16
0001670254-19-000007	3	Paul Rustand	Treasurer	2019-01-16
0001670254-19-000007	4	Marshall Brock	CFC Board	2019-01-15
0001670254-19-000007	6	Thomas Clark	CFC Board	2019-01-15
0001670254-19-000007	5	Timothy A Kelly	Chairman	2019-01-15
0001746327-19-000001	1	Pete Garbowski	Managing Member	2019-01-16
0001746725-19-000001	1	John C. George	CFO	2019-01-15
0001737242-19-000004	1	Keenan Langlois	Owner	2019-01-15
0001737242-19-000003	1	Chelsea Falcetti	Owner/Co-Founder	2019-01-15
0001737242-19-000003	2	Tiffany Duchesne	Owner/Co-Founder	2019-01-15
0001737242-19-000002	1	Rachel Miller	Owner, NIGHTSHADEPOPUP, LLC	2019-01-15
0001737242-19-000001	2	Alex Corona	Owner/Co-Founder	2019-01-15
0001737242-19-000001	1	Jonathan Gilman	Owner/Co-Founder	2019-01-15
0001763661-19-000001	1	Warren Essey	CEO	2019-01-15
0001665160-19-000072	1	Richard Marino	CEO, Principal Executive Officer and Director, Principal Financial Officer and Principal Accounting Officer	2019-01-15
0001665160-19-000068	1	Mark Daniel Farb	CEO, Principal Executive Officer and Director, Principal Financial Officer and Principal Accounting Officer	2019-01-15
0001665160-19-000067	1	Joshua Montgomery	CEO, Principal Executive Officer and Director, Principal Financial Officer and Principal Accounting Officer	2019-01-14
0001648770-19-000001	2	Noah Bornstein	Director, Chief Technology Officer	2019-01-14
0001648770-19-000001	1	Amanda Greenberg	Director, President, Secretary, Treasurer	2019-01-14
0001665160-19-000065	1	Clinton Osborn	CEO, Principal Executive Officer and Manager, Principal Financial Officer and Principal Accounting Officer	2019-01-14
0001756562-19-000002	1	Kenneth A. Crecelius	Owner	2018-11-08
0001756562-19-000001	1	Kenneth A. Crecelius	Owner	2018-11-08
0001670254-19-000001	3	Eric Butler	COO	2019-01-10
0001670254-19-000001	2	Robert T Ohly	Board Member	2019-01-10
0001670254-19-000001	1	Robert T Ohly	Board Member	2019-01-10
0001743563-19-000002	2	Daniel Goldstein	COO, Director and Secretarr	2019-01-11
0001743563-19-000002	1	Cody Barbo	CEO, Director, President, Chief Financial Officer and Treasurer	2019-01-11
0001670254-19-000004	1	Fathi Abdelsalam	Founder & CEO	2018-12-05
0001670254-19-000001	4	Karin Butler	CEO	2019-01-10
0001760655-19-000005	1	Luke Cypher	Owner	2019-01-10
0001669191-19-000015	1	Dagan Mishoulam	Principal Executive Officer	2018-10-09
0001669191-19-000015	5	Dagan Mishoulam	Board Member	2018-10-09
0001669191-19-000015	3	Ryan Meduna-Gee	Principal Accounting Officer	2018-10-09
0001669191-19-000015	4	Ryan Meduna-Gee	Board Member	2018-10-09
0001669191-19-000015	2	Ryan Meduna-Gee	Principal Financial Officer	2018-10-09
0001759355-19-000008	3	Charlie Walch	CEO, Co-Founder	2019-01-03
0001759355-19-000008	1	Glendon Schuster	CTO, Member, Board of Managers	2019-01-03
0001759355-19-000008	2	Barry Goldman	Science Advisor, Co-Founder	2019-01-03
0001665160-19-000064	1	Nicholas Tesi	Lynn Rolle	2019-01-10
0001675481-19-000002	1	Lynn Johnson	CEO, CFO, Director	2019-01-10
0001675481-19-000002	2	Allison Kenny	Director	2019-01-10
0001754712-19-000001	3	David B. Park	Chief Executive Officer & Chief Technical Officer	2018-10-18
0001754712-19-000001	1	Edward A. Stoltenberg	Chief Financial Officer	2018-10-18
0001754712-19-000001	2	R. Mitchell Hindman	President & Chief Operating Officer	2018-10-18
0001669191-19-000013	2	Lawrence Charles	Board Member	2018-11-19
0001669191-19-000013	1	Lawrence Charles	Principal Executive Officer	2018-11-19
0001665160-19-000061	1	Nicholas Tesi	CEO, Principal Executive Officer, Manager, Principal Financial Officer and Principal Accounting Officer	2019-01-10
0001665160-19-000058	1	Charles Simmons	CEO, Principal Executive Officer and Director, Principal Financial Officer and Principal Accounting Officer	2019-01-10
0001665160-19-000057	1	Don Bielak	CEO, Principal Executive Officer and Manager,Principal Financial Officer and Principal Accounting Officer	2019-01-10
0001665160-19-000056	1	Josef Wojtkow	CEO, Principal Executive Officer and Director, Principal Financial Officer and Principal Accounting Officer	2019-01-10
0001665160-19-000055	1	Carlo Brovero	CEO, Principal Executive Officer and Director, Principal Financial Officer and Principal Accounting Officer	2019-01-10
0001759125-19-000001	3	Jeff Wolfe	Director	2019-01-10
0001759125-19-000001	1	Caleb Morairty	Treasurer and Director	2019-01-10
0001759125-19-000001	2	Kenneth J. Manning	CEO	2019-01-10
0001665160-19-000051	2	Christopher M. Carsten	Principal Financial Officer, Principal Accounting Officer, Manager, Head of Operations and Strategy	2019-01-09
0001665160-19-000051	1	Christoper R. Lawrence	CEO, Manager, Head of Business Development and Marketing	2019-01-09
0001669191-19-000011	1	Dagan Mishoulam	Principal Executive Officer	2018-10-09
0001669191-19-000011	2	Ryan Meduna-Gee	Principal Financial Officer	2018-10-09
0001669191-19-000009	1	Steven Coen	Principal Executive Officer	2018-10-04
0001669191-19-000011	4	Ryan Meduna-Gee	Board Member	2018-10-09
0001669191-19-000011	5	Dagan Mishoulam	Board Member	2018-10-09
0001669191-19-000009	2	Steven Coen	Principal Financial Officer	2018-10-04
0001669191-19-000009	3	Steven Coen	Principal Accounting Officer	2018-10-04
0001669191-19-000009	4	Steven Coen	Board Member	2018-10-04
0001665160-19-000044	1	Kathy Meis	President and CEO, Principal Executive Officer and Director, Principal Financial Officer and Principal Accounting Officer	2019-01-08
0001665160-19-000047	1	Brian Gallagher	CEO, Principal Executive Officer and Director, Principal Financial Officer and Principal Accounting Officer	2019-01-08
0001669191-19-000011	3	Ryan Meduna-Gee	Principal Accounting Officer	2018-10-09
0001665160-19-000041	1	Robert J. Sabharwal	President and CEO, Principal Executive Officer and Director, Principal Financial Officer and Principal Accounting Officer	2019-01-07
0001665160-19-000037	1	Emad Mousavi	CEO, Principal Executive Officer, Director, Principal Financial Officer and Principal Accounting Officer	2019-01-07
0001762000-19-000002	1	Moritz Waldstein Wartenberg	Director	2019-01-07
0001665160-19-000033	2	Xiaogu Yang	Marketing Director	2019-01-07
0001665160-19-000033	1	Binglin Zhong	CEO, Principle financial officer, Principle Accounting Officer	2019-01-07
0001665160-19-000031	1	J. Garrett Green	CEO, Principal Executive Officer and Director, Principal Financial Officer and Principal Accounting Officer	2019-01-07
0001760520-19-000002	1	Hal Wendel	CEO	2019-01-07
0001665160-19-000029	2	David Sastry	Director, Principal Financial Officer, Principal Accounting Officer	2019-01-07
0001665160-19-000029	1	Paul Moller	CEO, Principal Executive Officer	2019-01-07
0001665160-19-000028	1	Emmanuel Umoh	CEO, Principal Executive Officer and Director,Principal Financial Officer and Principal Accounting Officer	2019-01-07
0001665160-19-000027	1	Ryan Koch	CEO, Principal Executive Officer and Director and Principal Financial Officer and Principal Accounting Officer	2019-01-07
0001665160-19-000026	1	Mamta Sonwalkar	CEO, Principal Executive Officer and Director, Principal Financial Officer and Principal Accounting Officer	2019-01-07
0001760505-19-000002	1	Kevin Cope	President	2019-01-07
0001762000-19-000001	1	Moritz Waldstein Wartenberg	Director	2019-01-07
0001665160-19-000024	2	Laura L. Tezza	Director of Operations, Principle Financial Officer and Director and Principal Accounting Officer	2019-01-04
0001665160-19-000024	1	Peter J. Tezza II	CEO, Principal Executive Officer and Director	2019-01-04
0001669191-19-000007	3	Mark Jennings	Principal Accounting Officer	2017-11-30
0001669191-19-000007	1	Mark Jennings	Principal Executive Officer	2017-11-30
0001669191-19-000007	2	Mark Jennings	Principal Financial Officer	2017-11-30
0001669191-19-000007	4	Mark Jennings	Board Member	2017-11-30
0001759620-19-000001	1	Tiffany Taylor	Founder & CEO	2018-11-26
0001620626-19-000001	1	Matthew Flannery	CEO	2019-01-04
0001665160-19-000017	3	Kirpal Singh	Founder and Manager	2019-01-04
0001665160-19-000017	1	Jason Walker	Founder and Manager, Chief Business Development Officer, Principal Executive Officer, Principal Financial Officer	2019-01-04
0001665160-19-000017	2	Corwin Stone	Founder and Manager	2019-01-04
0001759355-19-000006	3	Charlie Walch	CEO, Co-Founder	2019-01-03
0001759355-19-000006	1	Glendon Schuster	CTO, Member, Board of Managers	2019-01-03
0001759355-19-000006	2	Barry Goldman	Science Advisor, Co-Founder	2019-01-03
0001665160-19-000015	1	Chris Kolodziejski	CEO, Principal Executive Officer and Manager, Principal Financial Officer and Principal Accounting Officer	2019-01-04
0001665160-19-000014	2	Corwin Stone	Founder and Manager	2019-01-04
0001665160-19-000014	1	Jason Walker	Founder and Manager, Chief Business Development Officer, Principal Executive Officer, Principal Financial Officer	2019-01-04
0001665160-19-000014	3	Kirpal Singh	Founder and Manager	2019-01-04
0001757857-19-000001	1	John Senew	CEO	2019-01-04
0001669191-19-000005	4	Trevor  Castor	Board Member	2018-08-30
0001669191-19-000005	3	James  Falese	Principal Accounting Officer	2018-08-29
0001665160-19-000012	1	Yogesh Sharma	CEO, Principal Executive Officer, Director, Principal Financial Officer and Principal Accounting Officer	2019-01-03
0001669191-19-000005	2	James  Falese	Principal Financial Officer	2018-08-29
0001669191-19-000005	1	Trevor  Castor	Principal Executive Officer	2018-08-29
0001747795-19-000001	1	Ladar Levison	CEO	2019-01-03
0001759348-19-000003	1	Alex Edson	Managing Member	2019-01-03
0001760655-19-000004	1	Mark Ganem	Owner	2019-01-03
0001760655-19-000003	1	Naomi Auth	Owner	2019-01-03
0001760655-19-000002	1	Kent Sammons II	Owner	2019-01-03
0001760655-19-000001	1	Luke Cypher	Owner	2019-01-03
0001665160-19-000008	1	Amir Amini	CEO, Principal Executive Officer and Director, Principal Financial Officer and Principal Accounting Officer	2019-01-03
0001665160-19-000007	1	Vikram Chopra	CEO, Principal Executive Officer and Director, Principal Financial Officer and Principal Accounting Officer	2019-01-03
0001665160-19-000006	1	Michael Licamele	CEO, Principal Executive Officer and Sole Director, Principal Financial Officer and Principal Accounting Officer	2019-01-03
0001665160-19-000005	1	Russell Thomas	CEO, Principal Executive Officer, Manager, Principal Financial Officer and Principal Accounting Officer	2019-01-03
0001665160-19-000004	1	Govinda Giri	CEO, Principal Executive Officer and Director, Principal Financial Officer and Principal Accounting Officer	2019-01-03
0001665160-19-000003	1	Richard L Medlen	CEO, Principal Executive Officer and Director, Principal Financial Officer and Principal Accounting Officer	2019-01-03
0001665160-19-000002	1	Adrian Ceron	CEO, Principal Executive Officer, Principal Financial Officer, Principal Accounting Officer	2019-01-03
0001760505-19-000001	1	Kevin D. Cope	President	2019-01-02
0001669191-19-000002	4	Maureen Lloren	Board Member	2018-05-14
0001669191-19-000002	3	Mike Beck	Principal Accounting Officer	2018-05-14
0001665160-19-000001	1	David Smooke	CEO, Principal Executive Officer and Director, Principal Financial Officer and Principal Accounting Officer	2019-01-02
0001749046-19-000001	2	Paul Carduner	Co-Manager	2019-01-02
0001749046-19-000001	3	Aldyen Donnelly	Co-Manager	2019-01-02
0001749046-19-000001	4	Christophe Jospe	Co-Manager	2019-01-02
0001749046-19-000001	5	Alexsandra Guerra	Co-Manager	2019-01-02
0001669191-19-000002	2	Ned Sedlak	Principal Financial Officer	2018-05-14
0001669191-19-000002	1	Maureen Lloren	Principal Executive Officer	2018-05-14
0001749046-19-000001	1	Paul Gambill	Chief Executive Officer and Co-Manager	2019-01-02
0001742857-19-000001	1	G. Michael Weiksner	Manager of the Issuer's Manager	2019-01-02
0001745226-19-000001	1	Jeff Tennery	Manager	2019-01-02
0001745226-19-000001	3	Ben Arnon	Manager	2019-01-02
0001745226-19-000001	2	Christian Hendricks	Manager	2019-01-02
0001743482-19-000001	2	Byron Hsu	President & CTO	2019-01-02
0001743482-19-000001	1	Matt Wilkerson	CEO	2019-01-02
0001743181-19-000001	3	Kwame Anku	Director	2019-01-02
0001743181-19-000001	2	Greg Smith	Director	2019-01-02
0001743181-19-000001	1	Harold Hughes	Director	2019-01-02
