ACCESSION_NUMBER	ID	ISSUER	ISSUERSIGNATURE	ISSUERTITLE
0001734991-19-000001	1	Local X Change, LLC	Zebulon Bartels	Owner
0001743601-19-000001	1	Building Economic Advancement Network Corp	Darren V. Walker	CEO
0001666102-19-000008	1	Success By Media LLC	Jay Noland	Chief Executive Officer
0001665160-19-000315	1	Proctor360, Inc	Ganga Bathula	CEO, Principal Executive Officer and Director, Principal Financial Officer and Principal Accounting Officer
0001665160-19-000314	1	Ginjan Bros, Inc	Mohammed Diallo	CEO, Principal Executive Officer, and Director
0001665160-19-000313	1	URentMe LLC	Anthony Horovitz	CEO, Principal Executive Officer and Manager
0001765252-19-000002	1	QWIKLEAF LLC	Neil Biafore	CEO
0001670254-19-000157	1	Bee Consultants dba HiveMind LLC	Joseph Kelly	Director
0001665160-19-000311	1	Healthereum LLC	Steve Y. Chung	CEO, Manager, Principal Financial Officer, Principal Accounting Officer
0001669191-19-000107	1	God's Garden Treasures LLC	Karin Crawford	Principal Executive Officer
0001669191-19-000105	1	Braidy Industries, Inc.	Craig Bouchard	Principal Executive Officer
0001666102-19-000007	1	Vibravision, LLC.	Nathan S Zeleznick	Chief Executive Officer
0001670254-19-000151	1	Crooked City Cider LLC	Dana Bushouse	Cider Boss
0001670254-19-000154	1	70Million Resources, Inc.	Richard Bronson	CEO
0001665160-19-000306	1	ToGoBOX Inc.	Taegon Lee	CEO, Principal Executive Officer and Director, Principal Financial Officer and Principal Accounting Officer
0001665160-19-000308	1	Alta Zero Emissions Solutions Inc.	Paul Hobbs	CEO, Principal Executive Officer and Director
0001670254-19-000147	1	Industry Water Filtration, Inc.	Richard Yanda	President
0001670254-19-000144	1	Kwame Palace LLC	George Baah	Founder & President
0001665160-19-000304	1	HUDWAY, CORPORATION	Aleksei Ostanin	CEO, Director, Principal Executive Officer, Principal Financial Officer and Principal Accounting Officer
0001670254-19-000140	1	Hops and Grain Production, LLC	Josh Hare	Founder & President
0001755490-19-000002	1	Benmelos, LLC	Benjamin Berg	President
0001742010-19-000001	1	Absinthia's Bottled Spirits, LLC	Jennifer Absinthia Vermut	Manager and Sole Member
0001670254-19-000139	1	Hospitality Innovated, LLC	Yannis Moati	CEO and Co-Founder
0001670254-19-000135	1	Inhabit.io, Inc	Chai Mishra	CEO
0001752130-19-000002	1	CoverUS, Inc	Andrew Hoppin	CEO & Director
0001665160-19-000299	1	Generation Genius, Inc.	Dr. Jeffrey Vinokur	Founder, CEO, Principal Financial Officer, Principal Accounting Officer, Director
0001665160-19-000296	1	Rentah Inc	Anup Desai	CEO, Principal Executive Officer, Director, Principal Financial Officer and Principal Accounting Officer
0001731872-19-000001	1	Wellbeing Brewing Company LLC	Jeff Stevens	Founder
0001665160-19-000295	1	Cheap Plate Inc.	Richard J. Temple	CEO, Principal Executive Officer and Director, Principal Financial Officer and Principal Accounting Officer
0001665160-19-000294	1	STARTENGINE CROWDFUNDING, INC.	Howards Marks	CEO
0001665160-19-000293	1	Rhino Hide LLC	Jason Giddon	CEO, Principal Executive Officer and Manager, Principal Financial Officer and Principal Accounting Officer
0001665160-19-000292	1	Seat Amigo Inc.	Rusty Shaffer	CEO, Director, Principal Executive Officer, Principal Financial Officer and Principal Accounting Officer
0001670254-19-000133	1	Neurohacker Collective, LLC	Hakan Lindskog	Chief Operating Officer
0001670254-19-000127	1	Neurohacker Collective, LLC	James Schmachtenberger	CEO
0001421744-19-000001	1	Cytonics Corp	Anjun K. Bose	President
0001765300-19-000003	1	FanBeat Inc.	Edward Trimble	Chief Executive Officer
0001739450-19-000003	1	Fluent Forever Inc.	Gabriel Wyner	CEO
0001728559-19-000002	1	Totle Inc.	/s/David Bleznak	Chief Executive Officer, Director
0001665160-19-000290	1	HEAL Diabetes Clinics Inc	Richard Koffler	CEO, Principal Executive Officer and Director, Principal Financial Officer and Principal Accounting Officer
0001670254-19-000123	1	Como Audio, Inc	Thomas DeVesto	Como Audio Founder/Designer
0001665160-19-000289	1	Your Car, Our Driver, Inc.	Josef Wojtkow	CEO, Principal Executive Officer and Director, Principal Financial Officer and Principal Accounting Officer
0001670254-19-000120	1	Unity Vibration Living Kombucha Tea LLC	Rachel Kanaan	Co-founder
0001731189-19-000003	1	3451 Benning LLC	Adrian Washington	CEO of Manager, Neighborhood Development Co., LLC
0001731189-19-000002	1	3451 Benning LLC	Adrian Washington	CEO of Manager, The Neighborhood Development Company, LLC
0001669191-19-000103	1	Ocean Renewable Power Company, Inc.	Christopher Sauer	Principal Executive Officer
0001665160-19-000288	1	Ella & Oak LLC	Christine H. Callahan	CEO, Principal Executive Officer and Director, Principal Financial Officer and Principal Accounting Officer
0001665160-19-000287	1	Mycroft AI Inc.	Joshua Montgomery	CEO, Principal Executive Officer and Director, Principal Financial Officer and Principal Accounting Officer
0001763661-19-000005	1	Coursapp Inc.	Warren Essey	CEO, President
0001761087-19-000002	1	ROW ViGOR	Kevin Allen	CEO, President, CFO, Secretary, Chairman, Co Founder
0001665160-19-000286	1	Red Lilly Management, LLC	Crystal Knight	CEO, Principal Executive Officer and Manager, Controller and Principal Accounting Officer
0001767504-19-000001	1	Brooklyn Heights Farm Residences LLC	Doug Maxwell	Doug Maxwell, Manager of the Managing Member, S3RD LLC
0001725124-19-000001	1	Rhymella, Inc	Megan Rzezutko	President, CEO
0001665160-19-000283	1	Vizrom Inc.	Emmanuel Umoh	CEO, Principal Executive Officer and Director,Principal Financial Officer and Principal Accounting Officer
0001593780-19-000001	1	Edisun Microgrids, Inc.	Bill Gross	CEO
0001735243-19-000002	1	Platform at 930, LLC	Laura Nettleton	Manager
0001735243-19-000001	1	Platform at 930, LLC	Laura Nettleton	Manager
0001769270-19-000005	1	Good Chroma LLC	Tyler Czuczman	Owner
0001769270-19-000004	1	Supper LLC	Vincent Perri	Owner
0001665160-19-000281	1	Paygevity Inc.	Neil H. Rothenberg	CEO, Principal Executive Officer and Director, Principal Financial Officer and Principal Accounting Officer
0001669191-19-000101	1	Dig Dates, Inc.	Casey Isaacson	Principal Executive Officer
0001669191-19-000098	1	Ocean Renewable Power Company, Inc.	Christopher Sauer	Principal Executive Officer
0001670254-19-000118	1	Circle Medical Technologies, Inc.	George Favvas	CEO and Co-founder
0001670254-19-000116	1	Seven Stills, Inc	Tim Obert	Co-Founder & CEO
0001665160-19-000278	1	Divinia Water, Inc.	Steven R Sedlmayr	CEO, Principal Executive Officer and Director and Principal Financial Officer
0001770023-19-000001	1	Hit Reset LLC	Siri Chakka	Manager
0001765325-19-000003	1	TWISTED ESCAPE ROOM LLC	Jonathan Griffin	Co-Founder
0001665160-19-000276	1	Cheap Plate Inc.	Richard J. Temple	CEO, Principal Executive Officer and Director, Principal Financial Officer and Principal Accounting Officer
0001695816-19-000005	1	Fensens, Inc.	Andrew Karuza	CEO
0001771010-19-000001	1	Hohm Inc.	Jonathon Nikolas Woods	CEO, issuer, principal executive officer, principal financial officer, controller, and principal accounting officer
0001743861-19-000003	1	10XTS INC	Michael Hiles	CEO
0001665160-19-000273	1	Trella Technologies LLC	Aja Atwood	CEO, Principal Executive Officer and Manager, Principal Financial Officer and Principal Accounting Officer
0001665160-19-000270	1	HUDWAY, CORPORATION	Aleksei Ostanin	CEO, Director, Principal Executive Officer, Principal Financial Officer and Principal Accounting Officer
0001665160-19-000267	1	Cookie Club of America Inc	Clifford Smith	CEO, Principal Executive Officer and Director, Principal Financial Officer and Principal Accounting Officer
0001754146-19-000001	1	Bargeboard & Beams, LLC	Erik Holmberg	Manager of Manager, Alanson's Development, LLC
0001760318-19-000003	1	Physio LLC	Dillon Auxier	CEO
0001759125-19-000004	1	Outpost Trading Co	Kenneth J. Manning	CEO
0001763661-19-000004	1	Coursapp, Inc.	Warren Essey	CEO, President
0001665160-19-000266	1	GuruMD Virtual Med, Inc	Clinton Osborn	CEO, Principal Executive Officer and Manager, Principal Financial Officer and Principal Accounting Officer
0001670254-19-000113	1	Virtual Immersive Educational Worlds, Inc.	David R Bradford	Chief Executive Officer
0001670254-19-000112	1	Petit Vour, LLC	Ryan Miner	Co-CEO
0001665160-19-000265	1	Solutions Vending International, Inc.	Dawn Dickson	CEO, Principal Executive Officer and Director, Principal Financial Officer and Principal Accounting Officer
0001765315-19-000003	1	SALEM SPICE, INC.	David Bowie	President
0001668287-19-000006	1	SECRETDAYS CO.	JOY CRUZ	Owner
0001670254-19-000110	1	Take Me to Tarzana LLC	Maceo Greenberg	Writer/Director
0001669191-19-000094	1	Swoon City Music LLC	Maureen Lloren	Principal Executive Officer
0001769638-19-000001	1	Good Chroma LLC	Tyler Czuczman	Owner
0001754712-19-000002	1	CentriCrude Services, Inc.	Edward Stoltenberg	Chief Financial Officer
0001665160-19-000264	1	Flower Turbines LLC	Mark Daniel Farb	CEO, Principal Executive Officer and Director, Principal Financial Officer and Principal Accounting Officer
0001669191-19-000091	1	Ocean Renewable Power Company, Inc.	Christopher Sauer	Principal Executive Officer
0001670254-19-000105	1	MoneyVoice, PBC	Brent Schulkin	CEO
0001758255-19-000004	1	Thumb Butte Distillery, Inc.	Dana Murdock	President & Director
0001670254-19-000103	1	Vinder, Inc.	Sam Lillie	Founder/CEO
0001765585-19-000004	1	Ohana School of Performing Arts	Ashley Kohl	Owner
0001769270-19-000003	1	Supper LLC	Vincent Perri	Owner
0001669191-19-000088	1	Swoon City Music LLC	Maureen Lloren	Principal Executive Officer
0001759348-19-000005	1	Mailtag Company, LLC	Alex Edson	CEO
0001668287-19-000003	1	My Beer Buddy Inc.	John Paul Campa	Owner
0001665160-19-000263	1	Power2Peer, Inc.	Mamta Sonwalkar	CEO, Principal Executive Officer, Director, Principal Financial Officer and Principal Accounting Officer
0001665160-19-000262	1	Mosaic Distributors, LLC	Chris Kolodziejski	CEO, Principal Executive Officer and Manager, Principal Financial Officer and Principal Accounting Officer
0001665160-19-000261	1	ArtMap, Inc	David Smooke	CEO, Principal Executive Officer and Director, Principal Financial Officer and Principal Accounting Officer
0001665160-19-000260	1	Screw City LLC	Joselito Seldera	Managing Member, Principal Executive Officer, Principal Financial Officer
0001762000-19-000003	1	Mitte Corp.	Moritz Waldstein Wartenberg	CEO
0001669191-19-000085	1	Vantem Global, LLC	Chris Anderson	Principal Executive Officer
0001669191-19-000082	1	Movatic, Inc.	Ansgar Strother	Principal Executive Officer
0001669191-19-000080	1	BumBee Designs Incorporated	James Canova	Principal Executive Officer
0001758128-19-000001	1	BX SPACES LLC	Rafael Alvarez	Chief Executive Officer
0001767319-19-000001	1	Wooter Holding Corp	Alex Aleksandrovski	CEO
0001665160-19-000259	1	Monetran, LLC	Don Bielak	CEO, Principal Executive Officer and Manager,Principal Financial Officer and Principal Accounting Officer
0001769270-19-000001	1	Supper LLC	Vincent Perri	Owner
0001665160-19-000258	1	BluCollr, LLC	Christoper R. Lawrence	CEO, Manager, Head of Business Development and Marketing
0001762574-19-000001	1	Shaping Games Inc.	Alfred Steiof	President
0001669191-19-000078	1	Future Mobility Company Holdings, Inc.	Dagan Mishoulam	Principal Executive Officer
0001728559-19-000001	1	Totle Inc.	/s/David Bleznak	Chief Executive Officer, Director
0001765748-19-000005	1	Jack Henry Spirits LLC	John Barlow	Member
0001665160-19-000256	1	Quigler, Inc.	David M. Michonski	CEO, Principal Executive Officer, and Director
0001665160-19-000252	1	81-c Inc.	Dan Abbate	CEO, Principal Executive Officer and Director, Principal Financial Officer and Principal Accounting Officer
0001736283-19-000007	1	Ample Foods, Inc.	Connor Young	President and Chief Executive Officer
0001665160-19-000249	1	Festive Beverages, LLC	Andy Powell	CEO, Principal Executive Officer and Manager, Principal Financial Officer and Principal Accounting Officer
0001759125-19-000003	1	Outpost Trading Company	Kenneth J. Manning	CEO
0001758188-19-000001	1	Throwback Family Fun, LLC	Kelsey Redwine	President
0001670254-19-000099	1	Womp Studio LLC	Gabriela Trueba	Founder and CEO
0001665160-19-000245	1	Dragon Cloud, Inc.	Patrick Mac Gillis	CEO, Principal Executive Officer and Director, Principal Financial Officer and Principal Accounting Officer
0001670254-19-000096	1	Black Momma Tea and Cafe, Inc	Vanessa Braxton	CEO & President
0001756797-19-000001	1	WANDERING STAGE LLC	Nathan McNiff	Owner
0001756904-19-000001	1	ALIMENTARY LLC	Shane Clyburn	Owner/Co-Founder
0001769004-19-000001	1	Sleepless Musical, LLC	David Shor	Sole Member
0001766440-19-000005	1	Pope's Kitchen, LLC	Clark Pope	Owner
0001665160-19-000243	1	One Roq Spirits, LLC	J. Garrett Green	CEO, Principal Executive Officer and Director, Principal Financial Officer and Principal Accounting Officer
0001752109-19-000001	1	ROOTS & VINE PRODUCE & CAFE, INC	Ena Jones	President/CEO
0001757431-19-000002	1	BROADWAY PROJECT ONE, LLC	FRANCINE ANDERSON	PRESIDENT/CEO
0001767606-19-000002	1	Varner Enterprises Inc	Michael Varner	CEO
0001765748-19-000004	1	Jack Henry Spirits LLC	John Barlow	Member
0001665160-19-000242	1	DiscountCell, Inc	Jennifer King	CEO, Principle Executive Officer, Principle Financial Officer and Director
0001708142-19-000006	1	Ironclad Distillery, Inc.	/s/Stephen King	President
0001760520-19-000004	1	ActionTrac Global LLC	HAL WENDEL	FOUNDER/CEO
0001768551-19-000002	1	47-53 Crescent Ave, LLC	Kim Bianca Williams	Manager of Manager, Urban Synergy in Action, LLC
0001759348-19-000004	1	Mailtag Company, LLC	Alex Edson	CEO
0001709628-19-000002	1	CLOUDASTRUCTURE, INC.	/s/ S. Richard Bentley	CEO
0001670254-19-000089	1	True Syrups & Garnishes DBA Pratt Standard Cocktail Company	Tory Pratt	Founder
0001670254-19-000087	1	SFO84, Inc	Matthieu Jost	CEO
0001759945-19-000001	1	SCENTBOX, LLC	Craig DuAlba	CTO
0001665160-19-000240	1	Fusion Properties Management Group, Inc. d/b/a Fusion Farms	Kendell Lang	CEO, Principal Executive Officer, Director, Principal Financial Officer and Principal Accounting Officer
0001760318-19-000002	1	Physio, LLC	Dillon Auxier	CEO
0001768510-19-000001	1	Oak & Partners Apparel, LLC	Dan Abenhaim	Business Director, issuer, principal executive officer, principal financial officer, controller, and principal accounting officer
0001760272-19-000003	1	New Moon Clothing, Inc.	Carole Murphy	President
0001766521-19-000001	1	SleepChoices LLC	/s/Philip Shen	Chief Executive Officer
0001665160-19-000236	1	Bahari Energy LLC	Habib Bahari	CEO, Principal Executive Officer and Director, Principal Financial Officer and Principal Accounting Officer
0001669191-19-000076	1	GT Spirits Inc	Christopher Moran	Principal Executive Officer
0001665160-19-000234	1	TotalSource Solutions, Inc	George B. Brown	CEO, Principal Executive Officer and Director, Principal Financial Officer and Principal Accounting Officer
0001665160-19-000233	1	Dashing Corp	Alaxander Villmann	CEO, Principal Executive Officer and Director
0001760049-19-000001	1	Coinseed, Inc.	Sukhbat Lkhagvadorj	CFO
0001665160-19-000231	1	WaterRR, Inc.	Bruce Kania	Chief Executive Officer, Principal Executive Officer, Director
0001669191-19-000074	1	BumBee Designs Incorporated	James Canova	Principal Executive Officer
0001665160-19-000228	1	Bein Carib Inc.	Andrew Anderson	CEO, Principal Executive Officer and Director, Principal Financial Officer and Principal Accounting Officer
0001666102-19-000006	1	Success By Media LLC	Jay Noland	Chief Executive Officer
0001669191-19-000072	1	SRA Health, Inc.	Steven Coen	Principal Executive Officer
0001766595-19-000001	1	Luviv, LLC	Louis Kampi	Owner
0001669191-19-000069	1	GT Spirits Inc	Christopher Moran	Principal Executive Officer
0001665160-19-000225	1	entreDonovan Wholesale, LLC	Linda Farquhar	CEO, Principal Executive Officer and Manager, Principal Financial Officer and Principal Accounting Officer
0001665160-19-000223	1	II Transatlantic, Inc.	Ralph Askar	CEO and Presidentr
0001765585-19-000003	1	Ohana School of Performing Arts	Ashley Kohl	Owner
0001665160-19-000220	1	MyApps Corp.	Adnan Malik	CEO, Director, Principal Executive Officer, Principal Financial Officer and Principal Accounting Officer
0001665160-19-000217	1	Geopulse Exploration Inc.	Marcus Laun	CEO, Principal Executive Officer and Director, Principal Financial Officer and Principal Accounting Officer
0001665160-19-000216	1	CEN INC	James Tagg	CEO, Principal Executive Officer and Director, Principal Financial Officer and Principal Accounting Officer
0001666102-19-000005	1	Fragrance of Heaven LLC	Terri Arthur	Owner & CEO
0001757098-19-000001	1	ZenSpace Inc	Mayank Agrawal	CEO
0001758255-19-000003	1	Thumb Butte Distillery, Inc.	Dana Murdock	President & Director
0001669191-19-000066	1	Domestic Brands Inc	Lawrence Charles	Principal Executive Officer
0001665160-19-000214	1	Eden GeoPower, Inc.	Paris Smalls	CEO, Principal Executive Officer and Director, Principal Financial Officer and Principal Accounting Officer
0001670254-19-000082	1	Active Faith Inc.	Lanny Smith	CEO
0001670254-19-000085	1	The Clement Street Brewpub, LLC	Ivan Hopkinson	Founder
0001757857-19-000002	1	FanCompete LLC	John Senew	President
0001754594-19-000001	1	Waffle Bus Heights, LLC	Phi Nguyen	Manager
0001675481-19-000003	1	Spotlight: Girls	Lynn Johnson	CEO
0001669191-19-000064	1	Advanced Aesthetic Technologies, Inc.	Richard Burtt	Principal Executive Officer
0001665160-19-000211	1	ECXTECH INC.	Ryan Cullins	CEO, Principal Executive Officer, Director
0001761087-19-000001	1	ROWViGOR, LLC	Kevin Allen	CEO, President, CFO, Secretary, Chariman, Co Founder
0001699129-19-000002	1	Chores R Us LLC	tarik khribech	President
0001702498-19-000001	1	Bucket Technologies, Inc.	Daniel Kam	President and Chief Operating Officer
0001757431-19-000001	1	BROADWAY PROJECT ONE, LLC	FRANCINE ANDERSION	President/CEO
0001670254-19-000081	1	Cary Rx Inc	Kevin Lance	Head of Growth
0001670254-19-000080	1	Asgard Brewing	Stephen Porter	Co-Founder and CEO
0001670254-19-000078	1	Ohos, Inc.	Dave Needham	CEO, Founder
0001768621-19-000001	1	Commongrounds Cooperative	Kate Redman	Project Director
0001670254-19-000075	1	Medford Brewing Company	Nick Bolitho	Co-Founder
0001665160-19-000210	1	Wise Power Inc	Kevin J. Williams	CEO, Principal Executive Officer and Director, Principal Financial Officer and Principal Accounting Officer
0001765947-19-000002	1	Blackcommerce LLC	Edward Merriman	President/CEO
0001691881-19-000001	1	Court Innovations Inc	/s/ MJ Cartwright	CEO
0001669191-19-000062	1	Mercurius Biorefining, Inc	Karl Seck	Principal Executive Officer
0001761153-19-000001	1	KS Fitness LLC	Kent Sammons	Owner
0001761779-19-000001	1	Revry, Inc.	Damian Pelliccione	Principal Executive Officer and Director
0001764876-19-000001	1	Halo Energy LLC	Vincent Loccisano	CEO
0001670254-19-000073	1	Inhabit.io, Inc	Chai Mishra	CEO
0001665160-19-000207	1	THATS EATERTAINMENT CORP.	Ronald L. Miller, Jr.	Vice President, CFO, Principal Executive Officer, Principal Financial Officer and Principal Accounting Officer
0001665160-19-000209	1	World Cycling League	John Nelson	COO, Principal Financial Officer, Principal Accounting Officer and Managing Member
0001749548-19-000003	1	Geek Girl Tech, PBC	Jenn Diesi	Chief Executive Officer
0001665160-19-000204	1	Jet Token Inc.	Michael Winston	CEO, Principal Executive Officer and Director, Principal Financial Officer and Principal Accounting Officer
0001669191-19-000060	1	Subba Media Inc	Mark Jennings	Principal Executive Officer
0001765507-19-000004	1	POPOVER KING LLC	Maria Cabuquit	CEO
0001766440-19-000004	1	Pope's Kitchen, LLC	Clark Pope	Owner
0001666102-19-000003	1	Saberation Inc.	Edward Armstrong	CEO
0001670254-19-000071	1	Homefree, LLC	Jill Robbins	Founder/President
0001665160-19-000203	1	Cheaters III Ltd.	Bobby Goldsein	CEO, Principal Executive Officer and Director, Principal Financial Officer and Principal Accounting Officer
0001670254-19-000067	1	Charron Favreau LLC	Kurt Charron	President
0001768117-19-000001	1	ITERUM FOODS LLC	MATTHEW MCPHERSON	OWNER
0001670254-19-000064	1	Unionmade	Todd Barket	Owner
0001665160-19-000200	1	Cheaters III, Ltd.	Bobby Goldsein	CEO, Principal Executive Officer and Director, Principal Financial Officer and Principal Accounting Officer
0001768151-19-000002	1	Subziwalla LLC	Sajal Rohatgi	Manager
0001665160-19-000198	1	NetObjex, Inc	Raghu Bala	CEO, Principal Executive Officer and Director, Principal Financial Officer and Principal Accounting Officer
0001768151-19-000001	1	Subziwalla LLC	Sajal Rohatgi	Manager
0001665160-19-000197	1	Xcraft Enterprises, LLC	JD Claridge	CEO, Principal Executive Officer and Director, Principal Financial Officer and Principal Accounting Officer
0001665160-19-000196	1	Worldcast Live Inc	Peter Lewis	CEO, Principal Executive Officer, and Director
0001665160-19-000195	1	Icarus Blockchain Group Inc.	Maya Parbhoe	CEO, Principal Executive Officer and Director
0001665160-19-000194	1	Persona Network, Inc.	Matthew Kerle	CEO, Principal Executive Officer and Director
0001669191-19-000058	1	Gravity Power, LLC	Thomas  Mason	Principal Executive Officer
0001669191-19-000054	1	Advanced Aesthetic Technologies, Inc.	Richard Burtt	Principal Executive Officer
0001666102-19-000001	1	Organic Living Inc.	JAI MCFALL	Chief Executive Officer
0001670254-19-000063	1	AGGRESSIVELY ORGANIC, INC	Jonathan Partlow	CEO
0001765833-19-000002	1	automed Inc.	David Edwards	principal executive officer, principal financial officer, principal accounting officer, and Director
0001669191-19-000052	1	Rapunzl Investments, LLC	Brian Curcio	Principal Executive Officer
0001665160-19-000192	1	CrediBILL, Inc.	Neeraj Sharma	CEO, Principal Executive Officer, Director, Principal Financial Officer and Principal Accounting Officer
0001665160-19-000189	1	First 2 View, Inc.	Jeffrey D. Rapson	President, Chief Executive Officer, Director, Principal Accounting Officer, and Principal Financial Officer
0001665160-19-000186	1	Locking Line Barriers Corp	Joseph Daniluk	CEO, Principal Executive Officer and Director, Principal Financial Officer, Secretary, and Principal Accounting Officer
0001665160-19-000184	1	Blue Agave Importers, LLLP	William Foss	CEO, Principal Executive Officer, and Director
0001760678-19-000001	1	County Route Catering, Inc.	Mark Ganem	Owner
0001758831-19-000001	1	DAISYFACE FLOW, LLC	Morgan Chase	Owner
0001765833-19-000001	1	automed Inc.	David Edwards	principal executive officer, principal financial officer, principal accounting officer, and director
0001755490-19-000001	1	Benmelos, LLC	Benjamin Berg	President
0001665160-19-000178	1	Keezel, Inc.	Friso Schmid	CFO, Principal Financial Officer and Principal Accounting Officer
0001708142-19-000005	1	Ironclad Distillery, Inc.	/s/Stephen King	President
0001662136-19-000001	1	Engage, Inc.	Lief Larson	CEO, principal executive officer, principal financial officer, controller or principal accounting officer, and majority of the board of directors or persons performing similar functions.
0001665160-19-000177	1	G3C Technologies Corp	Vitaly Khusidman	CEO, Principal Executive Officer and Director, Principal Financial Officer and Principal Accounting Officer
0001708142-19-000004	1	Ironclad Distillery, Inc.	/s/Stephen King	President
0001665160-19-000175	1	Atlis Motor Vehicles Inc	Mark Hanchett	CEO, Principal Executive Officer, Director, Principal Financial Officer and Principal Accounting Officer
0001665160-19-000174	1	CFBB Pictures	Jason Buterin	CEO and Manager, Principal Executive Officer, Principal Financial Officer and Principal Accounting Officer
0001665160-19-000173	1	Virtual QE	Shawn Findlater	CEO, Principal Executive Officer and Director, Principal Financial Officer and Principal Accounting Officer
0001665160-19-000172	1	Caddell Prep Inc.	Glyn Caddell	CEO, Principal Executive Officer and Director, Principal Financial Officer and Principal Accounting Officer
0001665160-19-000171	1	NowKeto, Inc.	Joshua Paul Christensen	CEO, Principal Executive Officer and Director, Principal Financial Officer and Principal Accounting Officer
0001670254-19-000062	1	WinSanTor, Inc.	Stanley Kim	CEO
0001708142-19-000003	1	Ironclad Distillery, Inc.	/s/Stephen King	President
0001656562-19-000003	1	Ample Hills Holdings, Inc.	Brian Smith	Chief Executive Officer
0001708142-19-000002	1	Ironclad Distillery, Inc.	/s/Stephen King	President
0001617350-19-000001	1	Banaia, Inc.	Himanshu Agarwal	Director & Chief Executive Officer
0001739714-19-000001	1	Certifiably, INC	Anne Chambers	CEO
0001665160-19-000170	1	Stella Carakasi DTC, Inc.	Steven Boutrous	Chief Executive Officer, Chief Financial Officer, Chief Accounting Officer, and Director
0001758255-19-000001	1	Thumb Butte Distillery, Inc.	Dana Murdock	President & Director
0001669191-19-000050	1	PropertyClub, Inc.	Andrew  Weinberger	Principal Executive Officer
0001760318-19-000001	1	Physio, LLC	Dillon Auxier	CEO
0001665160-19-000166	1	WebTez Inc.	Peter J. Tezza II	CEO, Principal Executive Officer and Director
0001767357-19-000001	1	H&G Science LLC	Edward Glicken	CEO
0001759516-19-000001	1	NY SCOOPS LLC	TIMOTHY KOSTENKO	MANAGING MEMBER
0001720035-19-000001	1	ARTISTWORKS, LLC	PATRICIA BUTLER	CEO
0001656562-19-000002	1	Banaia, Inc.	Himanshu Agarwal	Director & Chief Executive Officer
0001725567-19-000003	1	Neurotez Inc.	Nikolaos Tezapsidis	CEO
0001698872-19-000002	1	Charron Favreau L.L.C.	Kurt Charron	President
0001709628-19-000001	1	CLOUDASTRUCTURE, INC.	S. Richard Bentley	CEO
0001670254-19-000060	1	Hyperspace XR, LLC	Jeff Ludwyck	Founder & CEO
0001761397-19-000001	1	OddFellows Holding Co LLC	K. Mohan Kumar	Managing Member of Manager
0001665160-19-000165	1	Jet Token Inc.	Michael Winston	CEO, Principal Executive Officer and Director, Principal Financial Officer and Principal Accounting Officer
0001665160-19-000164	1	Jackson Hole Televison, Inc.	Rubin Rodriguez Jr	CEO, Principal Executive Officer and Manager, Principal Financial Officer and Principal Accounting Officer
0001670254-19-000059	1	Palmia Corporation	Robert Nathanson	CEO
0001670254-19-000057	1	Marlo's Bakeshop LLC	Marlo Giudice	Founder and CEO
0001669191-19-000048	1	Advanced Aesthetic Technologies, Inc.	Richard Burtt	Principal Executive Officer
0001665160-19-000163	1	GeoOrbital Inc.	Michael Burtov	CEO, Principal Executive Officer and Director, Principal Financial Officer and Principal Accounting Officer
0001669191-19-000046	1	Flagship Fitness, Inc.	Adrian Haid	Principal Executive Officer
0001665160-19-000161	1	Jet Token Inc.	Michael Winston	CEO, Principal Executive Officer and Director, Principal Financial Officer and Principal Accounting Officer
0001695816-19-000003	1	Fensens, Inc.	Andrew Karuza	CEO
0001665160-19-000157	1	Work Force Coin, LLC	Mark B. Hayes	CEO, Principal Executive Officer and Director
0001670254-19-000055	1	MySwimPro, Inc.	Fares Ksebati	CEO
0001670254-19-000053	1	WhiteClouds, Inc.	Jerry Ropelato	CEO
0001670254-19-000050	1	GNH Restaurant 3 LLC	Joey Parsi	CEO/Founder
0001665160-19-000154	1	4Good Inc.	Stephanus Vermeulen	CEO, Principal Executive Officer and Director, Principal Financial Officer and Principal Accounting Officer
0001760453-19-000001	1	Pig Hill Brewery LLC	Naomi Auth	Owner
0001670254-19-000048	1	Tesseract Space, Inc.	Erik Franks	CEO
0001670254-19-000047	1	Tesseract Space, Inc.	Erik Franks	CEO
0001670254-19-000045	1	Hopster's LLC	Lee Cooper	Founder
0001670254-19-000044	1	POWERHANDZ Inc	Darnell Jones	Founder / President
0001670254-19-000042	1	Mars Colony, LLC DBA Meridian Hive	Cayce Rivers	Chief Executive Officer
0001711652-19-000001	1	Baja United Imports, Inc.	/Jim Riley/	CEO
0001665160-19-000152	1	Fusion Properties Management Group, Inc. d/b/a Fusion Farms	Kendell Lang	CEO, Principal Executive Officer, Director, Principal Financial Officer and Principal Accounting Officer
0001665160-19-000149	1	Rentah, Inc.	Anup Desai	CEO, Principal Executive Officer, Director, Principal Financial Officer and Principal Accounting Officer
0001739206-19-000001	1	Meg Media Inc.	Patrick Davis Jones	Chief Executive Officer
0001733434-19-000001	1	Viri Systems Inc.	Patrick Davis Jones	Chief Executive Officer
0001753336-19-000001	1	Eagle Protect, PBC	Stephen Warne Ardagh	President and Chief Executive Officer
0001717111-19-000001	1	Red Hen Collective Cooperative, Inc.	Molly Madden	President
0001665160-19-000146	1	Boku International Inc	Lynn Rolle	CEO, Principal Executive Officer, Manager, Principal Financial Officer and Principal Accounting Officer
0001670254-19-000040	1	Torii Labs LLC	Giles Hayward	Co-founder & Executive Chairman
0001756122-19-000001	1	HIEV Houston Corp	Librado Cerda	CEO
0001670254-19-000038	1	Mars Colony, LLC DBA Meridian Hive	Cayce Rivers	Chief Executive Officer
0001765568-19-000002	1	WOW Studios, Inc.	Joey Rodolfo	Chief Executive Officer
0001766694-19-000002	1	Carie Health Inc.	Matt Wanderer	CEO
0001766620-19-000002	1	Gimme Radio Inc.	Tyler Lenane	Principal executive officer, Principal financial officer, CEO
0001766440-19-000002	1	Pope's Kitchen, LLC	Clark Pope	Owner
0001766620-19-000001	1	Gimme Radio Inc.	Tyler Lenane	Principal executive officer, CEO
0001759620-19-000002	1	Blendtopia, Inc.	Tiffany Taylor	FOUNDER & CEO
0001665160-19-000145	1	JWL.COM, Inc.	David Zinberg	CEO, Principal Executive Officer and Director
0001665160-19-000144	1	Anatomic Global Inc.	David Farley	CEO, Principal Executive Officer and Director, Principal Financial Officer and Principal Accounting Officer
0001665160-19-000143	1	Worthy Financial, Inc	Sally Outlaw	CEO, Principal Executive Officer and Director, Principal Financial Officer and Principal Accounting Officer
0001665160-19-000142	1	Cityfreighter Inc	Michael Schoening	President, Principal Executive Officer and Director
0001669191-19-000043	1	Ao1 Solutions Inc.	Tyrre Burks	Principal Executive Officer
0001669191-19-000041	1	Aphios Pharma LLC	Trevor  Castor	Principal Executive Officer
0001656562-19-000001	1	Ample Hills Holdings, Inc.	Brian Smith	Chief Executive Officer
0001765568-19-000001	1	WOW Studios, Inc.	Joey Rodolfo	Chief Executive Officer
0001749553-19-000001	1	Creamy Coconuts, LLC	Kai Nortey	Chief Executive Officer, Member
0001766694-19-000001	1	Carie Health Inc.	Matt Wanderer	CEO
0001748490-19-000001	1	Cardboard Live, Inc.	Wilson Hunter	Chief Executive Officer
0001665160-19-000141	1	Wand USA Inc.	Andrew Schlack	CEO, Principal Executive Officer and Director
0001765947-19-000001	1	Blackcommerce LLC	Edward Merriman	President/CEO
0001669191-19-000038	1	Flagship Fitness, Inc.	Adrian Haid	Principal Executive Officer
0001665160-19-000140	1	Power2Peer Inc.	Mamta Sonwalkar	CEO, Principal Executive Officer, Director, Principal Financial Officer and Principal Accounting Officer
0001766440-19-000001	1	Pope's Kitchen, LLC	Clark Pope	Owner
0001665160-19-000138	1	Texta, Inc.	Kirsten Nelson	CEO, Principal Executive Officer, and Director
0001665160-19-000135	1	ChicknCone Franchise LLC	Jonathan Almanzar	CEO, Principal Executive Officer, Manager, Principal Financial Officer and Principal Accounting Officer
0001765748-19-000003	1	Jack Henry Spirits LLC	John Barlow	Member
0001765300-19-000001	1	FanBeat Inc.	Edward Trimble	Chief Executive Officer
0001743861-19-000002	1	10XTS INC	Michael Hiles	CEO
0001740883-19-000001	1	Big Belly Brewing LLC	Richard Ewing	CEO/Founder
0001665160-19-000132	1	Wow Sports Network Inc	Jennifer Lapoint	CEO, Principal Executive Officer, Director, Principal Financial Officer and Principal Accounting Officer
0001763112-19-000001	1	Sapient Industries, Inc.	Martin Koch	Co-Chief Executive Officer
0001665160-19-000128	1	Shark Wheel, Inc.	Zack Fleishman	COO, Principal Executive Officer and Director, Principal Financial Officer and Principal Accounting Officer
0001665160-19-000124	1	Atlis Motor Vehicles, Inc	Mark Hanchett	CEO, Principal Executive Officer, Director, Principal Financial Officer and Principal Accounting Officer
0001765315-19-000001	1	SALEM SPICE, INC.	David Bowie	President
0001751443-19-000001	1	Transatlantic Real Estate LLC	Nicole Birch	CEo
0001665160-19-000123	1	Globe Standard, Inc.	Ahmad M. Yakub	CEO, Principal Executive Officer and Director, Principal Financial Officer and Principal Accounting Officer
0001765325-19-000001	1	TWISTED ESCAPE ROOM LLC	Jonathan Griffin	Co-Founder
0001665160-19-000120	1	MyCity SmartCard, Inc.	Joe Miele	CEO, Principal Executive Officer and Director
0001765748-19-000001	1	Jack Henry Spirits LLC	John Barlow	Member
0001760170-19-000001	1	Commissary Hall LLC	Sebastian Madero	Treasurer
0001665160-19-000117	1	Caresafe, LLC	Jeremy Spradlin	CEO, Principal Executive Officer and Manager, Principal Financial Officer and Principal Accounting Officer
0001644649-19-000005	1	PenPal News, Inc.	/s/Joseph Troyen-Schwartz	Director, Chief Executive Officer and Secretary
0001669191-19-000031	1	Swoon City Music LLC	Maureen Lloren	Principal Executive Officer
0001669191-19-000029	1	Phoenix PharmaLabs Inc	William W Crossman	Principal Executive Officer
0001644649-19-000002	1	PenPal News, Inc.	/s/Joseph Troyen-Schwartz	Director, Chief Executive Officer and Secretary
0001644649-19-000004	1	PenPal Schools	/s/Joseph Troyen-Schwartz	Director, Chief Executive Officer and Secretary
0001765669-19-000001	1	CAD Trailer Designs Inc	Russell Davis	CEO/President
0001729481-19-000001	1	Apex Farms Corp.	Alexander M. Woods-Leo	Chief Executive Officer
0001760272-19-000001	1	New Moon Clothing, Inc.	Carole Murphy	President
0001665160-19-000114	1	Ginjan Bros, Inc	Mohammed Diallo	CEO, Principal Executive Officer, and Director
0001665160-19-000113	1	Powell Development Group Inc.	Charles Powell	CEO, Principal Executive Officer and Director, Principal Financial Officer and Principal Accounting Officer
0001665160-19-000112	1	1Up Golf Development Group, Inc	John R. Humphrey	CEO and Founder, Principal Executive and Director
0001669191-19-000027	1	Future Mobility Company Holdings, Inc.	Dagan Mishoulam	Principal Executive Officer
0001763120-19-000003	1	PenPal Schools	Joseph Troyen-Schwartz	Director, Chief Executive Officer and Secretary
0001736283-19-000006	1	Ample Foods, Inc.	Connor Young	President and Chief Executive Officer
0001745727-19-000001	1	FOCUSMATE INC	Taylor Jacobson	President and Chief Executive Officer
0001665160-19-000110	1	Our Military Travel, Inc.	Robert Rogener	CEO, Principal Executive Officer and Director, Principal Financial Officer and Principal Accounting Officer
0001749548-19-000002	1	Blue Heron Catering, Inc.	Debbie Pfisterer	President and CEO
0001670254-19-000031	1	Cloud DX, Inc	Robert Kaul	Founder & CEO
0001749548-19-000001	1	Geek Girl Tech, PBC	Jenn Diesi	Chief Executive Officer
0001670254-19-000025	1	WhiteClouds, Inc.	Jerry Ropelato	CEO
0001669191-19-000025	1	SRA Health, Inc.	Steven Coen	Principal Executive Officer
0001670254-19-000024	1	Neurocarrus Inc	Paul Blum	Co-founder/CEO
0001765585-19-000001	1	Ohana School of Performing Arts	Ashley Kohl	Owner
0001669191-19-000022	1	Braidy Industries, Inc.	Craig Bouchard	Principal Executive Officer
0001765252-19-000001	1	QWIKLEAF LLC	Neil Biafore	CEO
0001665160-19-000106	1	Swiftdine, Inc	Tobie Azeez	CEO, Principal Executive Officer and Director
0001764809-19-000001	1	Intro-Blue, LLC	Bill Jenks	principal executive officer, principal financial officer, principal accounting officer
0001665160-19-000103	1	Fusion Properties Management Group, Inc. d/b/a Fusion Farms	Kendell Lang	CEO, Principal Executive Officer, Director, Principal Financial Officer and Principal Accounting Officer
0001665160-19-000101	1	microsurgeonbot Inc	Allan Grosvenor	CEO, Principal Executive Officer, Director, Principal Financial Officer and Principal Accounting Officer
0001665160-19-000099	1	Rhino Hide LLC	Jason Giddon	CEO, Principal Executive Officer and Manager, Principal Financial Officer and Principal Accounting Officer
0001756381-19-000001	1	Fretch LLC	Naresh Mulchandani	CEO
0001648770-19-000004	1	BALLOONR, INC.	Amanda Greenberg	Director, President, Secretary, Treasurer
0001758135-19-000001	1	Jubel, Inc.	Jose Pablo Toscano	CEO
0001765507-19-000003	1	POPOVER KING LLC	Maria Cabuquit	CEO
0001765507-19-000001	1	POPOVER KING LLC	Maria Cabuquit	CEO
0001758964-19-000002	1	Up Sonder, LLC	Derek Waleko	Chief Executive Officer
0001670254-19-000021	1	Epec Holdings, Inc. (f/k/a Epec Biofuels Holdings, Inc.)	Steve Vanechanos	Executive Chairman of the Board
0001756092-19-000002	1	607 Western Restaurants LLC	Robert Ahn	Managing Member
0001756092-19-000001	1	Sunset Patio Lounge LLC	Dominic Moreau	Managing Member
0001665160-19-000087	1	Tiny In A Box LLC	Shaynea Williams	CEO, Principal Executive Officer and Manager, Principal Financial Officer and Principal Accounting Officer
0001665160-19-000083	1	Internet Technologies Corporation	Richard Palicka	CEO, Principal Executive Officer and Director, Principal Financial Officer and Principal Accounting Officer
0001736283-19-000005	1	Ample Foods	Connor Young	President and Chief Executive Officer
0001665160-19-000081	1	HEAL Diabetes Clinics Inc	Richard Koffler	CEO, Principal Executive Officer and Director, Principal Financial Officer and Principal Accounting Officer
0001665160-19-000080	1	ToGoBOX Inc.	Taegon Lee	CEO, Principal Executive Officer and Director, Principal Financial Officer and Principal Accounting Officer
0001665160-19-000079	1	New Haven Community Solar, LLC	Franz Hochstrasser	Principal Executive Officer and Manager
0001644600-19-000004	1	STARTENGINE CROWDFUNDING, INC.	Howard Marks	CEO
0001665160-19-000078	1	Solar Direct LLC	Kirk Maust	CEO, Principal Executive Officer and Manager, Principal Financial Officer and Principal Accounting Officer
0001736283-19-000002	1	Ample Foods	Connor Young	President and Chief Executive Officer
0001665160-19-000077	1	Kingscrowd LLC	Chris Lustrino	CEO and Manager, Principal Financial Officer, Principal Accounting Officer
0001644600-19-000002	1	STARTENGINE CROWDFUNDING, INC.	Howards Marks	CEO
0001743482-19-000002	1	Polymath Labs, Inc.	Matt Wilkerson	CEO
0001751635-19-000001	1	Neopenda, PBC	Sona Shah	CEO
0001665160-19-000075	1	Karaganda, LLC	Max Weissberg	CEO, Principal Executive Officer and Manager, Principal Financial Officer and Principal Accounting Officer
0001648770-19-000002	1	BALLOONR, INC.	Amanda Greenberg	Director, President, Secretary, Treasurer
0001670254-19-000013	1	560 Third Avenue Grocery Corp	Michael Schatzberg	PARTNER
0001648770-19-000003	1	PhunCoin, Inc.	Alan Knitowski	CEO
0001670254-19-000017	1	Hemilane Inc.	Rob Rubens	Founder
0001758964-19-000001	1	Up Sonder, LLC	Derek Waleko	Chief Executive Officer
0001670254-19-000016	1	Petit Vour, LLC	Ryan Miner	Co-CEO, Co-Founder
0001669191-19-000017	1	God's Garden Treasures LLC	Karin Crawford	Principal Executive Officer
0001746474-19-000003	1	Coterie Group, LLC	Charles Lusk II	Manager
0001746474-19-000002	1	Coterie Group, LLC	Charles Lusk II	Manager
0001739450-19-000001	1	Fluent Forever Inc.	Gabriel Wyner	CEO
0001755378-19-000001	1	PANGEA Partners, LLC	Nick Bradley	principal executive officer, principal financial officer, principal accounting officer, and director
0001760655-19-000006	1	Blue Sparrow LLC	Luke Cypher	Owner
0001740075-19-000001	1	Ecoventz Inc.	Andreas Roussos	CEO
0001763661-19-000003	1	Coursapp, Inc.	Warren Essey	CEO, President
0001665160-19-000073	1	Divinia Water, Inc.	Steven R Sedlmayr	CEO, Principal Executive Officer and Director and Principal Financial Officer
0001670254-19-000011	1	GRAMMER ROAD HOLDINGS LTD	Tony CACCOMO	Secretary
0001670254-19-000008	1	Surf Dog Inc.	Jeanene Morgan	CFO
0001736283-19-000001	1	Ample Foods	Connor Young	President and Chief Executive Officer
0001670254-19-000007	1	Beautiful Game, Inc.	Sheldon Grizzle	President / Vice Chairman
0001746327-19-000001	1	BULK INC	Pete Garbowski	principal executive officer, principal financial officer, and principal accounting officer
0001746725-19-000001	1	Veptas Technology Solutions, Inc	John C. George	CFO
0001737242-19-000004	1	WATERVIEW HOSPITALITY, LLC	Keenan Langlois	Owner
0001737242-19-000003	1	11 HAIR STORIES, LLC	Chelsea Falcetti	Owner/Co-Founder
0001737242-19-000002	1	NIGHTSHADEPOPUP LLC	Rachel Miller	Owner, NIGHTSHADEPOPUP, LLC
0001737242-19-000001	1	Brato Brewhouse & Kitchen LLC	Jonathan Gilman	Owner/Co-Founder
0001763661-19-000001	1	Coursapp, Inc.	Warren Essey	CEO, President
0001665160-19-000072	1	Open Box Buy Corporation	Richard Marino	CEO, Principal Executive Officer and Director, Principal Financial Officer and Principal Accounting Officer
0001665160-19-000068	1	Flower Turbines LLC	Mark Daniel Farb	CEO, Principal Executive Officer and Director, Principal Financial Officer and Principal Accounting Officer
0001665160-19-000067	1	Mycroft AI Inc.	Joshua Montgomery	CEO, Principal Executive Officer and Director, Principal Financial Officer and Principal Accounting Officer
0001648770-19-000001	1	BALLOONR, INC.	Amanda Greenberg	Director, President, Secretary, Treasurer
0001665160-19-000065	1	GuruMD Virtual Med, Inc	Clinton Osborn	CEO, Principal Executive Officer and Manager, Principal Financial Officer and Principal Accounting Officer
0001756562-19-000002	1	Nutri-Chef Gluten-Free Foods, LLC	Kenneth A. Crecelius	Owner
0001756562-19-000001	1	Nutri-Chef Gluten-Free Foods, LLC	Kenneth A. Crecelius	Owner
0001670254-19-000001	1	HunniCo, Company	Karin Butler	CEO
0001670254-19-000004	1	Akibah Health Corporation	Fathi Abdelsalam	Founder & CEO
0001743563-19-000002	1	Huge Legal Technology Company, Inc.	Cody Barbo	CEO
0001669191-19-000015	1	Future Mobility Company Holdings, Inc.	Dagan Mishoulam	Principal Executive Officer
0001760655-19-000005	1	Blue Sparrow LLC	Luke Cypher	Owner
0001759355-19-000008	1	Pluton Biosciences, LLC	Charlie Walch	CEO
0001665160-19-000064	1	Boku International, Inc.	Lynn Rolle	CEO, Principal Executive Officer, Manager, Principal Financial Officer and Principal Accounting Officer
0001675481-19-000002	1	Spotlight: Girls	Lynn Johnson	CEO
0001754712-19-000001	1	CentriCrude Services, Inc.	Edward Stoltenberg	Chief Financial Officer
0001669191-19-000013	1	Domestic Brands Inc	Lawrence Charles	Principal Executive Officer
0001665160-19-000061	1	The Nicholas VFX Group LLC	Nicholas Tesi	CEO, Principal Executive Officer, Manager, Principal Financial Officer and Principal Accounting Officer
0001665160-19-000058	1	anyone Media Network, Inc	Charles Simmons	CEO, Principal Executive Officer and Director, Principal Financial Officer and Principal Accounting Officer
0001665160-19-000057	1	Monetran, LLC	Don Bielak	CEO, Principal Executive Officer and Manager,Principal Financial Officer and Principal Accounting Officer
0001665160-19-000056	1	Your Car, Our Driver, Inc.	Josef Wojtkow	CEO, Principal Executive Officer and Director, Principal Financial Officer and Principal Accounting Officer
0001665160-19-000055	1	StorEn Technologies Inc.	Carlo Brovero	CEO, Principal Executive Officer and Director, Principal Financial Officer and Principal Accounting Officer
0001759125-19-000001	1	Outpost Trading Company	Kenneth J. Manning	CEO
0001665160-19-000051	1	BluCollr, LLC.	Christoper R. Lawrence	CEO, Manager, Head of Business Development and Marketing
0001669191-19-000009	1	SRA Health, Inc.	Steven Coen	Principal Executive Officer
0001665160-19-000044	1	Bublish, Inc.	Kathy Meis	President and CEO, Principal Executive Officer and Director, Principal Financial Officer and Principal Accounting Officer
0001669191-19-000011	1	Future Mobility Company Holdings, Inc.	Dagan Mishoulam	Principal Executive Officer
0001665160-19-000047	1	Andromeda Interfaces, Inc.	Brian Gallagher	CEO, Principal Executive Officer and Director, Principal Financial Officer and Principal Accounting Officer
0001665160-19-000041	1	HotSpotMe, Inc.	Robert J. Sabharwal	President and CEO, Principal Executive Officer and Director, Principal Financial Officer and Principal Accounting Officer
0001762000-19-000002	1	Mitte Corp.	Moritz Waldstein Wartenberg	CEO
0001665160-19-000033	1	Ant Bicycle Inc.	Binglin Zhong	CEO, Principle Financial Officer, Principle Accounting Officer
0001665160-19-000037	1	QuiGig, Inc.	Emad Mousavi	CEO, Principal Executive Officer, Director, Principal Financial Officer and Principal Accounting Officer
0001665160-19-000031	1	One Roq Spirits LLC	J. Garrett Green	CEO, Principal Executive Officer and Director, Principal Financial Officer and Principal Accounting Officer
0001760520-19-000002	1	ActionTrac Global LLC	Hal Wendel	Founder/CEO
0001665160-19-000029	1	FREEDOM MOTORS INC	Paul Moller	CEO, Principal Executive Officer
0001665160-19-000028	1	Vizrom Inc.	Emmanuel Umoh	CEO, Principal Executive Officer and Director,Principal Financial Officer and Principal Accounting Officer
0001665160-19-000027	1	CWF Continental, Inc	Ryan Koch	CEO, Principal Executive Officer and Director and Principal Financial Officer and Principal Accounting Officer
0001665160-19-000026	1	Power2Peer, Inc.	Mamta Sonwalkar	CEO, Principal Executive Officer and Director, Principal Financial Officer and Principal Accounting Officer
0001760505-19-000002	1	INVENTORYMEAPP INC	Kevin Cope	President
0001762000-19-000001	1	Mitte Corp.	Moritz Waldstein Wartenberg	CEO
0001665160-19-000024	1	WebTez, Inc.	Peter J. Tezza II	CEO, Principal Executive Officer and Director
0001669191-19-000007	1	Subba Media Inc	Mark Jennings	Principal Executive Officer
0001759620-19-000001	1	Blendtopia, Inc.	Tiffany Taylor	Founder & CEO
0001620626-19-000001	1	SpongeBath LLC	Matthew Flannery	CEO
0001665160-19-000017	1	Housa, LLC	Jason Walker	Founder and Manager, Chief Business Development Officer, Principal Executive Officer, Principal Financial Officer
0001759355-19-000006	1	Pluton Biosciences, LLC	Charlie Walch	CEO
0001665160-19-000015	1	Mosaic Distributors, LLC	Chris Kolodziejski	CEO, Principal Executive Officer and Manager, Principal Financial Officer and Principal Accounting Officer
0001665160-19-000014	1	Housa LLC	Jason Walker	Founder and Manager, Chief Business Development Officer, Principal Executive Officer, Principal Financial Officer
0001757857-19-000001	1	FanCompete LLC	John Senew	CEO
0001665160-19-000012	1	Lettuce Networks, Inc.	Yogesh Sharma	CEO, Principal Executive Officer, Director, Principal Financial Officer and Principal Accounting Officer
0001669191-19-000005	1	Aphios Pharma LLC	Trevor  Castor	Principal Executive Officer
0001747795-19-000001	1	Lavabit, LLC	Ladar Levison	CEO
0001759348-19-000003	1	Mailtag Company, LLC	Alex Edson	Chief Executive Officer
0001760655-19-000004	1	County Route Catering, Inc.	Mark Ganem	Owner
0001760655-19-000003	1	Pig Hill Brewery LLC	Naomi Auth	Owner
0001760655-19-000002	1	KS Fitness LLC	Kent Sammons II	Owner
0001760655-19-000001	1	Blue Sparrow LLC	Luke Cypher	Owner
0001665160-19-000008	1	SXC Live Inc.	Amir Amini	CEO, Principal Executive Officer and Director, Principal Financial Officer and Principal Accounting Officer
0001665160-19-000007	1	Gift Jeenie USA, Inc	Vikram Chopra	CEO, Principal Executive Officer and Director, Principal Financial Officer and Principal Accounting Officer
0001665160-19-000006	1	Sun Fund Renewables Inc.	Michael Licamele	CEO, Principal Executive Officer and Sole Director, Principal Financial Officer and Principal Accounting Officer
0001665160-19-000005	1	Duby LLC	Russell Thomas	CEO, Principal Executive Officer, Manager, Principal Financial Officer and Principal Accounting Officer
0001665160-19-000004	1	Sagoon Inc.	Govinda Giri	CEO, Principal Executive Officer and Director, Principal Financial Officer and Principal Accounting Officer
0001665160-19-000003	1	GarageSkins, Inc.	Richard L Medlen	CEO, Principal Executive Officer and Director, Principal Financial Officer and Principal Accounting Officer
0001665160-19-000002	1	Seam Tech, Inc	Adrian Ceron	CEO, Principal Executive Officer, Principal Financial Officer, Principal Accounting Officer
0001665160-19-000001	1	ArtMap, Inc	David Smooke	CEO, Principal Executive Officer and Director, Principal Financial Officer and Principal Accounting Officer
0001749046-19-000001	1	Nori, LLC	Paul Gambill	Chief Executive Officer and Co-Manager
0001760505-19-000001	1	INVENTORYMEAPP INC	Kevin D. Cope	President
0001669191-19-000002	1	Swoon City Music LLC	Maureen Lloren	Principal Executive Officer
0001742857-19-000001	1	POQ ISSUER, LLC	G. Michael Weiksner	Chief Technology Officer
0001745226-19-000001	1	Moonlighting LLC	Jeff Tennery	Chief Executive Officer
0001743482-19-000001	1	Polymath Labs, Inc.	Matt Wilkerson	CEO
0001743181-19-000001	1	BANDWAGONFANCLUB INC.	Harold Hughes	Chief Executive Officer
