ACCESSION_NUMBER	ID	PERSONSIGNATURE	PERSONTITLE	SIGNATUREDATE
0001746059-19-000039	1	Thim Yee	Owner and Founder	2019-09-30
0001665160-19-000965	1	Scott Graham	CEO, Principal Executive Officer and Manager, Principal Financial Officer and Principal Accounting Officer	2019-09-30
0001782650-19-000004	1	Craig Cozza	Owner	2019-09-30
0001782111-19-000002	1	Shelly Gracon	Owner	2019-09-30
0001669191-19-000346	4	Benjamin White	Board Member	2019-09-30
0001669191-19-000346	3	Benjamin White	Principal Accounting Officer	2019-09-30
0001669191-19-000346	2	Benjamin White	Principal Financial Officer	2019-09-30
0001669191-19-000346	1	Benjamin White	Principal Executive Officer	2019-09-30
0001669191-19-000344	4	Christopher Lustrino	Board Member	2019-09-27
0001788853-19-000001	1	Nohra Murad	Owner	2019-09-27
0001669191-19-000344	3	Christopher Lustrino	Principal Accounting Officer	2019-09-27
0001669191-19-000344	2	Christopher Lustrino	Principal Financial Officer	2019-09-27
0001669191-19-000344	1	Christopher Lustrino	Principal Executive Officer	2019-09-27
0001669191-19-000342	3	Stev Stephens	Principal Accounting Officer	2019-09-27
0001785176-19-000001	1	Sumaya Lakis	CEO and Board Chair	2019-09-27
0001669191-19-000342	1	Christopher Darnell	Principal Executive Officer	2019-09-27
0001669191-19-000342	2	Stev Stephens	Principal Financial Officer	2019-09-27
0001785964-19-000002	1	Joshua Bareket	Principal executive officer, principal financial officer, principal accounting officer	2019-09-27
0001496634-19-000003	1	Leslie D. Michelson	Principal Executive Officer & Board Member	2019-09-26
0001496634-19-000003	2	Gregg S. Britt	President & Board Member	2019-09-26
0001496634-19-000003	3	Milton Rodriguez	Vice President, Finance and Administration	2019-09-26
0001783128-19-000001	2	Lance Mojaver	CTO, issuer, principal executive officer, principal financial officer, controller, and principal accounting officer	2019-09-27
0001783128-19-000001	1	Michael Mojaver	CEO, issuer, principal executive officer, principal financial officer, controller, and principal accounting officer	2019-09-27
0001668287-19-000056	1	Dano Veal	Owner	2019-09-27
0001728664-19-000007	1	David Nikzad	CEO	2019-08-22
0001668287-19-000053	1	Neil Epstein	Owner	2019-09-27
0001774041-19-000004	1	Katherine Stillwell	CEO and Director	2019-09-27
0001789467-19-000001	1	Joshua Griggs	Managing Member	2019-09-26
0001670254-19-000550	1	Wayne H. Hanson	Co-Founder	2019-09-26
0001670254-19-000550	2	Ryota Yamada	CFO	2019-09-25
0001670254-19-000550	3	David Edward Calver	Chief Clinical Officer/ Co Founder	2019-09-25
0001670254-19-000550	4	Keoke King	CEO, President, Co-Founder	2019-09-25
0001665160-19-000960	1	Steve Grubbs	CEO, Principal Executive Officer and Director, Principal Financial Officer and Principal Accounting Officer	2019-09-26
0001765252-19-000005	1	Neil Biafore	CEO	2019-09-26
0001778950-19-000003	1	Michelle Thimesch	Attorney	2019-09-25
0001670254-19-000547	2	Ken Jarman	Co-Founder/ COO	2019-09-25
0001670254-19-000547	1	Jude Samson	Board Member CTO	2019-09-25
0001670254-19-000547	3	Michael Jarman	Co-Founder/CEO	2019-09-25
0001746059-19-000038	1	Claudia Strobing	Owner and Founder	2019-09-25
0001781842-19-000002	1	Mark Maurice Nasry	Principal executive officer, principal financial officer, controller	2019-09-25
0001781842-19-000002	2	John Hakim	Co-Founder and CTO	2019-09-25
0001746059-19-000037	3	Kwasi Ansu	CMO, Manager, and Co-Founder	2019-09-25
0001746059-19-000037	1	Franz Hochstrasser	CEO, Manager, and Co-Founder	2019-09-25
0001746059-19-000037	2	Matthew Maroney	COO, Manager, and Co-Founder	2019-09-25
0001785538-19-000002	1	Brian Giniewski	Owner	2019-09-25
0001781842-19-000001	1	Mark Maurice Nasry	Principal executive officer, principal financial officer, controller	2019-09-25
0001781842-19-000001	2	John Hakim	Co-Founder and CTO	2019-09-25
0001668287-19-000051	1	Dale Galbraith	Owner	2019-09-25
0001788935-19-000001	1	David Schacter	CEO / Founder	2019-09-25
0001746059-19-000036	1	Ian McGregor	Owner and Founder	2019-09-25
0001746059-19-000036	2	Jeffrey Wetzel	Owner and CoFounder	2019-09-25
0001736388-19-000009	1	Daniel Downs	Director	2019-09-25
0001736388-19-000009	2	Paul Sieradzki	Director	2019-09-25
0001669191-19-000337	4	Sam Malone	Board Member	2019-09-25
0001669191-19-000337	3	Sam Malone	Principal Accounting Officer	2019-09-25
0001669191-19-000337	2	Sam Malone	Principal Financial Officer	2019-09-25
0001669191-19-000337	1	Sam Malone	Principal Executive Officer	2019-09-25
0001660945-19-000003	1	Sam Polk	CEO and Director	2019-09-24
0001776217-19-000003	2	Jordan Zommick	CTO, issuer, principal executive officer, principal financial officer, controller, and principal accounting officer	2019-09-24
0001776217-19-000003	1	Michel Bayan	CEO, issuer, principal executive officer, principal financial officer, controller, and principal accounting officer	2019-09-24
0001778006-19-000004	1	Michael Peterson	Managing Member	2019-09-24
0001665160-19-000958	1	Bruce Kania	Chief Executive Officer, Principal Executive Officer, Director	2019-09-24
0001665160-19-000958	3	Anne Kania	Executive Vice President, Director, Treasurer, Principal Accounting Officer, and Principal Financial Officer	2019-09-24
0001665160-19-000958	2	Alicia Pettys	Director	2019-09-24
0001670254-19-000543	1	Neil Epstein	CEO / President	2019-09-24
0001670254-19-000538	2	Christian Braun	CEO	2019-09-20
0001670254-19-000538	1	Frank Fuchs	Investor Director (non-executive)	2019-09-20
0001773714-19-000004	1	Oleg Cheine	President	2019-09-24
0001782075-19-000007	1	Andrew Christodoulides	Chief Executive Officer	2019-09-24
0001782075-19-000007	2	George Varvatsoulis	Director	2019-09-24
0001665160-19-000957	1	Daniel Eisenman	CEO, Principal Executive Officer and Director, Principal Financial Officer and Principal Accounting Officer	2019-09-23
0001669191-19-000335	2	Bradley Heimowitz	Principal Financial Officer	2019-09-23
0001669191-19-000335	3	Bradley Heimowitz	Principal Accounting Officer	2019-09-23
0001669191-19-000335	4	Bradley Heimowitz	Board Member	2019-09-23
0001669191-19-000335	1	Bradley Heimowitz	Principal Executive Officer	2019-09-23
0001733855-19-000002	1	James Jordan	Director, issuer, principal executive officer, principal financial officer, controller, and principal accounting officer	2019-09-23
0001733855-19-000002	2	Nicholas Giancola	CEO, issuer, principal executive officer	2019-09-23
0001733855-19-000002	3	Ethan Joffe	CTO, issuer	2019-09-23
0001713167-19-000008	1	Emmanuel Saint-Martin	CEO	2019-09-23
0001746059-19-000035	1	Adam Pearson	Founder	2019-09-23
0001665160-19-000955	1	Adrian Ceron	CEO, Principal Executive Officer, Principal Financial Officer, Principal Accounting Officer	2019-09-23
0001702784-19-000007	1	John Mullin	CEO, President & Director	2019-09-23
0001702784-19-000007	2	Evan Madden-Peister	CFO	2019-09-23
0001712549-19-000002	1	Amy Jo Miller	COO	2019-09-22
0001712549-19-000002	2	Brian Potts	Board Member	2019-09-22
0001712549-19-000002	3	Abigail Wuest	CEO	2019-09-22
0001722152-19-000002	1	Thymaya Payne	Secretary	2019-09-18
0001665160-19-000954	2	Rita Kikoen	Director, Principal Financial Officer and Principal Accounting Officer	2019-09-20
0001665160-19-000954	1	Brian Freer	CEO, Principal Executive Officer and Director	2019-09-20
0001665160-19-000949	1	David Waldorf	CEO, Principal Executive Officer and Director, Principal Financial Officer and Principal Accounting Officer	2019-09-20
0001670254-19-000534	1	Jennifer Piette	Founder/CEO	2019-09-20
0001665160-19-000951	1	Chris Thompson	CEO, Principal Executive Officer and Director, Principal Financial Officer and Principal Accounting Officer	2019-09-20
0001670254-19-000530	2	Javier Castro	CEO	2019-09-19
0001670254-19-000530	1	Javier Castro	CEO	2019-09-19
0001746059-19-000033	1	Alexis Jones	Founder & CEO	2019-09-20
0001665160-19-000948	1	Adnan Malik	CEO, Director, Principal Executive Officer, Principal Financial Officer and Principal Accounting Officer	2019-09-20
0001786494-19-000002	1	Keyla Cook	Owner	2019-09-20
0001786494-19-000001	1	Keyla Cook	Owner	2019-09-20
0001767272-19-000004	1	Michael Brown	Chief Executive Officer, Chief Financial Officer and sole Director	2019-09-19
0001670254-19-000527	3	Lori L. Hope	Controller, Director	2019-09-17
0001670254-19-000527	2	Rosemary ONeill	Co-CEO	2019-09-17
0001670254-19-000527	1	Edward O'Neill	Co-CEO	2019-09-17
0001670254-19-000527	4	Molly ONeill	Chief Operating Officer	2019-09-17
0001665160-19-000947	1	Ray Phillips	CEO, Principal Executive Officer and Director, Principal Financial Officer and Principal Accounting Officer	2019-09-19
0001665160-19-000945	1	Duncan Parker	CEO, Principal Executive Officer and Director, Principal Financial Officer and Principal Accounting Officer	2019-09-19
0001774858-19-000004	1	Anthony Livadas	COO	2019-09-19
0001746059-19-000032	2	Robert Curry	Owner and CoFounder	2019-09-19
0001746059-19-000032	1	Kyle Davis	Owner and Founder	2019-09-19
0001665160-19-000943	1	Ray Phillips	CEO, Principal Executive Officer and Director, Principal Financial Officer and Principal Accounting Officer	2019-09-18
0001785115-19-000004	1	Serafina Palandech	CEO	2019-09-18
0001746059-19-000031	1	Paula Corbett	Owner and Founder	2019-09-18
0001785115-19-000003	1	Serafina Palandech	CEO	2019-09-18
0001787023-19-000002	1	Stephanie Bryan	CEO	2019-09-18
0001581437-19-000006	1	/s/ H. Jacob Hanchar	Chief Executive Officer, Managing Member	2019-09-17
0001665160-19-000940	1	Joshua Montgomery	CEO, Principal Executive Officer and Director, Principal Financial Officer and Principal Accounting Officer	2019-09-18
0001788605-19-000001	1	Aaron Coats	CEO, issuer, principal executive officer, principal financial officer, controller, and principal accounting officer	2019-09-18
0001788605-19-000001	2	Amber Venz Box	Chairman, issuer, principal executive officer, principal financial officer, controller, and principal accounting officer	2019-09-18
0001788605-19-000001	3	Baxter Box	Board Member, issuer, principal executive officer, principal financial officer, controller, and principal accounting officer	2019-09-18
0001669191-19-000332	1	Andrew  Weinberger	Principal Executive Officer	2019-09-18
0001669191-19-000332	4	Andrew  Weinberger	Board Member	2019-09-18
0001669191-19-000332	3	Andrew  Weinberger	Principal Accounting Officer	2019-09-18
0001669191-19-000332	2	Andrew  Weinberger	Principal Financial Officer	2019-09-18
0001669191-19-000330	3	Sam Malone	Principal Accounting Officer	2019-09-18
0001669191-19-000330	1	Sam Malone	Principal Executive Officer	2019-09-18
0001669191-19-000330	2	Sam Malone	Principal Financial Officer	2019-09-18
0001669191-19-000330	4	Sam Malone	Board Member	2019-09-18
0001669191-19-000327	2	Lucy Valena	Principal Financial Officer	2019-09-18
0001669191-19-000327	5	Jaime  van Schyndel	Board Member	2019-09-18
0001669191-19-000327	3	Lucy Valena	Principal Accounting Officer	2019-09-18
0001669191-19-000327	1	Jaime  van Schyndel	Principal Executive Officer	2019-09-18
0001669191-19-000327	4	Lucy Valena	Board Member	2019-09-18
0001669191-19-000327	6	Evan Korzon	Board Member	2019-09-18
0001581437-19-000005	1	/s/ H. Jacob Hanchar	Chief Executive Officer, Managing Member	2019-09-17
0001665160-19-000938	2	Alex Nunez	Principal Financial Officer, Principal Accounting Officer, and Director	2019-09-17
0001665160-19-000938	1	Paul Van Kleef	CEO Principal Executive Officer and Chairman of the Board of Directors	2019-09-17
0001788415-19-000001	1	Philip Knight	Owner	2019-09-17
0001665160-19-000936	1	Daniel Rubano	CEO, Principal Executive Officer and Director, Principal Financial Officer and Principal Accounting Officer	2019-09-17
0001665160-19-000936	2	Lawrence M. Drake II, Ph.D.	Director	2019-09-17
0001784144-19-000002	1	Elisabeth P. Oertle	CEO/Co-Founder	2019-09-17
0001784144-19-000002	2	Desi McAdam	CTO/COO/Co-Founder	2019-09-17
0001785946-19-000002	1	Derek Gilboe	CEO	2019-09-17
0001785946-19-000001	1	Derek Gilboe	CEO	2019-09-16
0001746059-19-000030	1	Margaret Crowley	Owner and Founder	2019-09-16
0001665160-19-000934	1	Chris Outwater	CEO, Principal Executive Officer and Director	2019-09-16
0001665160-19-000934	2	Timothy A. Hylas	Principal Financial Officer and Principal Accounting Officer	2019-09-16
0001785538-19-000001	1	Veronica Ballard	Owner	2019-09-16
0001767242-19-000007	1	/s/ Dave Rothenberg	Chairman, COO	2019-09-16
0001767242-19-000007	2	/s/ Matthew Runeare	CEO	2019-09-16
0001781797-19-000002	2	Larry D Foster	Manager	2019-09-16
0001781797-19-000002	3	Zhong Nick Ren	Manager	2019-09-16
0001781797-19-000002	1	Xinguo Mike Wang	Manager	2019-09-16
0001669191-19-000322	1	Chris Anderson	Principal Executive Officer	2019-09-16
0001669191-19-000322	2	Chris Anderson	Principal Financial Officer	2019-09-16
0001669191-19-000322	6	John Preston	Board Member	2019-09-16
0001669191-19-000322	5	Shad Azimi	Board Member	2019-09-16
0001669191-19-000322	7	Roger  Berry	Board Member	2019-09-16
0001669191-19-000322	3	Chris Anderson	Principal Accounting Officer	2019-09-16
0001669191-19-000322	4	Chris Anderson	Board Member	2019-09-16
0001670254-19-000515	1	Matthew Hough	President	2019-09-11
0001670254-19-000521	1	Alexander Jones	VP Administration	2019-09-12
0001670254-19-000521	2	Jehanne Elabed	Vice-President	2019-09-12
0001670254-19-000521	3	Fred Schlomka	Co-Founder   Managing Partner	2019-09-11
0001670254-19-000518	1	Sebastian Gomez Puerto	CEO & Founder	2019-09-11
0001783268-19-000002	1	Monica Grays	Owner	2019-09-13
0001746059-19-000029	1	Matthew Kaplan	Founder & CEO	2019-09-13
0001665160-19-000932	1	Diana Sabacinski	CEO, Principal Executive Officer and Director, Principal Financial Officer and Principal Accounting Officer	2019-09-13
0001665160-19-000931	1	Darius Grandberry	CEO, Principal Executive Officer and Manager, Principal Financial Officer and Principal Accounting Officer	2019-09-13
0001780431-19-000003	1	Lee Danna by Sean Fuellhart POA	President	2019-09-13
0001779118-19-000003	1	Jordan Mayerson	Co-Founder & CEO, Director	2019-09-12
0001779118-19-000003	2	Nikolas Schreiber	Co-Founder & CTO, Director	2019-09-12
0001782749-19-000001	1	/s/Amit Kothari	Director, CEO, President, Secretary	2019-09-12
0001782749-19-000001	2	/s/Pravina Pindoria	Director, Chief Operating Officer	2019-09-12
0001665160-19-000930	1	Ryan Raya	CEO, Principal Executive Officer and Director, Principal Financial Officer and Principal Accounting Officer	2019-09-12
0001665160-19-000930	2	Tamir Nitzan	Director	2019-09-12
0001755767-19-000001	1	Al Mughairy by Sean Fuellhart POA	CEO	2019-09-12
0001665160-19-000928	1	Carder Starr	CEO, Principal Executive Officer and Manager, Principal Financial Officer and Principal Accounting Officer	2019-09-12
0001669191-19-000319	1	Claude Harris	Principal Executive Officer	2019-09-12
0001669191-19-000319	2	Claude Harris	Principal Financial Officer	2019-09-12
0001669191-19-000319	3	Claude Harris	Principal Accounting Officer	2019-09-12
0001669191-19-000319	4	Claude Harris	Board Member	2019-09-12
0001670254-19-000510	1	Skinner Myers	Writer/Director	2019-09-04
0001665160-19-000927	1	Paris Smalls	CEO, Principal Executive Officer and Director, Principal Financial Officer and Principal Accounting Officer	2019-09-11
0001775794-19-000002	1	Adam Steven Fogerson	Senior Partner	2019-09-11
0001665160-19-000926	1	Sheri Atwood	CEO, Principal Executive Officer and Director, Principal Financial Officer and Principal Accounting Officer	2019-09-11
0001670254-19-000508	1	Esther Kibreab	co-CEO	2019-09-06
0001670254-19-000508	2	Kevin Shaw	co-CEO	2019-09-06
0001787138-19-000001	1	Jonathan Schultz	Founder & CEO	2019-09-11
0001665160-19-000925	1	Bill Besselman	CEO, Principal Executive Officer and Director, Principal Financial Officer and Principal Accounting Officer	2019-09-10
0001783556-19-000002	1	Terry Jones	Chief Executive Officer	2019-09-10
0001756122-19-000002	1	Librado Cerda Jr	President	2019-09-10
0001775091-19-000005	1	Willard Jackson	CEO	2019-09-10
0001731736-19-000003	2	Bosco Kante	CEO	2019-09-10
0001731736-19-000003	1	Maya Kante	CMO	2019-09-10
0001783698-19-000002	1	Kelly Kozak	Owner	2019-09-09
0001665160-19-000921	1	David Waldorf	CEO, Principal Executive Officer and Director, Principal Financial Officer and Principal Accounting Officer	2019-09-09
0001665160-19-000920	1	Mike Azzarello	CEO, Principal Executive Officer and Director, Principal Financial Officer and Principal Accounting Officer	2019-09-09
0001665160-19-000920	4	Ray Gedert	Director	2019-09-09
0001665160-19-000920	3	George LeBeau	Director	2019-09-09
0001665160-19-000920	2	Bruce Sawhill, PhD	CTO and Director	2019-09-09
0001670254-19-000505	1	George Schwartz	Chairman	2019-09-06
0001665160-19-000919	1	David Schick	CEO, Principal Executive Officer and Director, Principal Financial Officer and Principal Accounting Officer	2019-09-06
0001670254-19-000505	4	Marc Van Valen	Cofounder and COO	2019-09-05
0001670254-19-000505	3	Marc Van Valen	Cofounder and COO	2019-09-06
0001670254-19-000505	2	Kenneth D'Amato	CEO	2019-09-06
0001729668-19-000001	3	Kristin Demko	Director, issuer, principal executive officer, principal financial officer, controller, and principal accounting officer	2019-09-06
0001729668-19-000001	2	Scott DeGraeve	COO, issuer, principal executive officer, principal financial officer, controller, and principal accounting officer	2019-09-06
0001729668-19-000001	1	Michael Demko	CEO, director, issuer, principal executive officer, principal financial officer, controller, and principal accounting officer	2019-09-06
0001774075-19-000007	2	Jeremy Gamble	Director	2019-09-06
0001774075-19-000007	3	Randall Lee McGill	Director	2019-09-06
0001774075-19-000007	1	Fred McGill	Director	2019-09-06
0001787023-19-000001	1	Stephanie Bryan	CEO	2019-09-06
0001773290-19-000002	1	John Cascarano	principal executive officer, principal financial officer, controller, and majority of the board of directors	2019-09-06
0001666102-19-000020	1	Edward Armstrong	CEO	2019-09-06
0001665160-19-000917	1	Eric Ralls	CEO, Principal Executive Officer and Director, Principal Financial Officer and Principal Accounting Officer	2019-09-04
0001765395-19-000003	2	Shahin Naghavi	Member	2019-09-06
0001765395-19-000003	1	Daniel Ampuero	Member	2019-09-06
0001670254-19-000501	1	Sarah Buxbaum	Founder & CEO	2019-09-04
0001785146-19-000002	2	Bruce Brookshire	CTO	2019-09-06
0001785146-19-000002	1	Carson Ward	CEO	2019-09-06
0001750513-19-000004	1	Sean Kanter	Owner Operator	2019-09-06
0001670254-19-000498	2	Ravi Koltur	CTO	2019-09-05
0001670254-19-000498	3	Ed Abdel-Malak	Co-Founder & CEO	2019-09-05
0001670254-19-000498	1	michael hudak	COO	2019-09-05
0001665160-19-000916	1	Luka Fajs	CEO, Principal Executive Officer and Director, Principal Financial Officer and Principal Accounting Officer	2019-09-06
0001665160-19-000916	2	Robert S. Marks	Director, Secretary	2019-09-06
0001781797-19-000001	3	Zhong Nick Ren	Manager	2019-09-06
0001781797-19-000001	1	Xinguo Mike Wang	CEO	2019-09-06
0001781797-19-000001	2	Larry Foster	Manager	2019-09-06
0001767272-19-000003	1	Michael Brown	Chief Executive Officer, Chief Financial Officer and sole Director	2019-09-06
0001668287-19-000046	1	Michael Ray Eamotte	Owner	2019-09-05
0001665160-19-000914	1	Peter Budlong	CEO, Principal Executive Officer and Director, Principal Financial Officer and Principal Accounting Officer	2019-09-05
0001668287-19-000044	1	Mark Kreitzman	Managing Director	2019-09-05
0001777935-19-000001	1	Marcus Davis	President	2019-09-05
0001777935-19-000001	2	Melvinie Davis	Chief Financial Officer	2019-09-05
0001665160-19-000912	1	Joseph Daniluk	CEO, Principal Executive Officer and Director, Principal Financial Officer, Secretary, and Principal Accounting Officer	2019-09-05
0001665160-19-000911	1	Vitaly Khusidman	CEO, Principal Executive Officer and Director, Principal Financial Officer and Principal Accounting Officer	2019-09-05
0001665160-19-000910	1	Giovanni Austin	CEO, Principal Executive Officer, Director, Principal Financial Officer and Principal Accounting Officer	2019-09-05
0001668287-19-000041	1	Andrew Bennett	CEO	2019-09-05
0001669191-19-000316	1	Charles Zwebner	Board of Directors	2019-08-05
0001783015-19-000001	2	Nazim Deniz Kalashoglu	Board Member	2019-09-04
0001783015-19-000001	1	Kerem Ozkan	Board Member	2019-09-04
0001665160-19-000908	1	David Waldorf	CEO, Principal Executive Officer and Director, Principal Financial Officer and Principal Accounting Officer	2019-09-04
0001669191-19-000315	5	Tiffany Nguyen	Board Member	2019-09-04
0001669191-19-000315	6	Kimberly Nguyen	Board Member	2019-09-04
0001669191-19-000315	1	Kimberly Nguyen	Principal Executive Officer	2019-09-04
0001669191-19-000315	4	Steve Nguyen	Board Member	2019-09-04
0001669191-19-000315	2	Kimberly Nguyen	Principal Financial Officer	2019-09-04
0001669191-19-000315	3	Kimberly Nguyen	Principal Accounting Officer	2019-09-04
0001554477-19-000003	1	Jared Augustine	CEO, issuer, principal executive officer, principal financial officer, controller, and principal accounting officer	2019-09-04
0001554477-19-000003	3	Mark Gerson	Co-Chairman, issuer, principal executive officer, principal financial officer, controller, and principal accounting officer	2019-09-04
0001554477-19-000003	2	Atiim Kiambu Tiki Barber	Co-Chairman, issuer, principal executive officer, principal financial officer, controller, and principal accounting officer	2019-09-04
0001777204-19-000001	1	Siqi Mou	Chief Executive Officer and sole Director	2019-09-04
0001668287-19-000038	1	Ron Stamp	Owner	2019-09-04
0001668287-19-000037	1	David Colella	Owner	2019-09-04
0001668287-19-000036	1	Mark Hayes	Owner	2019-09-04
0001668287-19-000035	1	Joshua Harrison	Owner	2019-09-04
0001669191-19-000313	4	Bradley Heimowitz	Board Member	2019-09-04
0001669191-19-000313	2	Bradley Heimowitz	Principal Financial Officer	2019-09-04
0001669191-19-000313	1	Bradley Heimowitz	Principal Executive Officer	2019-09-04
0001669191-19-000313	3	Bradley Heimowitz	Principal Accounting Officer	2019-09-04
0001702784-19-000006	1	John Mullin	CEO, President & Director	2019-09-03
0001702784-19-000006	2	Evan Madden-Peister	CFO	2019-09-03
0001774156-19-000011	1	/s/ Peter Ghiorse	Co-Founder / CEO	2019-09-03
0001774046-19-000002	3	Kyle Backer	Director	2019-09-03
0001774046-19-000002	2	Toni McCarty	Chief Financial Officer	2019-09-03
0001774046-19-000002	1	Tracey Suppo	Chief Executive Officer, President and Director	2019-09-03
0001665160-19-000904	1	Emmanuel Umoh	CEO, Principal Executive Officer and Director,Principal Financial Officer and Principal Accounting Officer	2019-09-03
0001676476-19-000002	1	Walid Abdul-Wahab	principal executive officer, principal financial officer, principal accounting officer and director	2019-09-03
0001665160-19-000903	1	JD Claridge	CEO, Principal Executive Officer and Director, Principal Financial Officer and Principal Accounting Officer	2019-09-03
0001665160-19-000901	1	Anthony C. Materna	Principal Executive Officer, Principal Financial Officer and Principal Accounting Officer and Director	2019-09-03
0001665160-19-000901	2	Andrea Morara	President and Director	2019-09-03
0001665160-19-000900	1	Mohammed Diallo	CEO, Principal Executive Officer, and Director	2019-09-03
0001665160-19-000900	2	Ibrahima Diallo	COO, Principal Financial Officer, and Principal Accounting Officer	2019-09-03
0001665160-19-000900	3	Mohammed Diallo	CEO, Principal Executive Officer, and Director	2019-09-03
0001665160-19-000899	1	JD Claridge	CEO, Principal Executive Officer and Director, Principal Financial Officer and Principal Accounting Officer	2019-09-03
0001665160-19-000898	2	Friso Schmid	Principal Executive Officer and Director, Principal Financial Officer and Principal Accounting Officer	2019-09-03
0001665160-19-000898	1	Aike Muller	Principal Executive Officer and President	2019-09-03
0001665160-19-000898	3	Aike Muller	Principal Executive Officer and President	2019-09-03
0001669191-19-000311	3	Bradley Heimowitz	Principal Accounting Officer	2019-09-03
0001669191-19-000311	4	Bradley Heimowitz	Board Member	2019-09-03
0001669191-19-000311	2	Bradley Heimowitz	Principal Financial Officer	2019-09-03
0001669191-19-000311	1	Bradley Heimowitz	Principal Executive Officer	2019-09-03
0001670254-19-000496	2	George Tootle	VP of National Sales & Marketing Rep	2019-08-29
0001670254-19-000496	3	Vanessa Braxton	CEO & President	2019-08-29
0001670254-19-000496	1	Sheila R. W. Copeland	Vice President of Government Sales and Licensing Compliance	2019-08-29
0001665160-19-000897	2	Remy J Sedlmayr	Principal Accounting Officer	2019-08-30
0001665160-19-000897	1	Steven R Sedlmayr	CEO, Principal Executive Officer and Director and Principal Financial Officer	2019-08-30
0001670254-19-000493	1	Edward Cruz	Founder and CEO	2019-08-29
0001665160-19-000896	1	Richard Marino	CEO, Principal Executive Officer and Director, Principal Financial Officer and Principal Accounting Officer	2019-08-30
0001665160-19-000895	1	Randall Jones	CEO, Principal Executive Officer and Director, Principal Financial Officer and Principal Accounting Officer	2019-08-30
0001776945-19-000003	1	Jason Andaya	Chairman	2019-08-30
0001776774-19-000003	1	John-Roveen Abante	Manager	2019-08-30
0001776774-19-000003	2	Giovan Cuchapin	Manager	2019-08-30
0001776774-19-000003	3	Mark Pascual	Manager	2019-08-30
0001665160-19-000894	2	Zeenat William	Principal Financial Officer and Principal Accounting Officer	2019-08-30
0001665160-19-000894	1	Maya Parbhoe	CEO, Principal Executive Officer and Director	2019-08-30
0001665160-19-000893	1	Yogesh Sharma	CEO, Principal Executive Officer, Director, Principal Financial Officer and Principal Accounting Officer	2019-08-30
0001665160-19-000892	1	Peter J. Tezza II	CEO, Principal Executive Officer and Director	2019-08-30
0001665160-19-000892	2	Laura L. Tezza	Director of Operations, Principle Financial Officer and Director and Principal Accounting Officer	2019-08-30
0001670254-19-000492	1	Cory McKane	CEO/Founder	2019-08-28
0001665160-19-000891	1	J. Garrett Green	CEO, Principal Executive Officer and Manager, Principal Financial Officer and Principal Accounting Officer	2019-08-30
0001665160-19-000890	1	Lynn Rolle	CEO, Principal Executive Officer and Director, Principal Financial Officer and Principal Accounting Officer	2019-08-30
0001652039-19-000003	1	Brian Gannon	principal executive officer, principal financial officer, principal accounting officer and director	2019-08-30
0001746059-19-000028	1	Kelly Partridge	Owner	2019-08-29
0001746059-19-000027	1	EMMETT SOLDATI	FOUNDER	2019-08-29
0001713167-19-000007	1	Emmanuel Saint-Martin	CEO	2019-08-29
0001668287-19-000030	1	Emil Reynolds	Managing Member	2019-08-29
0001746059-19-000026	1	Todd Snopkowski	Owner and Founder	2019-08-29
0001746059-19-000025	1	Landen Stacy	Owner and Founder	2019-08-29
0001785072-19-000002	1	Jason Philips	Treasurer	2019-08-29
0001669191-19-000309	4	Bradley Heimowitz	Board Member	2019-08-29
0001669191-19-000309	3	Bradley Heimowitz	Principal Accounting Officer	2019-06-21
0001669191-19-000309	1	Bradley Heimowitz	Principal Executive Officer	2019-08-29
0001669191-19-000309	2	Bradley Heimowitz	Principal Financial Officer	2019-06-21
0001669191-19-000307	2	Chris Anderson	Principal Financial Officer	2019-08-29
0001669191-19-000307	3	Chris Anderson	Principal Accounting Officer	2019-08-29
0001669191-19-000307	4	Chris Anderson	Board Member	2019-08-29
0001669191-19-000307	5	Shad Azimi	Board Member	2019-08-29
0001669191-19-000307	6	John Preston	Board Member	2019-08-29
0001669191-19-000307	1	Chris Anderson	Principal Executive Officer	2019-08-29
0001669191-19-000307	7	Roger  Berry	Board Member	2019-08-29
0001785244-19-000003	3	Patrick Pham	Manager	2019-08-28
0001785244-19-000003	2	Clinton Short	Manager	2019-08-28
0001785244-19-000003	1	Andrew Lin	Manager	2019-08-28
0001665160-19-000888	1	Zane Lamprey	CEO, Principal Executive Officer and Director, Principal Financial Officer and Principal Accounting Officer	2019-08-28
0001785244-19-000003	4	Seong Lee	Manager	2019-08-28
0001746059-19-000024	1	Ivy Lawson	CEO	2019-08-28
0001670254-19-000488	2	Chris Yerbey	Founder & CEO	2019-08-28
0001670254-19-000488	4	Chris Yerbey	Founder & CEO	2019-08-26
0001670254-19-000488	3	Ashwani Dutt	Director	2019-08-26
0001670254-19-000488	1	Ashwani Dutt	Director	2019-08-28
0001767357-19-000004	1	Ed Glicken	CEO	2019-08-28
0001665160-19-000886	1	Don Bielak	CEO, Principal Executive Officer and Manager,Principal Financial Officer and Principal Accounting Officer	2019-08-28
0001785979-19-000001	1	Vincent Mbuvi	CEO	2019-08-28
0001665160-19-000885	1	David Chasasen	CEO, Principal Executive Officer and Director, Principal Financial Officer and Principal Accounting Officer	2019-08-28
0001746059-19-000022	1	Ivy Lawson	CEO	2019-08-28
0001642688-19-000003	1	Justin Crandall	CEO	2019-08-28
0001670254-19-000484	3	Chris Anthony	CEO	2019-08-22
0001670254-19-000484	2	Steve Fambro	CFO	2019-08-22
0001670254-19-000484	1	Chris Anthony	CEO	2019-08-22
0001665160-19-000884	2	Aike Muller	CEO, Principal Executive Officer, President and Director	2019-08-27
0001665160-19-000884	1	Friso Schmid	CFO, Principal Financial Officer and Principal Accounting Officer	2019-08-27
0001670254-19-000479	1	Ashwani Dutt	Director	2019-08-26
0001670254-19-000479	2	Chris Yerbey	Founder & CEO	2019-08-26
0001665160-19-000879	1	Jason Giddings	CEO, Principal Executive Officer and Manager, Principal Financial Officer and Principal Accounting Officer	2019-08-27
0001784785-19-000001	1	Randall C. Huntsinger	Chief Executive Officer	2019-08-27
0001669191-19-000304	1	CHARLES ZWEBNER	Principal Executive Officer, Principal Accounting Officer, Principal Financial Officer	2019-08-05
0001669191-19-000304	2	CHARLES ZWEBNER	Board of Directors	2019-08-05
0001785244-19-000001	4	Seong Lee	Manager	2019-08-26
0001785244-19-000001	3	Patrick Pham	Manager	2019-08-26
0001785244-19-000001	2	Clinton Short	Manager	2019-08-26
0001785244-19-000001	1	Andrew Lin	Manager	2019-08-26
0001193125-19-228759	8	/s/ Mitchel Sayare	Director	2019-08-22
0001193125-19-228759	9	/s/ Paul Sinnott	Director	2019-08-19
0001193125-19-228759	10	/s/ Brian Tinkham	Director	2019-08-19
0001193125-19-228759	7	/s/ Peter K. Rogal	Director	2019-08-19
0001193125-19-228759	6	/s/ John T. Preston	Director	2019-08-19
0001193125-19-228759	5	/s/ Leonard B. Miller	Director	2019-08-19
0001193125-19-228759	4	/s/ Brian M. Kinney	Director	2019-08-19
0001193125-19-228759	3	/s/ John Cammett	Director	2019-08-19
0001193125-19-228759	2	/s/ Pamela Lichtenthal	Controller (Controller)	2019-08-19
0001193125-19-228759	1	/s/ Doug Abel	Chief Executive Officer (Principal Executive and Financial Officer)	2019-08-19
0001778787-19-000004	1	/s/ David Heimbuch	Founder / CEO	2019-08-26
0001670254-19-000472	2	Wesley Wierson	CEO	2019-08-22
0001670254-19-000472	1	Stephen Carl Ekker	Director	2019-08-22
0001783268-19-000001	1	Monica Grays	Owner	2019-08-23
0001665160-19-000878	1	Bill Besselman	CEO, Principal Executive Officer and Director, Principal Financial Officer and Principal Accounting Officer	2019-08-23
0001665160-19-000877	1	Raghu Bala	CEO, Principal Executive Officer and Director, Principal Financial Officer and Principal Accounting Officer	2019-08-23
0001670254-19-000469	1	Robert Marc Fulmer	Director	2019-08-22
0001670254-19-000469	2	Robert Thain Smith	CEO	2019-08-22
0001670254-19-000469	3	Robert Smith	CEO	2019-08-22
0001670254-19-000469	4	Marc Fulmer	Director	2019-08-07
0001670254-19-000469	5	Robert Smith	CEO	2019-08-07
0001665160-19-000876	2	Priya Krishnamurthy	Director	2019-08-23
0001665160-19-000876	1	Raghuram Balasubramanian	CEO, Principal Executive Officer, Director, Principal Accounting Officer, Principal Financial Officer	2019-08-23
0001665160-19-000875	2	David Dahan	Principal Financial Officer and Principal Accounting Officer	2019-08-23
0001665160-19-000875	1	Atara Dzikowski	CEO and Director	2019-08-23
0001665160-19-000874	1	Bill Besselman	CEO, Principal Executive Officer and Director, Principal Financial Officer and Principal Accounting Officer	2019-08-23
0001665160-19-000872	1	Shawn Findlater	CEO, Principal Executive Officer and Director, Principal Financial Officer and Principal Accounting Officer	2019-08-23
0001665160-19-000871	1	Glyn Caddell	CEO, Principal Executive Officer and Director, Principal Financial Officer and Principal Accounting Officer	2019-08-23
0001702784-19-000005	1	John Mullin	CEO, President & Director	2019-08-23
0001702784-19-000005	2	Evan Madden-Peister	CFO	2019-08-23
0001665160-19-000870	1	Vincent Meyer	CEO, Principal Executive Officer and Director, Principal Financial Officer and Principal Accounting Officer	2019-08-23
0001665160-19-000869	1	Max Weissberg	CEO, Principal Executive Officer and Manager, Principal Financial Officer and Principal Accounting Officer	2019-08-23
0001665160-19-000868	1	Bill Besselman	CEO, Principal Executive Officer and Director, Principal Financial Officer and Principal Accounting Officer	2019-08-23
0001670254-19-000464	1	renata stoica	co-founder	2019-08-22
0001670254-19-000464	2	Andrei Stoica	Co-Founder	2019-08-22
0001670254-19-000460	1	Jon Jedliskowski	Writer/Director	2019-08-20
0001746059-19-000021	1	JAMES SOUTHWOOD	FOUNDER	2019-08-23
0001665160-19-000863	1	Israel Zyskind	CEO, principal executive officer, and controller	2019-08-22
0001665160-19-000863	2	Aaron Rozzi	COO, principal financial officer, and manager	2019-08-22
0001778262-19-000004	1	Michael Jansen	Director	2019-08-22
0001778262-19-000004	2	Gordon Feller	Director	2019-08-22
0001665160-19-000865	1	David Schick	CEO, Principal Executive Officer and Director, Principal Financial Officer and Principal Accounting Officer	2019-08-22
0001778262-19-000004	3	Joe Dignan	Director	2019-08-22
0001779579-19-000003	2	Lalit Goel	Chairman	2019-08-22
0001779579-19-000003	1	Kelly Helmuth	Chief Executive Officer	2019-08-22
0001746059-19-000019	2	Matthew Moroney	COO, Manager, and Co-Founder	2019-08-22
0001746059-19-000019	1	Franz Hochstrasser	CEO, Manager, and Co-Founder	2019-08-22
0001746059-19-000019	3	Kwasi Ansu	CMO, Manager, and Co-Founder	2019-08-22
0001769210-19-000004	1	Jose Bernardo de la Vega	President, Secretary, Treasurer, & Sole Director	2019-08-22
0001665160-19-000861	1	Richard Quintal	CEO, Principal Executive Officer and Director, Principal Financial Officer and Principal Accounting Officer\	2019-08-22
0001778755-19-000002	5	Gali Beh	Board Member	2019-08-22
0001778755-19-000002	4	Ronen Melnik	Board Member	2019-08-22
0001778755-19-000002	2	Sharona Miron	CFO	2019-08-22
0001778755-19-000002	1	Gal Rozov	Principal executive officer, controller	2019-08-22
0001778755-19-000002	3	Don Norman	Board Member	2019-08-22
0001746059-19-000017	2	Shireen Flowers	Co-founder	2019-08-21
0001746059-19-000017	1	Elisabeth LeBlanc	Co-founder	2019-08-21
0001746059-19-000016	1	Athena Peters	Owner and Founder	2019-08-21
0001665160-19-000860	1	Sally Outlaw	CEO, Principal Executive Officer and Director, Principal Financial Officer and Principal Accounting Officer	2019-08-21
0001665160-19-000859	1	Robert Farmer	CEO, Principal Executive Officer and Manager, Principal Financial Officer and Principal Accounting Officer	2019-08-21
0001785391-19-000001	1	Nick Saifan	President	2019-08-21
0001669191-19-000303	1	Andrew  Weinberger	Principal Executive Officer	2019-08-21
0001669191-19-000303	4	Andrew  Weinberger	Board Member	2019-08-21
0001669191-19-000303	3	Andrew  Weinberger	Principal Accounting Officer	2019-08-21
0001669191-19-000303	2	Andrew  Weinberger	Principal Financial Officer	2019-08-21
0001669191-19-000301	4	Benjamin White	Board Member	2019-07-07
0001669191-19-000301	1	Benjamin White	Principal Executive Officer	2019-08-21
0001669191-19-000301	2	Benjamin White	Principal Financial Officer	2019-08-21
0001669191-19-000301	3	Benjamin White	Principal Accounting Officer	2019-08-21
0001669191-19-000299	4	Andrew  Weinberger	Board Member	2019-02-07
0001669191-19-000299	3	Andrew  Weinberger	Principal Accounting Officer	2019-02-07
0001669191-19-000299	2	Andrew  Weinberger	Principal Financial Officer	2019-02-07
0001669191-19-000299	1	Andrew  Weinberger	Principal Executive Officer	2019-02-07
0001669191-19-000297	3	Benjamin White	Principal Accounting Officer	2019-07-07
0001669191-19-000297	4	Benjamin White	Board Member	2019-07-07
0001669191-19-000297	1	Benjamin White	Principal Executive Officer	2019-07-07
0001669191-19-000297	2	Benjamin White	Principal Financial Officer	2019-07-07
0001670254-19-000458	4	Russell Colman	Treasurer	2019-06-20
0001670254-19-000458	3	Josh Simons	Co-founder and CEO	2019-07-23
0001670254-19-000458	2	Josh Simons	Co-founder and CEO	2019-08-14
0001670254-19-000458	1	Russell Colman	Treasurer	2019-08-14
0001670254-19-000458	5	Josh Simons	Co-founder and CEO	2019-06-20
0001783347-19-000003	1	John P. Caparella	Director	2019-08-20
0001783347-19-000003	2	Peter Peng	Founder and CEO	2019-08-20
0001785072-19-000001	1	Jason Philips	Treasurer	2019-08-20
0001665160-19-000858	1	Jon Verwiel	CEO, Principal Executive Officer and Director, Principal Financial Officer and Principal Accounting Officer	2019-08-20
0001785878-19-000002	1	Paul Nagi	CEO	2019-08-20
0001665160-19-000857	1	Allan Grosvenor	CEO, Principal Executive Officer, Director, Principal Financial Officer and Principal Accounting Officer	2019-08-20
0001665160-19-000857	2	Martin Conlon	Director	2019-08-20
0001665160-19-000856	3	Christian Collucci	Exec VP and Director	2019-08-20
0001665160-19-000856	1	Ralph Askar	CEO and President	2019-08-20
0001665160-19-000856	2	John C Tillger	CFO, Principal Account officer, and Director	2019-08-20
0001665160-19-000856	4	Danny Lyon	Exec VP and Director	2019-08-20
0001784247-19-000001	1	John Whatley	President/CEO	2019-08-20
0001746059-19-000015	1	Athena Peters	Owner and Founder	2019-08-19
0001785878-19-000001	1	Paul Nagi	CEO	2019-08-19
0001735360-19-000002	1	Keith Frankel	Director	2019-08-19
0001735360-19-000002	2	Jason Zopf	Director	2019-08-19
0001665160-19-000855	1	Jason Buterin	CEO and Manager, Principal Executive Officer, Principal Financial Officer and Principal Accounting Officer	2019-08-19
0001776715-19-000005	1	/s/ Adam Carolla	Manager	2019-08-19
0001739502-19-000001	1	Jordan Weiss	Co-CEO, Director, Co-Founder	2019-08-19
0001739502-19-000001	2	Rachel Kimelman	Co-CEO, Director, Co-Founder	2019-08-19
0001668287-19-000029	1	Paul A. Lobel	President & CEO	2019-08-19
0001670254-19-000456	2	Nate Musson	Founder	2019-08-15
0001670254-19-000456	1	Colleen Musson	Secretary	2019-08-15
0001768621-19-000003	2	Richard Anderson	Director	2019-08-08
0001768621-19-000003	1	Kate Redman	Project Director	2019-08-08
0001768621-19-000003	3	Chris Treter	Director	2019-08-08
0001736388-19-000008	1	Daniel Downs	Director	2019-08-16
0001736388-19-000008	2	Paul Sieradzki	Director	2019-08-16
0001783102-19-000001	1	Lyonel Douge	CEO	2019-08-16
0001737485-19-000003	1	Steve Fox	President	2019-08-16
0001669191-19-000295	1	Nikolaos Tezapsidis	Principal Executive Officer	2019-08-15
0001669191-19-000295	5	James Harris	Board Member	2005-10-14
0001669191-19-000295	4	Nikolaos Tezapsidis	Board Member	2005-10-14
0001669191-19-000295	3	James Harris	Principal Accounting Officer	2019-08-15
0001669191-19-000295	2	James Harris	Principal Financial Officer	2019-08-15
0001669191-19-000295	7	Thomas Humphries	Board Member	2005-10-14
0001669191-19-000295	8	George Perry	Board Member	2005-10-14
0001669191-19-000295	6	Bob Oliver	Board Member	2005-10-14
0001785164-19-000001	1	Neil Parsan as Sean Fuellhart POA	CEO	2019-08-16
0001144204-19-040347	2	/s/ Fredy Dellis	Chief Operating Officer, Manager	2019-08-16
0001144204-19-040347	1	/s/ Eugene Meehan	President, Manager	2019-08-16
0001144204-19-040347	3	/s/ E. Harold Gassenheimer	Chief Financial Officer, Manager	2019-08-16
0001782559-19-000001	1	Jared Milrad	CEO	2019-08-15
0001733443-19-000002	3	Matthew Faraci	COO	2019-08-15
0001733443-19-000002	2	Dallas Jenkins	CCO	2019-08-15
0001733443-19-000002	1	Derral Eves	CEO	2019-08-15
0001670254-19-000452	2	Justin Wade	COO	2019-08-14
0001670254-19-000452	1	Joseph Nurse	CIO	2019-08-14
0001670254-19-000452	3	Chris Santos	CEO	2019-08-14
0001782650-19-000003	1	Craig Cozza	Managing Member	2019-08-15
0001785115-19-000001	1	Serafina Palandech	CEO	2019-08-15
0001670254-19-000450	3	Bilal Athar	CEO	2019-08-14
0001670254-19-000450	2	John R. Patrick	Executive Chairman	2019-08-14
0001670254-19-000450	1	Daniel Ohlson	Director of Planning & Board Member	2019-08-14
0001665160-19-000854	1	Richard Quintal	CEO, Principal Executive Officer and Director, Principal Financial Officer and Principal Accounting Officer	2019-08-14
0001711875-19-000001	1	Ryan Middleton	Secretary	2019-08-12
0001746059-19-000014	1	Kelly A. Lendall	Owner and Founder	2019-08-14
0001665160-19-000852	1	Chris Bradley	CEO, Principal Executive Officer and Director, Principal Financial Officer and Principal Accounting Officer	2019-08-14
0001669191-19-000289	4	Christopher Lustrino	Board Member	2018-09-11
0001669191-19-000289	3	Christopher Lustrino	Principal Accounting Officer	2018-09-11
0001669191-19-000289	2	Christopher Lustrino	Principal Financial Officer	2018-09-11
0001669191-19-000289	1	Christopher Lustrino	Principal Executive Officer	2018-09-11
0001669191-19-000287	2	Benjamin White	Principal Financial Officer	2019-07-07
0001669191-19-000287	1	Benjamin White	Principal Executive Officer	2019-07-07
0001669191-19-000287	3	Benjamin White	Principal Accounting Officer	2019-07-07
0001669191-19-000287	4	Benjamin White	Board Member	2019-07-07
0001669191-19-000285	1	Benjamin White	Principal Executive Officer	2019-07-07
0001669191-19-000285	2	Benjamin White	Principal Financial Officer	2019-07-07
0001669191-19-000285	3	Benjamin White	Principal Accounting Officer	2019-07-07
0001669191-19-000285	4	Benjamin White	Board Member	2019-07-07
0001782188-19-000005	3	William Bell	Manager	2019-08-13
0001782188-19-000005	2	Ashley McKenney	Manager	2019-08-13
0001782188-19-000005	1	Edward John Shaeffer	Manager	2019-08-13
0001782188-19-000003	3	William Bell	Manager	2019-08-12
0001782188-19-000003	2	Ashley McKenney	Manager	2019-08-12
0001782188-19-000003	1	Edward John Shaeffer	Manager	2019-08-12
0001665160-19-000850	1	Diana Sabacinski	CEO, Principal Executive Officer and Director, Principal Financial Officer and Principal Accounting Officer	2019-08-12
0001665160-19-000847	1	Ryan Raya	CEO, Principal Executive Officer and Director, Principal Financial Officer and Principal Accounting Officer	2019-08-12
0001665160-19-000847	2	Tamir Nitzan	Director	2019-08-12
0001665160-19-000845	1	Aja Atwood	CEO, Principal Executive Officer and Manager, Principal Financial Officer and Principal Accounting Officer	2019-08-12
0001713167-19-000006	1	Emmanuel Saint-Martin	CEO	2019-08-12
0001784144-19-000001	1	Elisabeth P. Oertle	CEO/Co-founder/Director	2019-08-09
0001784144-19-000001	2	Desi McAdam	CTO/COO/Co-founder/Director	2019-08-09
0001774152-19-000002	2	/s/Peiying Wang	Director	2019-08-09
0001774152-19-000002	1	/s/Jiannan Zhang	Director, Chief Executive Officer, and Secretary	2019-08-09
0001774152-19-000002	3	/s/Hanchao Yue	Director	2019-08-09
0001665160-19-000844	3	Gabriele Colombo	Secretary	2019-08-09
0001665160-19-000844	2	Angelo D'Anzi	CTO	2019-08-09
0001665160-19-000844	1	Carlo Brovero	CEO, Principal Executive Officer and Director, Principal Financial Officer and Principal Accounting Officer	2019-08-09
0001669191-19-000280	5	Mitchel Sayare	Board Member	2018-11-07
0001669191-19-000280	11	Richard Burtt	Board Member	2018-11-07
0001669191-19-000280	10	Paul Sinnott	Board Member	2018-11-07
0001669191-19-000280	9	Brian Kinney	Board Member	2018-11-07
0001669191-19-000280	8	Leonard Miller	Board Member	2018-11-08
0001669191-19-000280	7	John Cammett	Board Member	2018-11-08
0001669191-19-000280	6	Peter Rogal	Board Member	2018-11-07
0001669191-19-000280	4	Doug Abel	Board Member	2019-02-01
0001669191-19-000280	3	Doug Abel	Principal Accounting Officer	2019-02-01
0001669191-19-000280	2	Doug Abel	Principal Financial Officer	2019-02-01
0001669191-19-000280	1	Doug Abel	Principal Executive Officer	2019-02-01
0001669191-19-000277	4	Melvin Du	Board Member	2019-07-26
0001669191-19-000277	5	Amro Eltayeb	Board Member	2019-07-26
0001669191-19-000277	1	Melvin Du	Principal Executive Officer	2019-07-26
0001669191-19-000277	2	Melvin Du	Principal Financial Officer	2019-07-26
0001669191-19-000277	3	Melvin Du	Principal Accounting Officer	2019-07-26
0001670254-19-000447	2	Jina Osumi	CEO	2019-08-07
0001670254-19-000447	1	Hanson ChungChi Li	Secretary	2019-08-07
0001670254-19-000443	1	Nicholas Lavoie	Director	2019-08-08
0001665160-19-000843	1	Richard Quintal	CEO, Principal Executive Officer and Director, Principal Financial Officer and Principal Accounting Officer	2019-08-08
0001670254-19-000443	2	Benoit Herve	CEO and Founder	2019-08-07
0001665160-19-000838	1	Avin Samtani	Director, COO and Founder	2019-08-08
0001665160-19-000838	2	Robert Peck	CEO, Principal Executive Officer and Director, Principal Financial Officer and Principal Accounting Officer	2019-08-08
0001746059-19-000013	1	Christopher Hartley	Owner	2019-08-08
0001496634-19-000002	1	Leslie D. Michelson	Principal Executive Officer & Board Member	2019-08-07
0001496634-19-000002	3	Milton Rodriguez	Vice President, Finance and Administration	2019-08-07
0001496634-19-000002	2	Gregg S. Britt	President & Board Member	2019-08-07
0001652039-19-000001	1	Brian Gannon	principal executive officer, principal financial officer, principal accounting officer and director	2019-08-07
0001665160-19-000836	2	Christopher M. Carsten	Principal Financial Officer, Principal Accounting Officer, Manager, Head of Operations and Strategy	2019-08-07
0001665160-19-000836	1	Christoper R. Lawrence	CEO, Manager, Head of Business Development and Marketing	2019-08-07
0001784675-19-000001	2	Brendan Playford	CEO	2019-08-06
0001784675-19-000001	1	Cathrine Rung	COO	2019-08-06
0001665160-19-000835	1	Benjamin Anderson	CEO, Principal Financial Officer, Principal Accounting Officer, Director	2019-08-05
0001746059-19-000012	1	Gordon Sacks	CEO	2019-08-06
0001746059-19-000012	2	Mary Sacks	CMO, COO	2019-08-06
0001741274-19-000004	1	/s/ Idicula Mathew	CEO	2019-08-06
0001746059-19-000011	1	Elizabeth Castellana	Owner and Founder	2019-08-05
0001665160-19-000827	1	Franz Hochstrasser	Principal Executive Officer and Manager	2019-08-05
0001665160-19-000827	3	Kwasi Ansu	Controller and Manager	2019-08-05
0001665160-19-000827	2	Matthew Moroney	Principal Financial Officer and Manager	2019-08-05
0001706939-19-000003	1	Peter Gantner	president	2019-08-05
0001778262-19-000003	3	Joe Dignan	Director	2019-08-05
0001778262-19-000003	2	Gordon Feller	Director	2019-08-05
0001778262-19-000003	1	Michael Jansen	Director	2019-08-05
0001778262-19-000002	3	Joe Dignan	Director	2019-08-05
0001778262-19-000002	1	Michael Jansen	Director	2019-08-05
0001778262-19-000002	2	Gordon Feller	Director	2019-08-05
0001776217-19-000002	2	Jordan Zommick	CTO, issuer, principal executive officer, principal financial officer, controller, and principal accounting officer	2019-08-02
0001776217-19-000002	1	Michel Bayan	CEO, issuer, principal executive officer, principal financial officer, controller, and principal accounting officer	2019-08-02
0001783698-19-000001	1	kellykozak	CFO/Co-Owner	2019-08-02
0001665160-19-000826	1	Mark Daniel Farb	CEO, Principal Executive Officer and Director, Principal Financial Officer and Principal Accounting Officer	2019-08-02
0001761469-19-000002	2	George VonAllmen	CMO	2019-08-01
0001761469-19-000002	3	Ananda Jami	CTO	2019-08-01
0001670254-19-000442	1	Randall Hooper	Owner	2019-08-01
0001761469-19-000002	1	Donald Farrell	CEO	2019-08-01
0001670254-19-000442	2	Darien L Curry	Joint CEO	2019-08-01
0001665160-19-000824	2	Linda D. Michonski	Director	2019-08-01
0001665160-19-000824	1	David M. Michonski	CEO, Principal Executive Officer, and Director	2019-08-01
0001665160-19-000824	3	Edward Giardina	Principal Financial Officer, Principal Accounting Officer, and Director	2019-08-01
0001746059-19-000010	1	MATTHEW KAPLAN	FOUNDER & CEO	2019-08-01
0001706939-19-000002	1	Peter Gantner	president	2019-08-01
0001773255-19-000002	2	Anup Singh	Director	2019-04-29
0001773255-19-000002	1	Eshwar Inapuri	Director, President	2019-04-29
0001746059-19-000009	2	Joseph Marcus	Managing Director	2019-08-01
0001746059-19-000009	1	David Spinney	Managing Director	2019-08-01
0001665160-19-000823	1	Dan Abbate	CEO, Principal Executive Officer and Director, Principal Financial Officer and Principal Accounting Officer	2019-08-01
0001781049-19-000005	1	Peter Tolman	Owner	2019-08-01
0001746059-19-000008	3	ZEV SALAMANCA	MANAGER	2019-08-01
0001746059-19-000008	1	MY LAM	MANAGER	2019-08-01
0001746059-19-000008	2	JOHN ESPADA	MANAGER	2019-08-01
0001758964-19-000004	1	Derek Waleko	Manager	2019-01-18
0001758964-19-000004	2	Isaac Nabors	Manager	2019-01-18
0001782819-19-000002	1	Marie Miller	CEO	2019-08-01
0001639097-19-000005	1	Kerry Gallivan	Director & Chief Executive Officer	2019-08-01
0001639097-19-000005	2	Vinko Buble	Director	2019-08-01
0001782833-19-000005	1	Bruce MacDonald	Chief Creative Officer	2019-07-30
0001670254-19-000437	1	Lamar Wilson	Founder	2019-07-25
0001665160-19-000819	1	Michael Burtov (with respect to May 2 2019 Form C-U)	CEO, Principal Executive Officer and Director, Principal Financial Officer and Principal Accounting Officer	2019-07-31
0001665160-19-000820	1	Michael Burtov	CEO, Principal Executive Officer and Director, Principal Financial Officer and Principal Accounting Officer	2019-07-31
0001763665-19-000003	1	Vyacheslav I Anishchenko	Member	2019-07-31
0001665160-19-000822	1	Darius Grandberry	CEO, Principal Executive Officer and Manager, Principal Financial Officer and Principal Accounting Officer	2019-07-31
0001774156-19-000010	1	/s/ Peter Ghiorse	Co-Founder & CEO	2019-07-31
0001774156-19-000009	1	/s/ Peter Ghiorse	Co-Founder & CEO	2019-07-31
0001665160-19-000818	1	Andrew Yakub	CEO, Principal Executive Officer and Director, Principal Financial Officer and Principal Accounting Officer	2019-07-31
0001757431-19-000003	1	FRANCINE ANDERSON	President/CEO	2019-07-31
0001665160-19-000816	1	Christopher Lustrino	Principal Executive Officer	2019-07-31
0001665160-19-000816	3	Christopher Lustrino	Principal Accounting Officer	2019-07-31
0001665160-19-000816	2	Christopher Lustrino	Principal Financial Officer	2019-07-31
0001731736-19-000001	1	Maya Kante	CMO	2019-07-31
0001731736-19-000001	2	Bosco Kante	CEO	2019-07-31
0001746351-19-000003	2	Justin Kilpatrick	Chieft Techology Officer	2019-07-30
0001746351-19-000003	1	Jehan Tremback	Chief Executive Officer and Chairman	2019-07-30
0001746351-19-000003	3	Deborah Simpier	Chief Operating Officer	2019-07-30
0001665160-19-000815	1	Jessica Li	CFO, Director, Principal Financial Officer, Principal Accounting Officer	2019-07-30
0001765252-19-000004	1	Neil Biafore	CEO	2019-07-30
0001781082-19-000001	1	Lillian Hoodes	CEO, issuer, principal executive officer, principal financial officer, controller, and principal accounting officer	2019-07-30
0001778950-19-000002	1	Michelle Thimesch	Attorney	2019-07-30
0001665160-19-000813	1	Sally Outlaw	CEO, Principal Executive Officer and Director, Principal Financial Officer and Principal Accounting Officer	2019-07-30
0001779579-19-000002	1	Kelly Helmuth	Chief Executive Officer	2019-07-30
0001779579-19-000002	2	Lalit Goel	Chairman	2019-07-30
0001781828-19-000001	1	Norraset Nareedokmai	Owner	2019-07-30
0001669191-19-000267	3	Christopher Sauer	Board Member	2019-03-05
0001669191-19-000267	4	Sebastian Scripps	Board Member	2019-03-05
0001669191-19-000267	5	Daniel Googel	Board Member	2019-03-05
0001669191-19-000270	1	William W Crossman	Principal Executive Officer	2018-10-10
0001669191-19-000270	2	Timmy Chou	Principal Financial Officer	2018-10-10
0001669191-19-000270	3	Timmy Chou	Principal Accounting Officer	2018-10-10
0001669191-19-000270	4	William W Crossman	Board Member	2018-10-10
0001669191-19-000270	5	Timmy Chou	Board Member	2018-10-10
0001669191-19-000270	6	John A Lawson	Board Member	2018-10-10
0001669191-19-000270	7	Chris Tew	Board Member	2018-10-10
0001669191-19-000270	8	Lawrence Toll	Board Member	2018-10-10
0001669191-19-000267	2	Barbara Gollan	Board Member	2019-03-05
0001669191-19-000267	1	Christopher Sauer	Principal Executive Officer	2019-03-05
0001774242-19-000004	1	Lian Pham	Member	2019-07-29
0001774242-19-000004	2	Lam Mai	Member	2019-07-29
0001669191-19-000265	1	Craig Bouchard	Principal Executive Officer	2019-07-29
0001669191-19-000265	2	Julio  Ramirez	Principal Financial Officer	2019-07-29
0001669191-19-000265	3	Charles Price	Board Member	2019-07-29
0001669191-19-000265	4	Norton Schwartz	Board Member	2019-07-29
0001669191-19-000265	5	Michael Porter	Board Member	2019-07-29
0001669191-19-000265	6	John  Preston	Board Member	2019-07-29
0001669191-19-000265	7	Christopher Schuh	Board Member	2019-07-29
0001669191-19-000265	8	Craig Bouchard	Board Member	2019-07-29
0001669191-19-000259	3	Benjamin White	Principal Accounting Officer	2019-07-07
0001669191-19-000259	4	Benjamin White	Board Member	2019-07-07
0001669191-19-000259	2	Benjamin White	Principal Financial Officer	2019-07-07
0001669191-19-000259	1	Benjamin White	Principal Executive Officer	2019-07-07
0001773359-19-000003	1	/s/ Adam Berry	CEO	2019-07-29
0001665160-19-000812	1	Charles Powell	CEO, Principal Executive Officer and Director, Principal Financial Officer and Principal Accounting Officer	2019-07-29
0001737533-19-000002	2	Vijay Kalvakuntla	Board Member	2019-07-26
0001737533-19-000002	1	Ravi Parikh	CEO, principal executive officer, principal financial officer, principal accounting officer	2019-07-26
0001776217-19-000001	2	Jordan Zommick	CTO and Director	2019-07-26
0001776217-19-000001	1	Michel Bayan	CEO, issuer, principal executive officer, principal financial officer, controller, and principal accounting officer	2019-07-26
0001779118-19-000002	2	Nikolas Schreiber	Co-Founder & CTO, Director	2019-07-26
0001779118-19-000002	1	Jordan Mayerson	Co-Founder & CEO, Director	2019-07-26
0001778787-19-000003	1	David Heimbuch	Founder / CEO	2019-07-26
0001780431-19-000001	1	Sean Fuellhart - POA	POA	2019-07-26
0001665160-19-000811	1	Linda Farquhar	CEO, Principal Executive Officer and Manager, Principal Financial Officer and Principal Accounting Officer	2019-07-26
0001670254-19-000432	1	Jonathan Rath	Founder and CEO	2019-07-25
0001783347-19-000001	2	Peter Peng	Founder and CEO	2019-07-25
0001670254-19-000430	1	Aj Picard	Founder - Designer/Frontend Developer	2019-07-23
0001783347-19-000001	1	John P. Caparella	Director	2019-07-25
0001746059-19-000006	1	Thim Yee	Owner and Founder	2019-07-25
0001781049-19-000004	1	Peter Tolman	Owner	2019-07-25
0001767242-19-000006	2	Matthew Runeare	CEO	2019-07-25
0001767242-19-000006	1	Dave Rothenberg	Chairman, COO	2019-07-25
0001670254-19-000426	2	Sebastian Sajoux	Founder & CEO	2019-07-19
0001670254-19-000426	1	Michael Libes	Secretary & Director	2019-07-22
0001665160-19-000810	1	Adnan Malik	CEO, Director, Principal Executive Officer, Principal Financial Officer and Principal Accounting Officer	2019-07-25
0001665160-19-000808	1	Jeff Tacy	CEO, Principal Executive Officer and Director, Principal Financial Officer and Principal Accounting Officer	2019-07-25
0001665160-19-000806	2	Alicia Pettys	Director	2019-07-25
0001665160-19-000806	1	Bruce Kania	Chief Executive Officer, Principal Executive Officer, Director	2019-07-25
0001665160-19-000806	3	Anne Kania	Executive Vice President, Director, Treasurer, Principal Accounting Officer, and Principal Financial Officer	2019-07-25
0001774858-19-000002	1	Anthony Livadas	COO	2019-07-25
0001778950-19-000001	1	Michelle Thimesch	Attorney	2019-07-25
0001741274-19-000003	1	Idicula Mathew	CEO	2019-07-24
0001771924-19-000003	1	Ilya Kupershmidt	CEO	2019-07-24
0001670254-19-000425	1	Gabriela Trueba	Founder / CEO	2019-07-15
0001746059-19-000004	1	Adam Pearson	Founder	2019-07-23
0001669191-19-000253	1	Chris Anderson	Principal Executive Officer	2019-07-11
0001669191-19-000253	4	Chris Anderson	Board Member	2019-07-23
0001669191-19-000253	3	Chris Anderson	Principal Accounting Officer	2019-07-11
0001669191-19-000253	2	Chris Anderson	Principal Financial Officer	2019-07-11
0001669191-19-000253	6	John Preston	Board Member	2019-07-23
0001669191-19-000253	7	Roger  Berry	Board Member	2019-07-23
0001669191-19-000253	5	Shad Azimi	Board Member	2019-07-23
0001669191-19-000251	5	Shad Azimi	Board Member	2019-03-03
0001669191-19-000251	4	Chris Anderson	Board Member	2019-07-11
0001669191-19-000251	3	Chris Anderson	Principal Accounting Officer	2019-07-11
0001669191-19-000251	2	Chris Anderson	Principal Financial Officer	2019-07-11
0001669191-19-000251	1	Chris Anderson	Principal Executive Officer	2019-07-11
0001669191-19-000251	7	Roger  Berry	Board Member	2019-03-05
0001669191-19-000251	6	John Preston	Board Member	2019-03-06
0001773139-19-000003	1	David McCullar	President	2019-07-23
0001669191-19-000249	2	Andrew House	Principal Financial Officer	2019-04-09
0001669191-19-000249	1	Andrew House	Principal Executive Officer	2019-04-09
0001669191-19-000249	4	Andrew House	Board Member	2019-04-09
0001669191-19-000249	3	Andrew House	Principal Accounting Officer	2019-04-09
0001669191-19-000245	6	Stephen Wilson	Board Member	2019-04-10
0001669191-19-000245	7	Jason Brown	Board Member	2019-04-10
0001669191-19-000245	8	Ryan  Beckman	Board Member	2019-04-10
0001669191-19-000245	5	Dr. David Jensen	Board Member	2019-04-10
0001669191-19-000245	4	Jeff Vanderpol	Board Member	2019-04-10
0001669191-19-000245	3	Jason Brown	Principal Accounting Officer	2019-04-10
0001669191-19-000245	9	Kirk Layne	Board Member	2019-04-10
0001669191-19-000245	2	Jason Brown	Principal Financial Officer	2019-04-10
0001669191-19-000245	1	Jason Brown	Principal Executive Officer	2019-04-10
0001746059-19-000003	1	JOSE BARRIGA	FOUNDER & CEO	2019-07-22
0001746059-19-000002	1	JOHN P. BAILES	CEO	2019-07-22
0001746059-19-000002	2	VERONICA BURBA	CO-FOUNDER	2019-07-22
0001665160-19-000805	1	Alexander McCarthy	CEO, Principal Executive Officer, Director, Principal Financial Officer, Principal Accounting Officer	2019-07-22
0001713167-19-000005	1	Emmanuel Saint-Martin	CEO	2019-07-22
0001669191-19-000241	4	Andrew  Weinberger	Board Member	2019-02-07
0001669191-19-000241	2	Andrew  Weinberger	Principal Financial Officer	2019-02-07
0001669191-19-000241	1	Andrew  Weinberger	Principal Executive Officer	2019-02-07
0001669191-19-000241	3	Andrew  Weinberger	Principal Accounting Officer	2019-02-07
0001670254-19-000418	1	Alexander Jackman	Marketing Director	2019-07-18
0001670254-19-000418	2	Kim Goulbourne	Founder & Space Director	2019-07-18
0001670254-19-000422	1	Emmanuel Akwiwu	Mr	2019-07-19
0001670254-19-000422	2	Chuka Ikokwu	Founder & CEO	2019-07-18
0001782819-19-000001	1	Marie Miller	CEO	2019-07-19
0001665160-19-000804	1	John Larson	CEO, Principal Executive Officer and Director, Principal Financial Officer and Principal Accounting Officer	2019-07-19
0001665160-19-000801	1	John Larson	CEO, Principal Executive Officer and Director, Principal Financial Officer and Principal Accounting Officer	2019-07-19
0001707193-19-000003	3	Wes Selke	Wes Selke	2019-07-19
0001707193-19-000003	2	Julie Lein	Board Member	2019-07-19
0001707193-19-000003	1	Eric Quick	CEO	2019-07-19
0001670254-19-000416	3	Hayden Michael	President	2019-07-17
0001670254-19-000416	2	Klaus moeller	Director	2019-07-17
0001670254-19-000416	1	Mishelle Moeller	Secretary	2019-07-18
0001669191-19-000239	5	Barbara Gollan	Board Member	2019-03-05
0001669191-19-000239	4	Daniel Googel	Board Member	2019-03-05
0001669191-19-000239	3	Sebastian Scripps	Board Member	2019-03-05
0001669191-19-000239	2	Christopher Sauer	Board Member	2019-03-05
0001669191-19-000239	1	Christopher Sauer	Principal Executive Officer	2019-03-05
0001670254-19-000414	3	Bill Ottman	CIO	2019-07-17
0001670254-19-000414	1	Emily Molli	Chief Content Officer	2019-07-17
0001670254-19-000414	2	timothy pool	CEO	2019-07-17
0001713167-19-000004	1	Emmanuel Saint-Martin	CEO	2019-07-18
0001665160-19-000798	1	Reza Izadi	CEO, Principal Executive Officer and Director, Principal Financial Officer and Principal Accounting Officer	2019-07-18
0001747949-19-000001	1	Matthew Moroney	Chief Operating Officer	2019-07-17
0001713167-19-000003	1	Emmanuel Saint-Martin	CEO	2019-07-18
0001665160-19-000796	1	Keith Veltre	CEO, Principal Executive Officer and Director, Principal Financial Officer and Principal Accounting Officer	2019-07-18
0001776945-19-000001	1	Jason Andaya	Chairman	2019-07-18
0001669191-19-000236	2	Stev Stephens	Principal Financial Officer	2019-07-17
0001669191-19-000236	1	Christopher Darnell	Principal Executive Officer	2019-07-17
0001669191-19-000236	3	Stev Stephens	Principal Accounting Officer	2019-07-17
0001669191-19-000233	4	Daniel Googel	Board Member	2019-03-05
0001669191-19-000233	5	Barbara Gollan	Board Member	2019-03-05
0001669191-19-000233	3	Sebastian Scripps	Board Member	2019-03-05
0001669191-19-000233	2	Christopher Sauer	Board Member	2019-03-05
0001669191-19-000233	1	Christopher Sauer	Principal Executive Officer	2019-03-05
0001669191-19-000228	1	Christopher Sauer	Principal Executive Officer	2019-03-05
0001665160-19-000793	1	Chris Bradley	CEO, Principal Executive Officer and Director, Principal Financial Officer and Principal Accounting Officer	2019-07-17
0001670254-19-000411	1	Raja Weise	Founder/CEO	2019-06-24
0001669191-19-000228	2	Christopher Sauer	Board Member	2019-03-05
0001669191-19-000228	3	Sebastian Scripps	Board Member	2019-03-05
0001669191-19-000228	4	Daniel Googel	Board Member	2019-03-05
0001669191-19-000228	5	Barbara Gollan	Board Member	2019-03-05
0001779118-19-000001	1	Jordan Mayerson	Co-Founder & CEO, Director	2019-07-17
0001779118-19-000001	2	Nikolas Schreiber	Co-Founder & CTO, Director	2019-07-17
0001665160-19-000790	1	Gregg Bigger	CEO, Principal Executive Officer and Manager, Principal Financial Officer and Principal Accounting Officer	2019-07-17
0001709628-19-000004	2	Elizabeth Fetter	Director	2019-07-17
0001709628-19-000004	3	Ralph Eschenbach	Director	2019-07-17
0001709628-19-000004	1	S. Richard Bentley	CEO & Director	2019-07-17
0001782075-19-000006	2	George Varvatsoulis	Director	2019-07-16
0001782075-19-000006	1	Andrew Christodoulides	CEO	2019-07-16
0001707193-19-000002	1	Eric Quick	President, CEO and Accounting Officer	2019-07-16
0001665160-19-000786	1	Andrew Yakub	CEO, Principal Executive Officer and Director, Principal Financial Officer and Principal Accounting Officer	2019-07-16
0001665160-19-000787	1	Andrew Yakub	CEO, Principal Executive Officer and Director, Principal Financial Officer and Principal Accounting Officer	2019-07-16
0001770281-19-000005	1	/s/ Christopher VanBerg	CEO	2019-07-16
0001707193-19-000002	3	Wes Selke	Board Member	2019-07-16
0001707193-19-000002	2	Julie Lein	Board Member	2019-07-16
0001144204-19-034855	1	/s/ Eugene Meehan	President, Manager	2019-07-16
0001144204-19-034855	3	/s/ E. Harold Gassenheimer	Chief Financial Officer, Manager	2019-07-16
0001144204-19-034855	2	/s/ Fredy Dellis	Chief Operating Officer, Manager	2019-07-16
0001665160-19-000784	1	Vikram Chopra	CEO, Principal Executive Officer and Director, Principal Financial Officer and Principal Accounting Officer	2019-07-16
0001665160-19-000783	1	Michael Licamele	CEO, Principal Executive Officer and Sole Director, Principal Financial Officer and Principal Accounting Officer	2019-07-16
0001774156-19-000008	1	/s/ Peter Ghiorse	Co-Founder & CEO	2019-07-16
0001670254-19-000409	2	Jon Fitzgerald	CEO	2019-06-21
0001670254-19-000409	3	Jeff Swimmer	Director	2017-11-10
0001670254-19-000409	4	Cindy Fitzgerald	Secretary	2017-11-10
0001670254-19-000409	1	Jon Fitzgerald	CEO	2019-06-21
0001670254-19-000409	5	Jon Fitzgerald	CEO	2017-11-10
0001771238-19-000001	2	Alexey Rozov	Executive producer	2019-07-15
0001771238-19-000001	1	Alexander Us	CEO, principal executive officer	2019-07-15
0001670254-19-000406	2	Sama Jashnani	Co-Founder and CEO	2019-06-19
0001670254-19-000406	1	Anuja Shah	Co-Founder & COO	2019-06-20
0001771238-19-000001	3	Andrey Kostyuk	principal financial officer, principal accounting officer	2019-07-15
0001779569-19-000003	1	SRINI KATTA	CEO	2019-07-15
0001776715-19-000004	1	Adam Carolla	Manager	2019-07-15
0001778493-19-000002	1	John Perfitt	Ex Director of Restore Neighborhoods LA, inc., the Manager	2019-07-15
0001665160-19-000782	1	David Allred	CEO, Principal Executive Officer and Director, Principal Financial Officer and Principal Accounting Officer	2019-07-15
0001669191-19-000222	6	John  Preston	Board Member	2019-01-23
0001669191-19-000222	7	Christopher Schuh	Board Member	2019-01-23
0001669191-19-000222	8	Craig Bouchard	Board Member	2019-01-23
0001669191-19-000222	5	Michael Porter	Board Member	2019-01-23
0001669191-19-000222	3	Charles Price	Board Member	2019-01-23
0001669191-19-000222	2	Julio  Ramirez	Principal Financial Officer	2019-01-23
0001669191-19-000222	1	Craig Bouchard	Principal Executive Officer	2019-01-23
0001669191-19-000222	4	Norton Schwartz	Board Member	2019-01-23
0001778493-19-000001	1	John Perfitt	Executive Director of Manager, Restore Neighborhoods LA, Inc.	2019-07-15
0001665160-19-000779	1	Brian Gale	CEO, Principal Executive Officer and Director	2019-07-12
0001665160-19-000779	2	Edgar D. McKean III	Director	2019-07-12
0001665160-19-000778	2	Edgar D. McKean III	Director	2019-07-12
0001665160-19-000778	3	Cynthia P. Baron	Principal Financial Officer and Principal Accounting Officer	2019-07-12
0001665160-19-000778	1	Brian Gale	CEO, Principal Executive Officer and Director	2019-07-12
0001665160-19-000779	3	Cynthia P. Baron	Principal Financial Officer and Principal Accounting Officer	2019-07-12
0001665160-19-000777	3	Cynthia P. Baron	Principal Financial Officer and Principal Accounting Officer	2019-07-12
0001665160-19-000777	2	Edgar D. McKean III	Director	2019-07-12
0001665160-19-000777	1	Brian Gale	CEO, Principal Executive Officer and Director	2019-07-12
0001782111-19-000001	1	Shelly Gracon	CEO	2019-07-12
0001782075-19-000005	2	George Varvatsoulis	Director	2019-07-12
0001782075-19-000005	1	Andrew Christodoulides	CEO	2019-07-12
0001775091-19-000004	1	Willard Jackson by Vincent Petrescu -POA	CEO	2019-07-12
0001773435-19-000002	1	Julio Garcia	Managing Member of General Partner, ASMK Memorial LLC	2019-07-12
0001773435-19-000002	2	Amber Garcia	Managing Member of General Partner, ASMK Memorial LLC	2019-07-12
0001760049-19-000003	2	Delgerdalai Davaasambuu	CEO, issuer, principal executive officer, principal financial officer, controller, and principal accounting officer	2019-07-12
0001760049-19-000003	1	Sukhbat Lkhagvadorj	CFO, issuer, principal executive officer, principal financial officer, controller, and principal accounting officer	2019-07-12
0001778006-19-000003	1	Michael Peterson	Managing Partrner	2019-07-12
0001767242-19-000005	2	Matthew Runeare	CEO	2019-07-12
0001767242-19-000005	1	Dave Rothenberg	Chairman, COO	2019-07-12
0001782075-19-000004	2	George Varvatsoulis	Director	2019-07-12
0001782075-19-000004	1	Andrew Christodoulides	CEO	2019-07-12
0001713366-19-000003	1	Carl Jibril Sulaiman II	CEO	2019-07-11
0001668287-19-000027	1	William Benson	Owner	2019-07-11
0001773714-19-000003	1	Oleg Cheine	President	2019-07-11
0001669191-19-000219	1	James Canova	Principal Executive Officer	2018-11-28
0001669191-19-000219	2	Valerie  Canova	Principal Financial Officer	2018-11-28
0001669191-19-000219	3	James Canova	Principal Accounting Officer	2018-11-28
0001669191-19-000219	4	Valerie  Canova	Board Member	2018-11-28
0001669191-19-000219	5	James Canova	Board Member	2018-11-28
0001669191-19-000217	7	Jason Brown	Board Member	2019-04-10
0001669191-19-000217	8	Ryan  Beckman	Board Member	2019-04-10
0001669191-19-000217	6	Stephen Wilson	Board Member	2019-04-10
0001669191-19-000217	5	Dr. David Jensen	Board Member	2019-04-10
0001669191-19-000217	4	Jeff Vanderpol	Board Member	2019-04-10
0001669191-19-000217	1	Jason Brown	Principal Executive Officer	2019-04-10
0001669191-19-000217	2	Jason Brown	Principal Financial Officer	2019-04-10
0001669191-19-000217	3	Jason Brown	Principal Accounting Officer	2019-04-10
0001669191-19-000217	9	Kirk Layne	Board Member	2019-04-10
0001669191-19-000215	3	Sebastian Scripps	Board Member	2019-03-05
0001669191-19-000215	2	Christopher Sauer	Board Member	2019-03-05
0001669191-19-000215	1	Christopher Sauer	Principal Executive Officer	2019-03-05
0001669191-19-000215	4	Daniel Googel	Board Member	2019-03-05
0001669191-19-000215	5	Barbara Gollan	Board Member	2019-03-05
0001670254-19-000404	1	Julie Basu	Founder & CEO	2019-07-03
0001670254-19-000404	2	Rishi Mukhopadhyay	COO & Head of Product	2019-07-03
0001670254-19-000404	3	Rishi Mukhopadhyay	COO & Head of Product	2019-07-03
0001670254-19-000404	4	Rishi Mukhopadhyay	COO and Head of Product	2019-06-28
0001620525-19-000003	1	Graham Dodge	CEO	2019-07-09
0001669191-19-000213	4	Sam Malone	Board Member	2019-06-20
0001669191-19-000213	3	Sam Malone	Principal Accounting Officer	2019-06-19
0001669191-19-000213	1	Sam Malone	Principal Executive Officer	2019-06-19
0001669191-19-000213	2	Sam Malone	Principal Financial Officer	2019-06-19
0001669191-19-000211	2	Valerie  Canova	Principal Financial Officer	2018-11-28
0001669191-19-000211	5	James Canova	Board Member	2018-11-28
0001669191-19-000211	4	Valerie  Canova	Board Member	2018-11-28
0001669191-19-000211	3	James Canova	Principal Accounting Officer	2018-11-28
0001669191-19-000211	1	James Canova	Principal Executive Officer	2018-11-28
0001779469-19-000002	1	Brock Heasley	CEO	2019-07-08
0001773138-19-000003	1	Brian Ching	Manager	2019-07-08
0001780452-19-000003	1	Tobias Mandonado	Manager	2019-07-08
0001665160-19-000775	2	Robert S. Marks	Director, Secretary	2019-07-08
0001665160-19-000775	1	Luka Fajs	CEO, Principal Executive Officer and Director, Principal Financial Officer and Principal Accounting Officer	2019-07-08
0001665160-19-000774	1	Joseph Daniluk	CEO, Principal Executive Officer and Director, Principal Financial Officer, Secretary, and Principal Accounting Officer	2019-07-08
0001665160-19-000773	1	Kathy Meis	President and CEO, Principal Executive Officer and Director, Principal Financial Officer and Principal Accounting Officer	2019-07-08
0001665160-19-000772	1	Ganga Bathula	CEO, Principal Executive Officer and Director, Principal Financial Officer and Principal Accounting Officer	2019-07-08
0001665160-19-000771	1	Fusion Properties Management Group, Inc. d/b/a Fusion Farms	Kendell Lang	2019-07-08
0001665160-19-000770	1	Michael Winston	CEO, Principal Executive Officer and Director, Principal Financial Officer and Principal Accounting Officer	2019-07-08
0001665160-19-000769	2	Angelo D'Anzi	CTO	2019-07-08
0001665160-19-000769	3	Gabriele Colombo	Secretary	2019-07-08
0001665160-19-000769	1	Carlo Brovero	CEO, President, Chief Executive Officer, Treasurer, Principal Financial Officer and Principal Accounting Officer	2019-07-08
0001665160-19-000768	1	Ronald L. Miller, Jr.	Vice President, CFO, Principal Executive Officer, Principal Financial Officer and Principal Accounting Officer	2019-07-08
0001665160-19-000768	2	Mitchell A. Saltz	Chairman of the Board and Director	2019-07-08
0001767272-19-000002	1	Michael Brown	Chief Executive Officer, Chief Financial Officer and sole Director	2019-07-05
0001719575-19-000006	1	/s/ Henry Finkelstein	CEO	2019-07-05
0001665160-19-000765	1	Jeff Tacy	CEO, Principal Executive Officer and Director, Principal Financial Officer and Principal Accounting Officer	2019-07-03
0001665160-19-000763	1	Jeff Tacy	CEO, Principal Executive Officer and Director, Principal Financial Officer and Principal Accounting Officer	2019-07-03
0001665160-19-000762	3	Gabriele Colombo	Secretary	2019-07-03
0001665160-19-000762	2	Angelo D'Anzi	CTO	2019-07-03
0001665160-19-000762	1	Carlo Brovero	CEO, President, Chief Executive Officer, Treasurer, Principal Financial Officer and Principal Accounting Officer	2019-07-03
0001711429-19-000002	1	/s/ Earl Benjamin	President of C3 Entertainment, Inc.,Managing Member of Three Little Stooges Productions, LLC.	2019-07-03
0001780039-19-000001	1	Tudor Palaghita	CEO	2019-07-03
0001665160-19-000760	1	Emmanuel Umoh	CEO, Principal Executive Officer and Director,Principal Financial Officer and Principal Accounting Officer	2019-07-03
0001770587-19-000002	1	Ilya Breyman	CEO, issuer, principal executive officer, principal financial officer, controller, and principal accounting officer	2019-07-03
0001770587-19-000002	2	Aleksei Dolinskii	Head of University Relations, CEO, issuer, principal executive officer, principal financial officer, controller, and principal accounting officer	2019-07-03
0001743601-19-000003	1	Darren V. Walker	CEO	2019-07-02
0001665160-19-000759	1	Maya Parbhoe	CEO, Principal Executive Officer and Director	2019-07-02
0001772270-19-000003	1	MARGARET CROWLEY	FOUNDER	2019-07-02
0001665160-19-000756	1	Daniel Eisenman	CEO, Principal Executive Officer and Director, Principal Financial Officer and Principal Accounting Officer	2019-07-02
0001665160-19-000751	1	Robert Boulanger	CEO, Principal Executive Officer, Director, Principal Financial Officer, Principal Accounting Officer	2019-07-02
0001665160-19-000759	2	Zeenat William	Principal Financial Officer and Principal Accounting Officer	2019-07-02
0001665160-19-000750	1	Steve Nauert	CEO, Principal Executive Officer and Director, Principal Financial Officer and Principal Accounting Officer	2019-07-02
0001665160-19-000749	1	J. Garrett Green	CEO, Principal Executive Officer and Manager, Principal Financial Officer and Principal Accounting Officer	2019-07-02
0001759526-19-000001	3	Paul Paras	COO	2019-07-02
0001759526-19-000001	2	Scott Carpenter	Chief of Staff	2019-07-02
0001759526-19-000001	4	John Ball	CTO	2019-07-02
0001759526-19-000001	1	James Penas	CEO	2019-07-02
0001777060-19-000007	2	Josiah Daniel Litle	Chief Financial Officer and Treasurer	2019-07-02
0001777060-19-000007	1	Donald Amason	Manager and Chief Executive Officer	2019-07-02
0001777060-19-000007	4	Fred Dawe	Director	2019-07-02
0001777060-19-000007	5	Spencer Yee	Director	2019-07-02
0001777060-19-000007	3	Daniel McNicoll	Head of Production and Director	2019-07-02
0001670254-19-000403	1	Jason A. Hobson	Co-Founder	2019-06-24
0001670254-19-000403	2	David Nikzad	Founder	2019-04-17
0001775794-19-000001	1	Adam Steven Fogerson	Senior Partner	2019-07-01
0001665160-19-000748	1	Steven R Sedlmayr	CEO, Principal Executive Officer and Director and Principal Financial Officer	2019-07-01
0001665160-19-000746	1	Yogesh Sharma	CEO, Principal Executive Officer, Director, Principal Financial Officer and Principal Accounting Officer	2019-07-01
0001659586-19-000004	1	Starling Childs	Director	2019-07-01
0001670254-19-000400	1	Nat Mundel	CEO	2019-06-25
0001781049-19-000003	1	Peter Tolman	Owner	2019-07-01
0001665160-19-000744	1	Peter J. Tezza II	CEO, Principal Executive Officer and Director	2019-07-01
0001665160-19-000744	2	Laura L. Tezza	Director of Operations, Principle Financial Officer and Director and Principal Accounting Officer	2019-07-01
0001554477-19-000002	3	Jared Augustine	CEO, issuer, principal executive officer, principal financial officer, controller, and principal accounting officer	2019-07-01
0001554477-19-000002	2	Mark Gerson	Co-Chairman, issuer, principal executive officer, principal financial officer, controller, and principal accounting officer	2019-07-01
0001554477-19-000002	1	Atiim Kiambu Tiki Barber	Co-Chairman, issuer, principal executive officer, principal financial officer, controller, and principal accounting officer	2019-07-01
0001665160-19-000743	1	Richard Marino	CEO, Principal Executive Officer and Director, Principal Financial Officer and Principal Accounting Officer	2019-07-01
0001769638-19-000002	1	Tyler Czuczman	Owner	2019-07-01
0001665160-19-000742	1	Mohammed Diallo	CEO, Principal Executive Officer, and Director	2019-07-01
0001665160-19-000742	2	Ibrahima Diallo	COO, Principal Financial Officer, and Principal Accounting Officer	2019-07-01
0001665160-19-000741	2	Aike Muller	CEO, Principal Executive Officer, President and Director	2019-07-01
0001665160-19-000741	1	Friso Schmid	CFO, Principal Financial Officer and Principal Accounting Officer	2019-07-01
0001665160-19-000740	1	JD Claridge	CEO, Principal Executive Officer and Director, Principal Financial Officer and Principal Accounting Officer	2019-07-01
0001659586-19-000002	1	Starling Childs	Director	2019-06-28
0001665160-19-000739	1	Vitaly Khusidman	CEO, Principal Executive Officer and Director, Principal Financial Officer and Principal Accounting Officer	2019-06-28
