ACCESSION_NUMBER	ISAMENDMENT	PROGRESSUPDATE	NATUREOFAMENDMENT	NAMEOFISSUER	LEGALSTATUSFORM	LEGALSTATUSOTHERDESC	JURISDICTIONORGANIZATION	DATEINCORPORATION	STREET1	STREET2	CITY	STATEORCOUNTRY	ZIPCODE	ISSUERWEBSITE	COMPANYNAME	COMMISSIONCIK	COMMISSIONFILENUMBER	CRDNUMBER
0001665160-16-000183	0			ITFT, Inc.	Corporation		NC	2013-06-05	18400 Dembridge Drive		Davidson	NC	28036	http://itftsolutions.com/	ITFT, Inc.	0001665160	007-00007	
0001693084-16-000001	0			UpCurrent, Inc.	Corporation		DE	2016-01-15	660 4TH ST. #475		SAN FRANCISCO	CA	94107	www.upcurrent.co	DreamFunded MarketPlace, LLC	0001670761	007-00037	6639970
0001665160-16-000180	0			Gotham Ballers, Inc.	Corporation		NY	2016-02-26	225 West 34th Street 9th floor		New York	NY	10122	www.gothamballers.com	Gotham Ballers, Inc.	0001665160	007-00007	
0001685751-16-000001	0	$171,200 is our best estimate for the total amount of securities that will be sold.		WOLFPRINT 3D INC	Corporation		DE	2016-08-18	160 GREENTREE DRIVE, ESTONIA SUITE 101		DOVER	DE	19904	www.Wolfprint3d.com	SI SECURITIES, LLC	0001603038	008-69440	000170937
0001684321-16-000003	1		Extend Offering Deadline to 03/31/2017 and amend use of proceeds	Italian Cafe, LLC	Limited Liability Company		IL	2014-07-14	21020 N. RAND RD., STE. C-4		LAKE ZURICH	IL	60047	www.goitaliancafe.com	crowdsourcefunded.com	0001667727	007-00027	
0001684321-16-000001	0			Italian Cafe, LLC	Limited Liability Company		IL	2014-07-14	21020 N. RAND RD., STE. C-4		LAKE ZURICH	IL	60047	www.goitaliancafe.com	crowdsourcefunded.com	0001667727	007-00027	
0001692818-16-000003	0			Safety First Arms, Inc.	Corporation		DE	2016-12-05	4629 CASS STREET		SAN DIEGO	CA	92109	www.safetyfirstarms.com	DreamFunded MarketPlace, LLC	0001670761	007-00037	6639970
0001669191-16-000083	0	End of offering		Kindred Brands Inc.	Corporation		DE	2015-10-15	425 WASHINGTON ST	Suite 5	Brighton	MA	02135	troupejewelry.com	NetCapital Funding Portal Inc.	0001669191	007-00035	283596
0001213900-16-019667	0			Snapwire Media, Inc.	Corporation		DE	2012-08-03	3905 STATE STREET, SUITE 7-510		SANTA BARBARA	CA	93105	www.snapwi.re	Wefunder Portal LLC	0001670254	007-00033	283503
0001690794-16-000001	0			StressPal, Inc.	Corporation		DE	2015-04-22	2100 WEBSTER STREET SUITE 119		SAN FRANCISCO	CA	94115	www.stresspal.com	DreamFunded MarketPlace, LLC	0001670761	007-00037	6639970
0001611945-16-000005	0		Include webinar transcript	Art Craft Entertainment, Inc.	Corporation		DE	2013-05-20	815 A BRAZOS ST #313		AUSTIN	TX	78701	www.crowfall.com	First Democracy VC	0001683054	007-00076	285360
0001670254-16-000236	0			Ridgemont Outfitters, Inc.	Corporation		CA	2013-11-05	2525 Cherry Avenue	Suite 375	Signal Hill	CA	90755	http://ridgemontoutfitters.com/	Wefunder Portal LLC	0001670254	007-00033	283503
0001680041-16-000004	0	The issuer has raised a total of $108,046 during the offering period.		Maternova, Inc.	Corporation		RI	2009-05-06	460 HARRIS AVENUE, SUITE 201		PROVIDENCE	RI	09209	maternova.net	OpenDeal Inc.	0001672732	007-00046	283874
0001670254-16-000235	0		Move deadline forward to Dec 29, include video transcript and updated business plan.	VoiceVoice, Inc. dba MaestroConference	Corporation		CA	2007-03-20	1025 3rd Street		Oakland	CA	94607	http://www.maestroconference.com	Wefunder Portal LLC	0001670254	007-00033	283503
0001682697-16-000005	0			Alive Global Water, Inc.														
0001679373-16-000008	0	The issuer has raised a total of $137,946 during the offering period.		Farm From a Box Inc.	Corporation		CA	2012-02-06	101 THE EMBARCADERO #214		SAN FRANCISCO	CA	94105	http://www.farmfromabox.com/	OpenDeal Inc.	0001672732	007-00046	283874
0001677843-16-000003	0		Extend Offering period to 3/31/2017, update Business Plan, Capital Structure, Executive Biographies	VG Smartglass LLC	Limited Liability Company		FL	2014-05-29	3440 S. DEARBORN ST.	STE 130S	CHICAGO	IL	60616	www.vgsmartglass.com	crowdsourcefunded.com	0001667727	007-00027	001400667
0001670254-16-000234	0		Move deadline forward to Dec 22, include video transcript and updated business plan.	Sour Rice, LLC	Limited Liability Company		CA	2015-07-07	983 Valencia		San Francisco	CA	94110	http://motze.xyz	Wefunder Portal LLC	0001670254	007-00033	283503
0001670254-16-000232	0		Moved deadline date forward to Dec 21, included video transcriptions and updated business plan.	Magic Instruments, Inc.	Corporation		DE	2012-11-08	2673A Mission St		San Francisco	CA	94110	http://www.magicinstruments.com/	Wefunder Portal LLC	0001670254	007-00033	283503
0001664526-16-000009	0		Amending certain capitalization and financing information.	Play Impossible Corp	Corporation		DE	2014-04-04	111 S. JACKSON STREET		SEATTLE	WA	98104	http://www.playimpossible.com/	First Democracy VC	0001683054	007-00076	285360
0001665160-16-000175	0			InGen Dynamics, Inc.	Corporation		DE	2015-07-21	2225 East Bayshore Road	100	Palo Alto	CA	94303	http://aidorobot.com/	InGen Dynamics, Inc.	0001665160	007-00007	
0001669191-16-000080	0			Court Innovations Incorporated	Corporation		DE	2014-01-27	213 S. Ashley St.	Suite 200	Ann Arbor	MI	48104	getmatterhorn.com	NetCapital Funding Portal Inc.	0001669191	007-00035	283596
0001691774-16-000001	0			Texas Zebo, LLC	Limited Liability Company		TX	2001-11-30	218 W. Fourth Street		Austin	TX	78701	http://halcyoncoffeebar.com/	First Democracy VC	0001683054	007-00076	285360
0001670254-16-000229	0			Somogyi AgTech LLC dba Anikona Farm	Limited Liability Company		HI	2013-08-27	75-1181 Keopu Mauka Drive		Holualoa	HI	96725	http://www.anikona.com	Wefunder Portal LLC	0001670254	007-00033	283503
0001682864-16-000008	0			Lion International Consulting, Inc.														
0001665160-16-000172	0			Better World Spirits Inc	Corporation		PA	2015-03-04	155 W Market St		York	PA	17401	www.betterworldspirits.com	Better World Spirits Inc	0001665160	007-00007	
0001670254-16-000225	0			Brilliant & Precise LLC	Limited Liability Company		CA	2016-06-08	17318 De Groot Pl		cerritos	CA	90703	http://Thegreenwoodproject.org	Wefunder Portal LLC	0001670254	007-00033	283503
0001670254-16-000223	0			Fun-gi Games LLC	Limited Liability Company		CA	2015-05-04	2135 W 236th Place		Torrance	CA	90501	http://www.fun-gi.com	Wefunder Portal LLC	0001670254	007-00033	283503
0001669191-16-000074	0	End of offering		Lawrence Hunt Fashion, Inc.	Corporation		MI	2016-09-01	801 Park Ave.		Royal Oak	MI	48067	lawrencehunt.co	NetCapital Funding Portal Inc.	0001669191	007-00035	283596
0001691341-16-000008	0		Corrected typographical errors in table on page 3 of Form C PDF.	Damsel Productions LLC	Limited Liability Company		DE	2016-08-17	8 THE GREEN	SUITE B	DOVER	DE	19901	www.damselgame.net	MANORHAVEN CAPITAL LLC	0001058484	008-50911	000044965
0001691341-16-000006	0			Damsel Productions LLC	Limited Liability Company		DE	2016-08-17	8 THE GREEN	SUITE B	DOVER	DE	19901	www.damselgame.net	MANORHAVEN CAPITAL LLC	0001058484	008-50911	000044965
0001670254-16-000218	0		Update deadline date, include video transcripts and updated business plan.	Haint Blue Brewing Company LLC	Limited Liability Company		AL	2015-12-07	806 Monroe St		Mobile	AL	36602	http://www.haintbluebrew.com	Wefunder Portal LLC	0001670254	007-00033	283503
0001688437-16-000007	0			Eve Fund 1, LLC.														
0001690909-16-000003	0		Corrected typographical error in the amount of compensation to be paid to the intermediary	Ellison Eyewear, Inc	Corporation		DE	2014-03-19	314 WEST INSTITUTE PLACE	LOFT 2E	CHICAGO	IL	60610	www.WearEllison.com	OpenDeal Inc., dba Republic	0001672732	007-00046	283874
0001690909-16-000001	0			Ellison Eyewear, Inc.	Corporation		DE	2014-03-19	314 West Institute Place	Loft 2E	Chicago	IL	60610	www.WearEllison.com	OpenDeal Inc., dba Republic	0001672732	007-00046	283874
0001680454-16-000006	0		Issuer has adjusted offering page to display newly-added perk being offered.	Swaggle Inc.	Corporation		DE	2014-09-16	2006 17TH STREET NW		WASHINGTON	DC	20009	http://goswaggle.com/	FLASHFUNDERS SECURITIES, LLC	0001320303	008-66859	000134742
0001665160-16-000170	0			Vanguard Moto, Inc.	Corporation		DE	2014-04-30	63 Flushing Ave #199	Building 152, Brooklyn Navy Yard	Brooklyn	NY	11205	www.vanguard.nyc	Vanguard Moto, Inc.	0001665160	007-00007	
0001144204-16-137950	0		Updated Offering Circular, Company Information and Video Transcript	StarringClaraBow, Inc.	Corporation		WY	2016-08-23	1712 Pioneer Avenue	Suite 1609	Cheyenne	WY	82001	www.starringclarabow.com	StartEngine Capital LLC	0001665160	007-00007	
0001670254-16-000217	0		Update deadline date, include video transcripts and updated business plan.	Airbitz, Inc.	Corporation		DE	2013-10-01	311 4th Ave	Ste. 413	San Diego	CA	1	http://airbitz.co	Wefunder Portal LLC	0001670254	007-00033	283503
0001684715-16-000003	0	The issuer has raised a total of $273,800 during the offering period. The actual processing time to confirm the commitments may take longer than the filing deadline, and the total amount is our best estimate at this time. The actual amount may be lower.		Sugar Refinery, LLC	Limited Liability Company		TX	2016-08-18	2248 TEXAS DRIVE		SUGAR LAND	TX	77479	http://www.thesugarrefinerybar.com/	NextSeed US LLC	0001667892	007-00023	283225
0001686564-16-000003	0		This amendment modifies the closing date of the offering.	LGBT Weddings, Inc.	Corporation		CA	2016-09-27	3353 HIGHWAY 49 SOUTH		MARIPOSA	CA	95338	http://www.LGBTWeddings.com	Ksdaq Inc.	0001666102	007-00042	284278
0001670254-16-000216	1		Included CPA reviewed financials, increased max offering to $200K, updated issuer signator title	Everipedia, Inc.	Corporation		DE	2015-08-01	972 Hilgard Ave. #PH2		Los Angeles	CA	90024	https://www.everipedia.com/	Wefunder Portal LLC	0001670254	007-00033	283503
0001665160-16-000167	0	The total investment amount upon the close of the offering is $180,265.		Snapwire Media, Inc.	Corporation		DE	2012-08-03	3905 STATE STREET, SUITE 7-510		SANTA BARBARA	CA	93105	www.snapwi.re	StartEngine Capital LLC	0001665160	007-00007	
0001665160-16-000168	0	The total funding amount upon the close of the raise is $282,500.		LRF Thoroughbred Fund LLC	Limited Liability Company		CA	2016-06-27	5950 CANOGA AVE SUITE 510		WOODLAND HILLS	CA	91367	www.littleredfeather.com	StartEngine Capital LLC	0001665160	007-00007	
0001691448-16-000001	0			Barber Surgeons Inc.	Corporation		DE	2016-07-28	1880 CENTURY PARK EAST	SUITE 200	LOS ANGELES	CA	90067	www.barbersurgeons.co	SI SECURITIES, LLC	0001603038	008-69440	000170937
0001670254-16-000214	0			Niveau Brands, Inc.	Corporation		NV	2015-07-17	3000 Atrium Way	STE 287	Mt. Laurel	NJ	08054	http://www.drinksmartenergy.com	Wefunder Portal LLC	0001670254	007-00033	283503
0001670254-16-000213	0		Updated deadline date, updated business plan and included video transcript	MOBODEXTER INC	Corporation		DE	2013-11-22	616 Corporate Way,	Suite 2-6564	Valley Cottage	NY	10989	http://www.mobodexter.com	Wefunder Portal LLC	0001670254	007-00033	283503
0001686564-16-000001	0			LGBT Weddings, Inc.	Corporation		CA	2016-09-27	3353 HIGHWAY 49 SOUTH		MARIPOSA	CA	95338	http://www.LGBTWeddings.com	Ksdaq Inc.	0001666102	007-00042	284278
0001670254-16-000211	0			ClimateStore Inc.	Corporation		MA	2013-02-13	41 South Street		Medfield	MA	02052	http://climatestore.com	Wefunder Portal LLC	0001670254	007-00033	283503
0001670254-16-000209	0			Intentional Offerings, Inc. DBA Bolder Band	Corporation		CO	2008-06-18	441 Fourmile Lane		Canon City	CO	81212	https://www.bbolder.com/	Wefunder Portal LLC	0001670254	007-00033	283503
0001670254-16-000208	1		Include CPA reviewed financials and update most recent fiscal year financials.	Shape Labs Inc.	Corporation		DE	2015-05-08	2898 Baze Road		San Mateo	CA	94033	http://shapescale.com	Wefunder Portal LLC	0001670254	007-00033	283503
0001690216-16-000001	0			Bronzebuck LLC	Limited Liability Company		AZ	2011-02-23	8283 N HAYDEN ROAD #270		SCOTTSDALE	AZ	85258	bux180.com	TRUCROWD INC	0001667145	007-00015	
0001597895-16-000003	0		Non-material addition of information related to perks being offered to investors in this offering.	Traveling Spoon	Corporation		DE	2013-07-24	PO BOX 40758		SAN FRANCISCO	CA	94140	www.travelingspoon.com	SI SECURITIES, LLC	0001603038	008-69440	000170937
0001665160-16-000165	0			Lincoln & Grant, Inc.	Corporation		CO	2016-07-06	5281 South Quebec Street		Greenwood Village	CO	80111	http://lincolnandgrant.com	Lincoln & Grant, Inc.	0001665160	007-00007	
0001670254-16-000207	1		Update the Subscription Agreement and include the Operating Agreement for signature.	Proof of Concept, LLC	Limited Liability Company		NY	2011-04-22	67 35th St.	C405	Brooklyn	NY	11232	http://barrowsintense.com	Wefunder Portal LLC	0001670254	007-00033	283503
0001670254-16-000206	0		Extend deadline date to Dec 31st	Shape Labs Inc.	Corporation		DE	2015-05-08	2898 Baze Road		San Mateo	CA	94033	http://shapescale.com	Wefunder Portal LLC	0001670254	007-00033	283503
0001689502-16-000002	0			Next Minute, Inc.	Corporation		FL	2015-09-25	445 NE 12TH AVE		FT LAUDERDALE	FL	33301	www.nextminuteapp.com	DreamFunded MarketPlace, LLC	0001670761	007-00037	6639970
0001688545-16-000003	1		Extension of target date from February 15, 2017 to February 28, 2017.	Campagna Motors USA Inc.	Corporation		DE	2016-10-19	1320 STATE ROUTE 9	SUITE 667	CHAMPLAIN	NY	12919	www.compagnamotors.com	StartEngine Capital LLC	0001665160	007-00007	
0001665160-16-000160	0			Sol Boards, Inc.	Corporation		OR	2013-03-05	1001 SW Emkay Dr	Suite 100	Bend	OR	97702	www.golfboard.com	Sol Boards, Inc.	0001665160	007-00007	
0001670254-16-000205	0	The final number is $309,807.00 in investments. The deadline date was set to today to work around an EDGAR glitch but the offering actually closed on 08-09-16.		TAXA Biotechnologies Inc	Corporation		DE	2012-03-08	665 3rd Street	Ste 230	San Francisco	CA	94107	http://www.taxa.com	Wefunder Portal LLC	0001670254	007-00033	283503
0001685706-16-000005	0	Ths Issuer has raised a total of $150,000 during the offering period. The actual processing time to confirm the final commitment may take longer than the filing deadline. This is our best estimate at this time; the actual amount may be lower.		Two A&H Entertainment, LLC	Limited Liability Company		DE	2016-02-17	545 POST STREET		SAN FRANCISCO	CA	94102	http://www.ramblersf.com/	NextSeed US LLC	0001667892	007-00023	283225
0001670254-16-000203	0			Powell Development Group, Inc.	Corporation		NV	2013-03-20	2600 W. 225th Street		Torrance	CA	90505	http://www.galacticcap.com	Wefunder Portal LLC	0001670254	007-00033	283503
0001670254-16-000201	0			Hopster's LLC	Limited Liability Company		MA	2013-04-05	292 Centre Street		Newton	MA	02458	http://www.hopstersbrew.com	Wefunder Portal LLC	0001670254	007-00033	283503
0001665160-16-000152	1		Extending the deadline of the offering to end of December	Green Sense Farms, LLC	Limited Liability Company		IN	2012-09-24	6525 DANIEL BURNHAM DR	SUITE B	PORTAGE	IN	46368	www.greensensefarms.com	StartEngine Capital LLC	0001665160	007-00007	
0001684570-16-000008	0			KAIDEN, INC.														
0001684570-16-000007	0			MIZAYA INC.														
0001684570-16-000006	0			MIZAYA INC.														
0001144204-16-135022	0			WORTHPOINT Corp	Corporation		DE	2007-01-16	5 Concourse Pkwy	Suite 2850	ATLANTA	GA	30328	www.worthpoint.com	NORTH CAPITAL PRIVATE SECURITIES CORPORATION	0001496269	008-68648	154559
0001674421-16-000012	0		Correct typo in xml filing with respect to offering deadline. The deadline is correct in the Form C and as displayed on the intermediary.	Bloomery Investment Holdings, LLC	Limited Liability Company		WV	2014-09-22	16357 CHARLES TOWN ROAD		CHARLES TOWN	WV	25414	bloomerysweetshine.com	Wefunder Portal LLC	0001670254	007-00033	283503
0001688545-16-000002	0			Campagna Motors USA Inc.	Corporation		DE	2016-10-19	1320 STATE ROUTE 9	SUITE 667	CHAMPLAIN	NY	12919	www.compagnamotors.com	StartEngine Capital LLC	0001665160	007-00007	
0001597895-16-000001	0			Traveling Spoon	Corporation		DE	2013-07-24	PO Box 40758		SAN FRANCISCO	CA	94140	www.travelingspoon.com	SI SECURITIES, LLC	0001603038	008-69440	000170937
0001670254-16-000200	1		Personnel changes were made or are planned. (Lead Developer, VP Strategic Partnerships, UX Designer)	CrowdMed, Inc.	Corporation		DE	2012-10-31	767 Bryant Street #205		San Francisco	CA	94107	https://www.crowdmed.com/	Wefunder Portal LLC	0001670254	007-00033	283503
0001665160-16-000150	0			Jetpack Aviation	Corporation		CA	2016-09-01	14218 Aetna Street		Van Nuys	CA	91401	http://jetpackaviation.com/	Jetpack Aviation	0001665160	007-00007	
0001669760-16-000095	0			iDisclose Test														
0001690042-16-000004	0			BeatStars Inc.	Corporation		DE	2016-11-09	5816 Van Winkle Lane		Austin	TX	78739	http://www.beatstars.com/	First Democracy VC	0001683054	007-00076	285360
0001690042-16-000001	0			BeatStars Inc.	Corporation		DE	2016-11-09	5816 Van Winkle Lane		Austin	TX	78739	http://www.beatstars.com/	First Democracy VC	0001683054	007-00076	285360
0001664526-16-000005	0			Republic Restoratives LLC	Limited Liability Company		DC	2013-10-29	1369 New York Avenue, NE		Washington	DC	20002	http://www.republicrestoratives.com/	First Democracy VC	0001683054	007-00076	285360
0001689758-16-000001	0			Ocean Entertainment, Inc	Corporation		NV	2014-01-16	44-150 KOU PLACE	SUITE 2	KANEOHE	HI	96744	oceanflyt.com	TRUCROWD INC	0001667145	007-00015	
0001664526-16-000003	0			Play Impossible Corporation	Corporation		DE	2014-04-04	111 S. Jackson Street		Seattle	WA	98104	http://www.playimpossible.com/	First Democracy VC	0001683054	007-00076	285360
0001664526-16-000007	0			ArtCraft Entertainment, Inc.	Corporation		DE	2013-05-20	815 A Brazos St #313		Austin	TX	78701	www.crowfall.com	First Democracy VC	0001683054	007-00076	285360
0001144204-16-134497	0			StarringClaraBow, Inc.	Corporation		WY	2016-08-23	1712 Pioneer Avenue	Suite 1609	Cheyenne	WY	82001	www.starringclarabow.com	StartEngine Capital LLC	0001665160	007-00007	
0001670254-16-000198	0			Scrap Connection, Inc.	Corporation		DE	2012-07-12	1828 Amos Drive		Muscle Shoals	AL	35661	http://www.scrapconnection.com	Wefunder Portal LLC	0001670254	007-00033	283503
0001681345-16-000004	0			Colin Holdings, Corp														
0001682664-16-000006	0			TASEAH DEVELOPMENT CORP														
0001682664-16-000005	0			TASEAH DEVELOPMENT CORP														
0001682664-16-000004	0			TASEAH DEVELOPMENT CORP														
0001670254-16-000193	0		Extends deadline date to Dec 19th (from Nov 13th). Raises max offering to $200k. Adds CPA reviewed statement.	SlingFin, Inc.	Corporation		CA	2010-02-05	1355 4th St.	Suite C	Berkeley	CA	94710	http://www.slingfin.com/	Wefunder Portal LLC	0001670254	007-00033	283503
0001670254-16-000197	0		Extend deadline date to March 31st.	Subsector Solutions Corporation	Corporation		DE	2016-04-04	614B North Last Chance Gulch		Helena	MN	59601	tsi.io	Wefunder Portal LLC	0001670254	007-00033	283503
0001670254-16-000196	0		Extend deadline date to Nov 27th	Shape Labs Inc.	Corporation		DE	2015-05-08	2898 Baze Road		San Mateo	CA	94033	http://shapescale.com	Wefunder Portal LLC	0001670254	007-00033	283503
0001669191-16-000062	1		Changed price per share from $100 to $40 and updated the valuation methodology.	Kindred Brands Inc.	Corporation		DE	2015-10-15	425 WASHINGTON ST	Suite 5	Brighton	MA	02135	troupejewelry.com	NetCapital Funding Portal Inc.	0001669191	007-00035	283596
0001670254-16-000195	0		Push deadline back to Mar 31st 2017 from Nov 12th 2016.	Urban Juncture, Inc.	Corporation		IL	2003-11-12	4245 S. King Dr.		Chicago	IL	60653	http://www.urbanjuncture.com/	Wefunder Portal LLC	0001670254	007-00033	283503
0001670254-16-000192	0		Moves deadline date back to Nov 18th from Nov 13th.	Kibin, Inc.	Corporation		DE	2011-03-29	2470 Telegraph Ave.	#302	Berkeley	CA	94704	http://www.kibin.com	Wefunder Portal LLC	0001670254	007-00033	283503
0001670254-16-000191	0			Kibin, Inc.														
0001670254-16-000190	0			Kibin, Inc.	Corporation		DE	2011-03-29	2470 Telegraph Ave.	#302	Berkeley	CA	94704	http://www.kibin.com	Wefunder Portal LLC	0001670254	007-00033	283503
0001670254-16-000187	0			Adventure Clubs Inc.	Corporation		DE	2016-11-02	3472 Research Parkway	Suite 104-401	Colorado Springs	CO	80920	https://www.adventureclubs.com	Wefunder Portal LLC	0001670254	007-00033	283503
0001670254-16-000189	0			My Trail Company, PBC	Corporation		CO	2015-04-09	6595 Odell Place	Suite G-1	Boulder	CO	80301	http://mytrailco.com	Wefunder Portal LLC	0001670254	007-00033	283503
0001685501-16-000008	0			New Media, Inc.														
0001625242-16-000175	1		Extending the raise deadline for the investment.	BYS Daily. Inc.	Corporation		VA	2016-05-11	8045 Fareholm Drive	NA	Los Angeles	CA	90046	www.sydeapp.com	Venture.co Brokerage Services LLC	0001625242	008-69560	173924
0001677548-16-000005	0			Housebook, Inc														
0001647869-16-000005	0	RaceYa, Inc. raised a total of $88,119 during the offering period. Payments are still being processed.		RaceYa, Inc.	Corporation		DE	2014-04-07	175 VARICK STREET		NEW YORK	NY	10014	raceya.com	OpenDeal Inc.	0001672732	007-00046	283874
0001684570-16-000005	1		(1) Adjusted the total valuation down from $5 million to $2 million by using the average revenue estimated. (2) Added the preparation fees. (3) Uploaded the article of incorporation and screenshots.	MIZAYA INC.	Corporation		FL	2016-08-19	1035 SOUTH STATE RD 7	SUITE 315-13	WELLINGTON	FL	33414	www.mizayaresort.com	UFP, LLC	0001668380	007-00024	
0001682883-16-000004	1		(1) Adjusted the total valuation down from $5 million to $2 million by using the average revenue estimated. (2) Uploaded the article of incorporation and screenshots.	NAMA-J Farms Inc	Corporation		FL	2016-08-09	13348 SW 31ST STREET		MIRAMAR	FL	33027	www.namajfarms.com	UFP, LLC	0001668380	007-00024	
0001682385-16-000002	1		(1) Adjusted the total valuation down from $5 million to $3 million by using the average revenue estimated. (2) Uploaded the article of incorporation and screenshots.	Red Empire Real Estate Investments, Inc	Corporation		FL	2016-08-01	3021 SW 22ND CT		FORT LAUDERDALE	FL	33312	redempire.us	UFP, LLC	0001668380	007-00024	
0001682495-16-000011	1		(2) Adjusted the total valuation down from $5 million to $2 million by using the average revenue estimated. (1) Correction to Financial Statements, (3) upload the article of incorporation and screenshots.	Online Portal, Inc.	Corporation		FL	2016-08-01	247 SW 122ND TERRACE		PEMBROKE PINES	FL	33025	onportal.us	UFP, LLC	0001668380	007-00024	
0001685501-16-000007	1		(1) Adjusted the valuation down from $5M to $2M based on the average revenue over three years. (2) Uploaded: (i) certificate of incorporation and (ii) screenshots on the funding portal.	New Media, Inc.	Corporation		GA	2016-09-19	10750 MEDLOCK BRIDGE ROAD		DULUTH	GA	30097	http://www.new-media-inc.com	UFP, LLC	0001668380	007-00024	
0001670254-16-000186	1		Correction in voting power of principal security holders and in total assets of most recent fiscal year. Also pushed deadline date to December 3rd.	One Technologies, Inc.	Corporation		DE	2016-05-26	100 Mcallister St Apt 1908		San Francisco	CA	94102	http://tryoneapp.com	Wefunder Portal LLC	0001670254	007-00033	283503
0001670254-16-000185	0	The final number is $189,675.00 in investments. The deadline date was set to today to work around an EDGAR glitch but the offering actually closed on 09-15-16.		My Trail Company, PBC	Corporation		CO	2015-04-09	6595 Odell Place	Suite G-1	Boulder	CO	80301	http://mytrailco.com	Wefunder Portal LLC	0001670254	007-00033	283503
0001670254-16-000184	0	$127,938 in investments. Payments are still being processed; final number is yet to be determined. The deadline date was set to today to work around an EDGAR glitch but the offering actually closed on 10-17-16.		Discotech, Inc.	Corporation		CA	2013-10-07	928 N Western Avenue PH7		Los Angeles	CA	90029	http://www.discotech.me/	Wefunder Portal LLC	0001670254	007-00033	283503
0001670254-16-000183	0		Changed deadline date to November 10th and include updated business plan and transcripts for video.	VetPronto - Mobile Veterinarians Inc.	Corporation		DE	2014-05-21	113 Ripley		San Francisco	CA	94110	http://www.vetpronto.com	Wefunder Portal LLC	0001670254	007-00033	283503
0001688437-16-000006	0		Update offering amount.	Eve Fund 1, LLC.	Limited Liability Company		WY	2016-09-21	1901 AVENUE OF THE STARS	2ND FLOOR	LOS ANGELES	CA	90067	www.indiecrowdfunder.com	Indie Crowd Funder, LLC.	0001598610	007-00010	
0001688437-16-000004	0		Update offering amount.	Eve Fund 1, LLC.	Limited Liability Company		WY	2016-09-21	1901 AVENUE OF THE STARS	2ND FLOOR	LOS ANGELES	CA	90067	www.indiecrowdfunder.com	Indie Crowd Funder, LLC.	0001598610	007-00010	
0001683264-16-000003	0		Kayak Concepts never started their capital raise with the original start and ending dates.  This amendment reflects the new ending date of January 4, 2017.  No capital has been raised through regulation CF to date.	Kayak Concepts LLC	Limited Partnership		ME	2007-09-26	18 VINE STREET		GARDINER	ME	04345	www.kayakcondos.com	Jumpstart Micro, Inc	0001664804	007-00008	
0001677548-16-000004	1		(1) Extended the deadline of offering (2) Uploaded (i) the certificate of incorporation, (ii) the questions and answers, (iii) the screenshots on the portal, (iv) the signature page and (v) investment procedure	Housebook, Inc	Corporation		DC	2016-01-20	3607 MASSACHUSETTS AVENUE N.W.		WASHINGTON DC	DC	20016	www.housebookinc.com	UFP, LLC	0001668380	007-00024	
0001665160-16-000141	1		Extending the deadline of the offering	Green Sense Farms, LLC	Limited Liability Company		IN	2012-09-24	6525 DANIEL BURNHAM DR	SUITE B	PORTAGE	IN	46368	www.greensensefarms.com	StartEngine Capital LLC	0001665160	007-00007	
0001665160-16-000142	0			Organiponic, Inc.	Corporation		DE	2015-04-22	8518 CAHILL DR, #4		AUSTIN	TX	78729	www.organiponic.com	StartEngine Capital LLC	0001665160	007-00007	
0001670254-16-000182	0	The final number is $100,000.00 in investments. The deadline date was set to today to work around an EDGAR glitch but the offering actually closed on 09-21-2016.		EveryFit, Inc.	Corporation		DE	2010-07-08	44 School St.	Suite 350	Boston	MA	02108	http://www.qmedichealth.com/	Wefunder Portal LLC	0001670254	007-00033	283503
0001680454-16-000005	0		Issuer has adjusted offering page to display affiliate investments (if applicable).	Swaggle Inc.	Corporation		DE	2014-09-16	2006 17TH STREET NW		WASHINGTON	DC	20009	http://goswaggle.com/	FLASHFUNDERS SECURITIES, LLC	0001320303	008-66859	000134742
0001688226-16-000002	0			Coal Diva LLC	Limited Liability Company		NJ	2016-04-14	1 Byrne Lane, #6		Tenafly	NJ	07670	Not Applicable	Start Engine Capital LLC	0001665160	007-00007	282945
0001687197-16-000002	0			Bluurp, Inc	Corporation		DE	2016-09-20	704 BUSH STREET	SUITE 105	SAN FRANCISCO	CA	94108	bluurp.com	DreamFunded MarketPlace, LLC	0001670761	007-00037	6639970
0001677351-16-000004	0		Issuer has adjusted offering page to display affiliate investments (if applicable).	Salon de Lingerie, LLC	Limited Liability Company		DE	2015-10-15	990 BISCAYNE BLVD., SUITE 401		MIAMI	FL	33132	http://www.sdl-miami.com/	FLASHFUNDERS SECURITIES, LLC	0001320303	008-66859	000134742
0001670254-16-000180	0			Pro Material Solutions Inc.	Corporation		IL	2016-03-28	1510 Hollywood Ave		Glenview	IL	60025	http://www.ProMatSolutions.com	Wefunder Portal LLC	0001670254	007-00033	283503
0001683856-16-000003	0		Issuer has adjusted offering page to display affiliate investments (if applicable).	ALUGUEST, INC.	Corporation		DE	2016-05-23	OLAZABAL 2727	2A	BUENOS AIRES	C1	CP1428	https://en.aluguest.com/	FlashFunders Funding Portal, LLC	0001665087	007-00009	
0001688437-16-000003	0			Eve Fund 1, LLC.	Limited Liability Company		WY	2016-09-21	1901 AVENUE OF THE STARS	2ND FLOOR	LOS ANGELES	CA	90067	www.indiecrowdfunder.com	Indie Crowd Funder, LLC.	0001598610	007-00010	
0001670254-16-000176	0			Sour Rice, LLC	Limited Liability Company		CA	2015-07-07	983 Valencia		San Francisco	CA	94110	http://motze.xyz	Wefunder Portal LLC	0001670254	007-00033	283503
0001670254-16-000178	0			South Austin Beer Partners, LLC dba South Austin Brewery	Limited Liability Company		TX	2013-09-16	415 East St. Elmo Rd. #1		Austin	TX	78745	http://southaustinbrewery.com/	Wefunder Portal LLC	0001670254	007-00033	283503
0001679373-16-000006	1		Extend offering deadline, reduce minimum offering amount, and update use of proceeds.	Farm From a Box Inc.	Corporation		CA	2012-02-06	101 THE EMBARCADERO #214		SAN FRANCISCO	CA	94105	farmfromabox.com	OpenDeal Inc.	0001672732	007-00046	283874
0001688072-16-000005	1		We are amending certain financial information and attaching a pdf of the Form C.	GOODMEETS, INC	Corporation		DE	2013-10-01	180 CAPP STREET	3RD FLOOR	SAN FRANCISCO	CA	94110	joinwhim.com	Opendeal Inc.	0001672732	007-00046	283874
0001688072-16-000003	0			Goodmeets, Inc.	Corporation		DE	2013-10-01	180 Capp Street	3rd Floor	San Francisco	CA	94110	joinwhim.com	Opendeal Inc.	0001672732	007-00046	283874
0001688129-16-000001	0			KaZoom Kids Books, Inc	Corporation		IL	2016-08-16	4850 S. LAKE PARK AVE	UNIT 1801	CHICAGO	IL	60615	http://www.kazoomkidsbooks.com	TRUCROWD INC	0001667145	007-00015	
0001670254-16-000173	0			Airbitz, Inc.	Corporation		DE	2013-10-01	311 4th Ave	Ste. 413	San Diego	CA	1	http://airbitz.co	Wefunder Portal LLC	0001670254	007-00033	283503
0001682664-16-000003	1		Adjusted the total valuation down from $5 million to $1 million by using the average revenue estimated.	TASEAH DEVELOPMENT CORP	Corporation		FL	2016-06-16	15224 NORTHGATE BLVD	APT 304	OAK PARK	MI	48237	http://www.taseah.com	UFP, LLC	0001668380	007-00024	
0001670254-16-000172	0	$59,550 in investments. Payments are still being processed; final number is yet to be determined. The deadline date was set to today to work around an EDGAR glitch but the offering actually closed on 10-11-16.		Do., LLC	Limited Liability Company		MN	2012-02-12	444 W. Willis St.	#103	Detroit	MI	48201	http://www.bogobrush.com/	Wefunder Portal LLC	0001670254	007-00033	283503
0001670254-16-000175	1		Increase maximum goal to $500K, include CPA reviewed financials, update most recent / prior fiscal year financials, and updated business plan.	Proof of Concept, LLC	Limited Liability Company		NY	2011-04-22	67 35th St.	C405	Brooklyn	NY	11232	http://barrowsintense.com	Wefunder Portal LLC	0001670254	007-00033	283503
0001684628-16-000004	1		(1) Re-upload financial statement (2) Added the preparation fees (3) Revised the method of determining the price	KAIDEN, INC.	Corporation		FL	2016-09-09	1035 SOUTH STATE RD 7	SUITE 315-9	WELLINGTON	FL	33414	kaideninc.com	UFP, LLC	0001668380	007-00024	
0001682864-16-000007	0		(1) Changed the method of determining the total valuation. (2) Added the preparation fees.	Lion International Consulting, Inc.	Corporation		FL	2016-08-11	1035 SOUTH STATE RD 7	SUITE 315-9	WELLINGTON	FL	33414	www.lioninco.com	UFP, LLC	0001668380	007-00024	
0001679372-16-000009	0	Youngry, LLC raised a total of $65,920 during the offering period. Payments are still being processed.		Youngry, LLC	Limited Liability Company		DE	2016-06-14	5490 MACARTHUR BLVD, STE 500		NEWPORT BEACH	CA	92660	youngry.com	OpenDeal Inc.	0001672732	007-00046	
0001684568-16-000004	0		(1) Adjusted the total valuation down from $5 million to 4 million by using the average revenue estimated. (2) Added the preparation fees.	PRESTIGE VISION, INC	Corporation		FL	2016-08-30	7104 NORTHWEST 16TH STREET		PLANTATION	FL	33313	prestigevizion.com	UFP, LLC	0001668380	007-00024	
0001685112-16-000007	0		Added the preparation fees.	Florida Equity Fund Inc	Corporation		FL	2016-09-13	PO BOX 39748		FT LAUDERDALE	FL	33339	floridaequityfund.com	UFP, LLC	0001668380	007-00024	
0001684570-16-000004	1		(1) Adjusted the total valuation down from $5 million to $2 million by using the average revenue estimated. (2) Added the preparation fees.	MIZAYA INC.	Corporation		FL	2016-08-19	1035 SOUTH STATE RD 7	SUITE 315-13	WELLINGTON	FL	33414	www.mizayaresort.com	UFP, LLC	0001668380	007-00024	
0001684463-16-000002	0		Adjusted the total valuation down from $5 million to 4 million by using the average revenue estimated.	PRESTIGE VISION, INC	Corporation		FL	2016-08-30	7104 NORTHWEST 16TH STREET		PLANTATION	FL	33313	prestigevizion.com	UFP, LLC	0001668380	007-00024	
0001682495-16-000010	1		(2) Adjusted the total valuation down from $5 million to $2 million by using the average revenue estimated. (1) Correction to Financial Statements	Online Portal, Inc.	Corporation		FL	2016-08-01	247 SW 122ND TERRACE		PEMBROKE PINES	FL	33025	onportal.us	UFP, LLC	0001668380	007-00024	
0001682883-16-000003	1		Adjusted the total valuation down from $5 million to $2 million by using the average revenue estimated.	NAMA-J Farms Inc	Corporation		FL	2016-08-09	13348 SW 31ST STREET		MIRAMAR	FL	33027	www.namajfarms.com	UFP, LLC	0001668380	007-00024	
0001682385-16-000001	1		Adjusted the total valuation down from $5 million to $3 million by using the average revenue estimated.	Red Empire Real Estate Investments, Inc	Corporation		FL	2016-08-01	3021 SW 22ND CT		FORT LAUDERDALE	FL	33312	redempire.us	UFP, LLC	0001668380	007-00024	
0001684570-16-000003	1		Adjusted the total valuation down from $5 million to $2 million by using the average revenue estimated.	MIZAYA INC.	Corporation		FL	2016-08-19	1035 SOUTH STATE RD 7	SUITE 315-13	WELLINGTON	FL	33414	www.mizayaresort.com	UFP, LLC	0001668380	007-00024	
0001681345-16-000003	1		(1) Adjusted the total valuation down from $5 million to $2 million by using the average revenue estimated. (2) Extended the deadline.	Colin Holdings, Corp	Corporation		FL	2016-06-18	9050 PINES BLVD 415-425		PEMBROKE PINES	FL	33024	colinholdings.com	UFP, LLC	0001668380	007-00024	
0001670254-16-000168	0			CrowdMed, Inc.	Corporation		DE	2012-10-31	767 Bryant Street #205		San Francisco	CA	94107	https://www.crowdmed.com/	Wefunder Portal LLC	0001670254	007-00033	283503
0001670254-16-000171	0	$731,164 in investments. Payments are still being processed; final number is yet to be determined. The deadline date was set to today to work around an EDGAR glitch but the offering actually closed on 10-04-16.		Cleveland Whiskey LLC	Limited Liability Company		OH	2009-07-08	1768 E. 25th St		Cleveland	OH	44114	http://clevelandwhiskey.com/	Wefunder Portal LLC	0001670254	007-00033	283503
0001670254-16-000167	0			Sam Lee Laundry LLC	Limited Liability Company		CA	2015-01-02	224 28th street		San Francisco	CA	94131	http://www.thespeakeasysf.com/	Wefunder Portal LLC	0001670254	007-00033	283503
0001670254-16-000170	0	$731,164 in investments. Payments are still being processed; final number is yet to be determined. The deadline date was set to today to work around an EDGAR glitch but the offering actually closed on 10-04-16.		Cleveland Whiskey LLC	Limited Liability Company		OH	2009-07-08	1768 E. 25th St		Cleveland	OH	44114	http://clevelandwhiskey.com/	Wefunder Portal LLC	0001670254	007-00033	283503
0001670254-16-000165	0			Evolution Spirits, Inc.	Corporation		DE	2014-06-09	1123 Broadway, Suite 1007		New York	NY	10014	http://www.monkeyrum.com	Wefunder Portal LLC	0001670254	007-00033	283503
0001682240-16-000002	0	The Collective HTX, LLC raised a total of $230,500 during the offering period.		Collective HTX, LLC	Limited Liability Company		TX	2015-04-24	2001 COMMERCE ST	STE. 200	HOUSTON	TX	77002	http://thecoophtx.com/	NextSeed US LLC	0001667892	007-00023	283225
0001445866-16-002763	0		Extend deadline for target offering amount to March 30, 2017 and provide for treatment of oversubscriptions	Daplie, Inc.	Corporation		UT	2015-08-12	560 S. 100 W., Suite 1		Provo	UT	84601	https?//daplie.com	Wefunder Portal LLC	0001670254	007-00033	283503
0001685501-16-000005	1		Adjusted the company's valuation down from $5 million to $2 million. The adjustment is made by using the average revenue over three years.	New Media, Inc.	Corporation		GA	2016-09-19	10750 MEDLOCK BRIDGE ROAD		DULUTH	GA	30097	http://www.new-media-inc.com	UFP, LLC	0001668380	007-00024	
0001685501-16-000004	1		Adjusted the company's valuation down from $5 million to $2 million. The adjustment is made by using the average revenue over three years if the maximum level of funds is raised.	New Media, Inc.	Corporation		GA	2016-09-19	10750 MEDLOCK BRIDGE ROAD		DULUTH	GA	30097	http://www.new-media-inc.com	UFP, LLC	0001668380	007-00024	
0001685501-16-000003	1		Adjusted the company's valuation down from $5 million to $2 million.  The adjustment is done by using the average value of the average revenue over three years and the profit for the third year if the maximum level of funds is raised.	New Media, Inc.	Corporation		GA	2016-09-19	10750 MEDLOCK BRIDGE ROAD		DULUTH	GA	30097	http://www.new-media-inc.com	UFP, LLC	0001668380	007-00024	
0001670254-16-000160	0	$54,620 in investments. Payments are still being processed; final number is yet to be determined. The deadline date was set to today to work around an EDGAR glitch but the offering actually closed on 10-11-16		Exemplars Inc.	Corporation		DE	2015-09-08	448  Ignacio Blvd	#343	Novato	CA	94949	https://veditz.org	Wefunder Portal LLC	0001670254	007-00033	283503
0001670254-16-000161	0			Magic Instruments, Inc.	Corporation		DE	2012-11-08	2673A Mission St		San Francisco	CA	94110	http://www.magicinstruments.com/	Wefunder Portal LLC	0001670254	007-00033	283503
0001670254-16-000163	0			EVELO, Inc.	Corporation		NY	2012-01-20	6624 S 196TH ST	Suite U-101	Kent	WA	98032	www.evelo.com	Wefunder Portal LLC	0001670254	007-00033	283503
0001680153-16-000003	0		Extended the investing period to 01/31/2017, included 3% marketing fee.	Yokal Productions II Inc.	Corporation		CA	2016-06-21	818 WEST 7TH	#930	LOS ANGELES, CA	CA	90019	www.yokalsports.com	TRUCROWD INC	0001667145	007-00015	
0001670254-16-000158	0			LiquidPiston, Inc.	Corporation		DE	2004-06-21	1292a Blue Hills Ave.		Bloomfield	CT	06002	http://liquidpiston.com	Wefunder Portal LLC	0001670254	007-00033	283503
0001670254-16-000156	0			Tampon Tribe	Corporation		CA	2016-08-15	201 Bicknell Ave, Suite 218		Santa Monica	CA	90405	http://tampontribe.com	Wefunder Portal LLC	0001670254	007-00033	283503
0001670254-16-000155	1		Increase maximum goal to $200K, include CPA reviewed financials, update most recent / prior fiscal year financials, and updated business plan.	Red Bay Coffee Company	Limited Liability Company		CA	2013-08-09	3098 E. 10th Street		oakland	CA	94606	http://www.redbaycoffee.com	Wefunder Portal LLC	0001670254	007-00033	283503
0001670254-16-000154	1		Increase maximum offering goal to $200K, include CPA review and update most recent / prior fiscal year numbers.	Ohos, Inc.	Corporation		CO	2016-01-20	3001 Brighton Blvd, Suite 537		Denver	CO	80216	http://www.myohos.com	Wefunder Portal LLC	0001670254	007-00033	283503
0001678208-16-000007	0			Uncensored Freedom Inc														
0001670254-16-000153	1		Change offering terms, increase maximum goal to $1M, include CPA reviewed financials, and updated business plan.	MOBODEXTER INC	Corporation		DE	2013-11-22	616 Corporate Way,	Suite 2-6564	Valley Cottage	NY	10989	http://www.mobodexter.com	Wefunder Portal LLC	0001670254	007-00033	283503
0001684972-16-000003	0	Flying Nun Collective, LLC has raised a total of $100,000. Because it has reached its maximum offering amount early, it has terminated its investment period on 10/13/2016. Its investors were notified of this change on 10/5/2016.		Flying Nun Collective, LLC	Limited Liability Company		TX	2016-09-15	223 EAST 11TH ST		HOUSTON	TX	77008	http://www.citizenpilates.com/	NextSeed US LLC	0001667892	007-00023	283225
0001062993-16-011751	0			Mardi Gras A Musical, LLC	Limited Liability Company		MA	2016-07-20	88 HOLTEN STREET		DANVERS	MA	01923	Issuer has no website - crowdfunding portal is http://openingnightcapital.com/	OPENING NIGHT CAPITAL, LLC	0001554727	008-69132	000165034
0001674421-16-000011	0			Bloomery Investment Holdings, LLC	Limited Liability Company		WV	2014-09-22	16357 CHARLES TOWN ROAD		CHARLES TOWN	WV	25414	bloomerysweetshine.com	Wefunder Portal LLC	0001670254	007-00033	283503
0001445866-16-002753	0			Daplie, Inc.	Corporation		UT	2015-08-12	203 WEST CENTER STREET #15		PLEASANT GROVE	UT	84062	https://daplie.com	Wefunder Portal LLC	0001670254	007-00033	283503
0001680041-16-000003	1		Extend the Offering Deadline to December 20, 2016.	Maternova, Inc.	Corporation		RI	2009-05-06	460 HARRIS AVENUE, SUITE 201		PROVIDENCE	RI	09209	maternova.net	OpenDeal Inc.	0001672732	007-00046	283874
0001677548-16-000003	1		Extend the deadline of offering	Housebook, Inc	Corporation		DC	2016-01-20	3607 MASSACHUSETTS AVENUE N.W.		WASHINGTON DC	DC	20016	www.housebookinc.com	UFP, LLC	0001668380	007-00024	
0001684628-16-000003	0		re-upload financial statement	KAIDEN, INC.	Corporation		FL	2016-09-09	1035 SOUTH STATE RD 7	SUITE 315-9	WELLINGTON	FL	33414	kaideninc.com	UFP, LLC	0001668380	007-00024	
0001684628-16-000002	0			KAIDEN, INC.	Corporation		FL	2016-09-09	1035 SOUTH STATE RD 7	SUITE 315-9	WELLINGTON	FL	33414	kaideninc.com	UFP, LLC	0001668380	007-00024	
0001670254-16-000152	0	The final number is $1,000,000.00 in investments. The deadline date was set to today to work around an EDGAR glitch but the offering actually closed on 08-12-16.		Hops and Grain Production, LLC	Limited Liability Company		TX	2016-05-03	507 Calles St.	Suite 101	Austin	TX	78702	http://www.hopsandgrain.com/	Wefunder Portal LLC	0001670254	007-00033	283503
0001683856-16-000001	0			ALUGUEST, INC.	Corporation		DE	2016-05-23	OLAZABAL 2727	2A	BUENOS AIRES	C1	CP1428	https://en.aluguest.com/	FlashFunders Funding Portal, LLC	0001665087	007-00009	
0001644600-16-000201	0			Primo Connect, Inc.														
0001670254-16-000151	0		Update deadline date, include video transcripts and updated business plan.	Discotech, Inc.	Corporation		CA	2013-10-07	928 N Western Avenue PH7		Los Angeles	CA	90029	http://www.discotech.me/	Wefunder Portal LLC	0001670254	007-00033	283503
0001665160-16-000134	0			Baqua Inc.	Corporation		KY	2014-03-14	325 W MAIN ST THIRD FLOOR		LEXINGTON	KY	40507	www.baqua.com	StartEngine Capital LLC	0001665160	007-00007	
0001670254-16-000150	0		Push deadline back by one day due to federal holiday.	Exemplars Inc.	Corporation		DE	2015-09-08	448  Ignacio Blvd	#343	Novato	CA	94949	https://veditz.org	Wefunder Portal LLC	0001670254	007-00033	283503
0001670254-16-000148	0		Updated deadline date, updated business plan and include video transcript.	Thisisground Holdings, Inc.	Corporation		DE	2015-10-01	2449B Hunter St.		Los Angeles	CA	90021	http://www.thisisground.com	Wefunder Portal LLC	0001670254	007-00033	283503
0001665160-16-000131	1		Adjusted the offering terms.	investFeed Inc.	Corporation		DE	2014-09-29	111 NELSON ST.	SUITE #2	BROOKLYN	NY	11231	www.investFeed.com	StartEngine Capital LLC	0001665160	007-00007	
0001670254-16-000149	0		Push deadline back by one day due to federal holiday.	Do., LLC	Limited Liability Company		MN	2012-02-12	444 W. Willis St.	#103	Detroit	MI	48201	http://www.bogobrush.com/	Wefunder Portal LLC	0001670254	007-00033	283503
0001670254-16-000147	1		Extend deadline date.	Ohos, Inc.	Corporation		CO	2016-01-20	3001 Brighton Blvd, Suite 537		Denver	CO	80216	http://www.myohos.com	Wefunder Portal LLC	0001670254	007-00033	283503
0001670254-16-000145	0			VoiceVoice, Inc. dba MaestroConference	Corporation		CA	2007-03-20	1025 3rd Street		Oakland	CA	94607	http://www.maestroconference.com	Wefunder Portal LLC	0001670254	007-00033	283503
0001669191-16-000060	0		Updated pitch video and corresponding transcript	Lawrence Hunt Fashion, Inc.	Corporation		MI	2016-09-01	801 Park Ave.		Royal Oak	MI	48067	lawrencehunt.co	NetCapital Funding Portal Inc.	0001669191	007-00035	283596
0001684568-16-000002	0			PRESTIGE VISION, INC	Corporation		FL	2016-08-30	7104 NORTHWEST 16TH STREET		PLANTATION	FL	33313	prestigevizion.com	UFP, LLC	0001668380	007-00024	
0001665160-16-000130	0		Updated some of the financial numbers and changed their offering terms.	investFeed Inc.	Corporation		DE	2014-09-29	111 NELSON ST.	SUITE #2	BROOKLYN	NY	11231	www.investFeed.com	StartEngine Capital LLC	0001665160	007-00007	
0001647869-16-000004	1		Extend Offering Deadline to October 31, 2016 and lower Target Amount to $70,000.	RaceYa, Inc.	Corporation		DE	2014-04-07	175 VARICK STREET		NEW YORK	NY	10014	raceya.com	OpenDeal Inc.	0001672732	007-00046	283874
0001669191-16-000057	0			Lawrence Hunt Fashion, Inc.	Corporation		MI	2016-09-01	801 Park Ave.		Royal Oak	MI	48067	lawrencehunt.co	NetCapital Funding Portal Inc.	0001669191	007-00035	283596
0001670254-16-000144	0		Updated deadline date, updated business plan and included video transcript.	Exemplars Inc.	Corporation		DE	2015-09-08	448  Ignacio Blvd	#343	Novato	CA	94949	https://veditz.org	Wefunder Portal LLC	0001670254	007-00033	283503
0001644600-16-000196	0			WOLFPRINT 3D INC	Corporation		DE	2016-08-18	160 Greentree Drive, Estonia Suite 101		DOVER	DE	19904	www.Wolfprint3d.com	SI SECURITIES, LLC	0001603038	008-69440	000170937
0001670254-16-000143	0		Update deadline date, and include updated business plan.	Do., LLC	Limited Liability Company		MN	2012-02-12	444 W. Willis St.	#103	Detroit	MI	48201	http://www.bogobrush.com/	Wefunder Portal LLC	0001670254	007-00033	283503
0001670254-16-000142	0	$100,000.00 in investments. Payments are still being processed; final number is yet to be determined. The deadline date was set to today to work around an EDGAR glitch but the offering actually closed on 09-21-2016.		EveryFit, Inc.	Corporation		DE	2010-07-08	44 School St.	Suite 350	Boston	MA	02108	http://www.qmedichealth.com/	Wefunder Portal LLC	0001670254	007-00033	283503
0001670254-16-000141	0		Updated deadline date, updated business plan and included video transcript.	Ohos, Inc.	Corporation		CO	2016-01-20	3001 Brighton Blvd, Suite 537		Denver	CO	80216	http://www.myohos.com	Wefunder Portal LLC	0001670254	007-00033	283503
