ACCESSION_NUMBER	COMPENSATIONAMOUNT	FINANCIALINTEREST	SECURITYOFFEREDTYPE	SECURITYOFFEREDOTHERDESC	NOOFSECURITYOFFERED	PRICE	PRICEDETERMINATIONMETHOD	OFFERINGAMOUNT	OVERSUBSCRIPTIONACCEPTED	OVERSUBSCRIPTIONALLOCATIONTYPE	DESCOVERSUBSCRIPTION	MAXIMUMOFFERINGAMOUNT	DEADLINEDATE	CURRENTEMPLOYEES	TOTALASSETMOSTRECENTFISCALYEAR	TOTALASSETPRIORFISCALYEAR	CASHEQUIMOSTRECENTFISCALYEAR	CASHEQUIPRIORFISCALYEAR	ACTRECEIVEDRECENTFISCALYEAR	ACTRECEIVEDPRIORFISCALYEAR	SHORTTERMDEBTMRECENTFISCALYEAR	SHORTTERMDEBTPRIORFISCALYEAR	LONGTERMDEBTRECENTFISCALYEAR	LONGTERMDEBTPRIORFISCALYEAR	REVENUEMOSTRECENTFISCALYEAR	REVENUEPRIORFISCALYEAR	COSTGOODSSOLDRECENTFISCALYEAR	COSTGOODSSOLDPRIORFISCALYEAR	TAXPAIDMOSTRECENTFISCALYEAR	TAXPAIDPRIORFISCALYEAR	NETINCOMEMOSTRECENTFISCALYEAR	NETINCOMEPRIORFISCALYEAR
0001665160-16-000183	5 percent	N/A	Common Stock		5000	10.0	N/A	50000.0	Y	First-come, first-served basis		1000000.0	2017-05-30	5	0	0	0	0	0	0	103780	97453	0	0	0	0	0	0	0	0	-6327	-33793
0001693084-16-000001	5% of the amount raised	2% of the Securities issued in this offering	Other	Crowd SAFE	50000	1.0		50000.0	Y	First-come, first-served basis		100000.0	2017-03-31	4	0	0	0	0	0	0	0	0	0	0	0	0	0	0	0	0	0	0
0001665160-16-000180	5 percent	N/A	Common Stock		7143	7.0	N/A	50001.0	Y	First-come, first-served basis		999950.0	2017-05-30	6	1725000	0	7000	0	0	0	0	0	0	0	0	0	0	0	0	0	0	0
0001685751-16-000001																																
0001684321-16-000003	7% of actual funds raised and closed	None	Debt			2000.0	Per per Bond	500000.0	Y	First-come, first-served basis		1000000.0	2017-03-31	2	263795	181423	0	202000	200635	181423	79711	188917	0	0	25410	1556	0	0	0	0	16507	-8424
0001684321-16-000001	7% of actual funds raised and closed	None	Debt			2000.0	Per per Bond	500000.0	Y	First-come, first-served basis		1000000.0	2016-12-31	2	263795	181423	0	202000	200635	188917	79711	188917	0	0	25010	1556	0	0	0	0	-16507	-8424
0001692818-16-000003	5% of the amount raised	2% of the Securities being issued in this offering	Other	SAFE	500000	1.0		500000.0	Y	First-come, first-served basis		1000000.0	2017-03-31	0	48883	0	0	0	0	0	3231	0	0	0	0	0	0	0	0	0	-3231	0
0001669191-16-000083	4.9% of amount raised for a successful offering.	None.	Common Stock		500	40.0	In trying to disrupt the jewelry industry, driving it to self-service design, Troupe has made a significant investment in software development.  Specifically, we've in... [Truncated: see complete discussion in attachment QuestionsAnswers.pdf, question 21.]	20000.0	Y	First-come, first-served basis		40000.0	2016-12-19	6	127803	0	0	0	0	0	127562	0	7065	0	0	0	0	0	0	0	129663	0
0001213900-16-019667	4% of the offering amount upon a successful fundraise	N/A	Common Stock		62500	0.4	N/A	25000.0	Y	First-come, first-served basis		750000.0	2017-04-30	3	135709	226987	4101	216987	128438	0	2150103	1330305	100000	255000	125022	58468	73945	52635	800	800	-764698	-883461
0001690794-16-000001	5% of the amount raised	2% of the Securities being issued in this offering	Debt			1.0		10000.0	Y	First-come, first-served basis		200000.0	2017-10-14	2	0	0	0	0	0	0	45751	0	0	0	0	0	0	0	0	0	-17077	0
0001611945-16-000005	7.0%	Warrants to purchase that number of shares of Series Seed-3 Preferred Stock equal to 1% of the total number of securities issued during the raise.	Preferred Stock		133929	1.12		150000.0	Y	Other	As determined by the issuer	1000000.0	2017-01-16	31	855863	741827	744494	713258	0	0	0	0	0	0	31445	0	0	0	0	0	-3488790	-1374306
0001670254-16-000236	3.0% of the offering amount upon a successful fundraise, and be entitled to reimbursement for out-of-pocket third party expenses it pays or incurs on behalf of the Issuer in connection with the offering.	No	Debt			1.0	Pro-rated portion of the total principal value of $100,000; interests will be sold in increments of $1.	100000.0	Y	Other	As determined by the issuer	1000000.0	2017-06-23	5	203522	96631	5620	17184	23969	6446	638334	261662	0	0	175254	119138	301941	166912	0	0	-269781	-123086
0001680041-16-000004																																
0001670254-16-000235	3.0% of the offering amount upon a successful fundraise.	No	Other	Simple Agreement for Future Equity (SAFE)	50000	1.0	SAFE amount converts to shares based on the lower of priced round or valuation cap (see details below)	50000.0	Y	Other	As determined by the issuer	1000000.0	2016-12-29	4	44069.32	94170.58	25686.5	85437.41	14000	4375.35	288816.74	214714.79	700052.83	626862.51	966907.42	841429.81	0	0	0	0	-278655.68	-428787.41000000003
0001679373-16-000008																																
0001682697-16-000005																																
0001677843-16-000003	The Intermediary Fee is 10% of actual capital raised and closed.	None.	Other	The company is a member managed LLC and is offering ownership in the form of member units.	20	7777.78	Price per share/unit	55555.56	Y	First-come, first-served basis		400000.0	2017-03-31	6	33019	3882	14093	1779	0	0	5499	0	2221	0	13838	0	11163	0	0	0	-112628	-220
0001670254-16-000234	3.0% of the offering amount upon a successful fundraise	No	Debt			1.0	Pro-rated portion of the total principal value of $20,000; interests will be sold in increments of $1.	20000.0	Y	Other	As determined by the issuer	25000.0	2016-12-22	9	44293	0	35293	0	0	0	14323	0	49200	800	0	0	0	0	0	0	-19230	-800
0001670254-16-000232	3.0% of the offering amount upon a successful fundraise.	No	Other	Simple Agreement for Future Equity (SAFE)	50000	1.0	Pro-rated portion of the total principal value of $50,000; interests will be sold in increments of $1; each investment is convertible to one share of stock as described under Item 13.	50000.0	Y	Other	As determined by the issuer	1000000.0	2016-12-21	6	22365	700	1002	700	0	0	0	8965	0	0	0	0	0	0	-1622	0	-45992	-8965
0001664526-16-000009	7.0% and $0.00	2% of the total number of securities issued during the raise.	Other	SAFE (Simple Agreement for Future Equity)	50000	1.0		50000.0	Y	Other	As determined by the issuer	500000.0	2017-01-17	2	322	0	322	0	0	0	0	0	0	0	0	0	0	0	0	0	-19624	-10881
0001665160-16-000175	5 percent	N/A	Common Stock		35300	1.41	N/A	49773.0	Y	First-come, first-served basis		999972.0	2017-04-15	1	0	0	0	0	0	0	3573	0	0	0	0	0	0	0	0	0	-3639	0
0001669191-16-000080	4.9% of amount raised for a successful offering.	None.	Common Stock		80645	0.62	On September 21, 2016, the Company secured a term sheet for a preferred stock financing with a pre-financing valuation of $3M, with the assumption that such pre-financ... [Truncated: see complete discussion in attachment QuestionsAnswers.pdf, question 21.]	49999.9	Y	First-come, first-served basis		499194.86	2017-03-13	7	202262	113356	93773	45617	87343	64971	58718	44525	0	0	992826	306370	12831	0	27471	17885	74713	68831
0001691774-16-000001	6.0% and $0.00	None	Other	Revenue Share Promissory Note	400	250.0		100000.0	Y	Other	At the Company's discretion	500000.0	2017-02-14	96	943308	981574	90830	103141	27846	26943	160970	172221	0	8968	4629684	3977862	1741872	1428829	125822	136329	386953	333455
0001670254-16-000229	3.0% of the offering amount upon a successful fundraise.	No	Debt			1.0	Pro-rated portion of the total principal value of $50,000; interests will be sold in increments of $1.	50000.0	Y	Other	As determined by the issuer	100000.0	2017-06-16	2	168720	177840	0	0	0	0	0	0	0	0	1361	0	0	0	7234	0	-61143	-50593
0001682864-16-000008																																
0001665160-16-000172	5 percent	N/A	Common Stock		100	100.0	N/A	10000.0	Y	First-come, first-served basis		1000000.0	2017-03-31	1	0	0	0	0	0	0	0	0	0	0	0	0	0	0	0	0	0	0
0001670254-16-000225	4.0% of the offering amount upon a successful fundraise, and be entitled to reimbursement for out-of-pocket third party expenses it pays or incurs on behalf of the Issuer in connection with the offering.	No	Other	Simple Agreement for Future Equity (SAFE)	50000	1.0	Pro-rated portion of the total principal value of $50,000; interests will be sold in increments of $1; each investment is convertible to one unit as described under Item 13.	50000.0	Y	Other	As determined by the issuer	1000000.0	2017-06-09	1	0	0	0	0	0	0	832	0	0	0	0	0	0	0	0	0	-20832	0
0001670254-16-000223	4.0% of the offering amount upon a successful fundraise, and be entitled to reimbursement for out-of-pocket third party expenses it pays or incurs on behalf of the Issuer in connection with the offering.	No	Other	Simple Agreement for Future Equity (SAFE)	100000	1.0	Pro-rated portion of the total principal value of $100,000; interests will be sold in increments of $1; each investment is convertible to one unit as described under Item 13.	100000.0	Y	Other	As determined by the issuer	1000000.0	2017-06-09	2	84560	0	82894	0	0	0	33784	0	0	0	0	0	0	0	820	0	-73274	0
0001669191-16-000074	4.9% of amount raised for a successful offering.	None.	Other	Class A	2000	12.5	We reviewed both the Berkus Method for valuing start-ups, as well as our most recent sales data to determine an appropriate valuation.  Using last 30 days gross sales ... [Truncated: see complete discussion in attachment QuestionsAnswers.pdf, question 21.]	25000.0	Y	First-come, first-served basis		100000.0	2016-12-03	3	116973	0	92412	0	0	0	0	0	0	0	2527	15809	1120	20345	0	0	-40552	-15000
0001691341-16-000008	The Intermediary will receive 5% of the total amount raised, a right of first refusal, and a non-refundable $4.00 processing fee for each investment commitment made.	No	Other	Revenue Sharing Interest	2000	25.0		50000.0	Y	First-come, first-served basis		100000.0	2017-03-31	2	350890	0	500	0	0	0	0	0	0	0	0	0	0	0	0	0	0	0
0001691341-16-000006	The Intermediary will receive 5% of the total amount raised, a right of first refusal, and a non-refundable $4.00 processing fee for each investment commitment made.	No	Other	Revenue Sharing Interest	2000	25.0		50000.0	Y	First-come, first-served basis		100000.0	2017-03-31	2	350890	0	500	0	0	0	0	0	0	0	0	0	0	0	0	0	0	0
0001670254-16-000218	3.0% of the offering amount upon a successful fundraise	No	Debt			1.0	Pro-rated portion of the total principal value of $100,000; interests will be sold in increments of $1.	100000.0	Y	Other	As determined by the issuer	1000000.0	2016-12-09	3	29903	0	3422	0	0	0	0	0	0	0	0	0	6280	0	0	0	26710	0
0001688437-16-000007																																
0001690909-16-000003	5.0% of the amount raised	2.0% of the securities being issued in this Offering	Other	SAFE (Simple Agreement for Future Equity)	50000	1.0		50000.0	Y	First-come, first-served basis		750000.0	2017-02-21	1	142891	110045	51953	11303	23813	3488	259450	217837	201439	76439	109947	38136	38831	34471	350	0	-133767	-155013
0001690909-16-000001	5.0% and $0.00	2.0% of the securities being issued in this Offering	Other	SAFE (Simple Agreement for Future Equity)	50000	1.0		50000.0	Y	First-come, first-served basis		750000.0	2017-02-21	1	142891	110045	51953	11303	23813	3488	259450	217837	201439	76439	109947	38136	38831	34471	350	0	-133767	-155013
0001680454-16-000006	FlashFunders shall be entitled to compensation for services equal to five (5%) of gross proceeds, and be entitled to reimbursement for out-of-pocket third party expenses it pays or incurs on behalf of the Issuer in connection with the offering.		Other	Convertible Security.	50000	1.0	The security is not being sold in individual units. Investors will purchase a pro-rata portion of the total principal value of $50,000. Each investment is convertible into stock as described in Appendix C to the Issuer Disclosure Questionnaire.	50000.0	Y	Other	At the Issuer's discretion.	100000.0	2016-12-31	4	307.29	100	307.29	100	0	0	0	0	0	0	0	0	0	0	0	0	-2992.71	0
0001665160-16-000170	5 percent	N/A	Common Stock		15625	8.0	N/A	125000.0	Y	First-come, first-served basis		960000.0	2017-03-31	4	392735	976	312211	976	0	0	0	0	0	0	0	0	0	0	0	0	-597246	-24
0001144204-16-137950	The issuer will pay Start Engine Capital a commission equal to 5% based on the total amount raised in the Offering.	None	Common Stock		5310	10.0		53100.0	Y	First-come, first-served basis		1000000.0	2017-04-23	3	10241878.66	0	3878.66	0	5000	0	0	0	20050	0	5000	0	0	0	0	0	-11521.34	0
0001670254-16-000217	3.0% of the offering amount upon a successful fundraise	No	Other	Simple Agreement for Future Equity (SAFE)	100000	1.0	Pro-rated portion of the total principal value of $100,000; interests will be sold in increments of $1; each investment is convertible to one share of stock as described under Item 13.	100000.0	Y	Other	As determined by the issuer	1000000.0	2016-12-10	6	166527	48746	154146	33509	0	0	94771	1943	836671	300084	0	0	0	0	0	0	-536633	-606414
0001684715-16-000003	NextSeed charges the Issuer 10% of the total offering amount as compensation for its services provided in connection with the offering, provided that NextSeed will only charge 5% for funds raised from investors referred by the Issuer.	None	Debt				The value of the security is the face value of the note purchased by the investor.	125000.0	Y	First-come, first-served basis		360000.0	2016-11-28	3	0	0	0	0	0	0	0	0	0	0	0	0	0	0	0	0	0	0
0001686564-16-000003	Three percent (3%) of the gross amount raised.	No.	Common Stock		100000	1.0		100000.0	Y	First-come, first-served basis		300000.0	2017-03-03	1	0	0	0	0	0	0	0	0	0	0	0	0	0	0	0	0	0	0
0001665160-16-000168	As compensation for the services provided hereunder by StartEngine Capital, Issuer shall pay to StartEngine Capital at the conclusion of the offering a fee consisting of a 5% (five percent) commission based on the amount of investments raised in the Offeri		Common Stock		600	500.0		100000.0	Y	First-come, first-served basis		1000000.0	2016-11-30	5	0	0	0	0	0	0	0	0	0	0	0	0	0	0	0	0	0	0
0001691448-16-000001	SI Securities, LLC will receive a 5% cash commission and 5% equity commission on all sales through the broker-dealer (e.g., $5,000 cash and $5,000 equity on a raise of $100,000)	The intermediary will acquire an equity interest in the issuer valued at 5% of the amount raised through SI Securities, LLC.	Debt			1.0	$1 at par value	150000.0	Y	First-come, first-served basis		500000.0	2017-03-02	0	147581	0	129981	0	0	0	0	0	0	0	0	0	0	0	0	0	-14944	0
0001665160-16-000167	As compensation for the services provided hereunder by StartEngine Capital, Issuer shall pay to StartEngine Capital at the conclusion of the offering a fee consisting of a 5% (five percent) commission based on the amount of investments raised in the Offeri		Common Stock		125000	0.4		50000.0	Y	First-come, first-served basis		1000000.0	2016-12-31	3	135709	226987	4101	216987	128438	0	2150103	1330305	100000	255000	125022	58468	73945	52635	800	800	-764698	-883461
0001670254-16-000216	3.0% of the offering amount upon a successful fundraise.	No	Other	Simple Agreement for Future Equity (SAFE)	50000	1.0	Pro-rated portion of the total principal value of $50,000; interests will be sold in increments of $1; each investment is convertible to one share of stock as described under Item 13.	50000.0	Y	Other	As determined by the issuer	200000.0	2017-01-25	5	17769	0	17769	0	0	0	0	0	155000	0	0	0	0	0	0	0	-138231	0
0001670254-16-000214	3.0% of the offering amount upon a successful fundraise	No	Debt			1.0	Pro-rated portion of the total principal value of $50,000; interests will be sold in increments of $1.	50000.0	Y	Other	As determined by the issuer	100000.0	2017-06-02	2	6304	0	3083	0	0	0	4392	0	0	0	5763	0	2911	0	0	0	1887	0
0001670254-16-000213	3.0% of the offering amount upon a successful fundraise.	No	Other	Simple Agreement for Future Equity (SAFE)	50000	1.0	Pro-rated portion of the total principal value of $50,000; interests will be sold in increments of $1; each investment is convertible to one share of stock as described under Item 13.	50000.0	Y	Other	As determined by the issuer	1000000.0	2016-12-10	3	8967	23686	8967	7296	0	16390	8374	6885	0	0	51013	35270	0	0	0	0	-22414	2113
0001686564-16-000001	Three percent (3%) of the gross amount raised.	No.	Common Stock		100000	1.0		100000.0	Y	First-come, first-served basis		300000.0	2017-03-03	1	0	0	0	0	0	0	0	0	0	0	0	0	0	0	0	0	0	0
0001670254-16-000211	3.0% of the offering amount upon a successful fundraise	No	Other	Simple Agreement for Future Equity (SAFE)	100000	1.0	Pro-rated portion of the total principal value of $100,000; interests will be sold in increments of $1; each investment is convertible to one share of stock as described under Item 13.	100000.0	Y	Other	As determined by the issuer	1000000.0	2017-06-02	1	61284	84136	3746	25258	310	0	6275	21189	0	0	51014	18408	17266	12082	0	0	-226801	-242557
0001670254-16-000209	4.0% of the offering amount upon a successful fundraise	No	Debt			1.0	Pro-rated portion of the total principal value of $200,000; interests will be sold in increments of $1.	200000.0	Y	Other	As determined by the issuer	1000000.0	2017-06-02	10	249924	188771	124025	175503	15052	900	124512	228086	17724	17724	2451589	3336843	797959	1531955	4829	394	7356	601
0001670254-16-000208	3.0% of the offering amount upon a successful fundraise.	No	Other	Simple Agreement for Future Equity (SAFE)	50000	1.0	Pro-rated portion of the total principal value of $50,000; interests will be sold in increments of $1; each investment is convertible to one share of stock as described under Item 13.	50000.0	Y	Other	As determined by the issuer	1000000.0	2016-12-31	2	211534	0	209365	0	0	0	11670	0	395412	0	0	0	0	0	0	0	-195637	0
0001690216-16-000001	The company will pay the intermediary 10% from the money raised via 3rd party marketing efforts and 7% for the everything else, we assume an average of 8.5%.	N/A	Debt				Equidam.com	50000.0	Y	First-come, first-served basis		1000000.0	2017-03-31	0	110596	103660	6773	6447	0	0	0	0	0	0	0	5750	0	0	0	0	-207066	-155484
0001665160-16-000165	7 percent	N/A	Common Stock		50000	1.0	N/A	50000.0	Y	First-come, first-served basis		1000000.0	2017-05-17	1	0	0	0	0	0	0	0	0	0	0	0	0	0	0	0	0	0	0
0001597895-16-000003	SI Securities, LLC will receive a 5% cash commission and 5% equity commission on all sales through the portal and (e.g., $5,000 cash and $5,000 equity on a raise of $100,000)	The intermediary will acquire an equity interest in the issuer valued at 5% of the amount raised through SI Securities, LLC.	Debt			1.0	$1.00 at par	150000.0	Y	First-come, first-served basis		300000.0	2017-02-10	5	170088	611545	78960	543048	0	0	867931	0	0	862965	32560	12363	46541	11544	0	0	-531862	-299639
0001670254-16-000207	3.0% of the offering amount upon a successful fundraise.	No	Common Stock		50000	1.0	Pro-rated portion of the total principal value of $50,000; interests will be sold in increments of $1;	50000.0	Y	Other	As determined by the issuer	500000.0	2016-12-13	3	88228	83533	5857	1944	45979	20879	201320	66815	70000	57424	540097	300519	175898	82077	0	0	-142386	-25327
0001670254-16-000206	3.0% of the offering amount upon a successful fundraise.	No	Other	Simple Agreement for Future Equity (SAFE)	50000	1.0	Pro-rated portion of the total principal value of $50,000; interests will be sold in increments of $1; each investment is convertible to one share of stock as described under Item 13.	50000.0	Y	Other	As determined by the issuer	1000000.0	2016-12-31	2	218410.55000000002	0	208960.92	0	0	0	14702.92	0	376275.49	0	0	0	0	0	0	0	-192650.78	0
0001689502-16-000002	5% of the amount raised	2% equity in the round	Other	Crowd Safe	10000	1.0	based on the maximum value of the company	10000.0	Y	First-come, first-served basis		100000.0	2017-11-30	9	0	0	0	0	0	0	0	0	0	0	0	0	0	0	0	0	0	0
0001688545-16-000003	StartEngine Capital will receive a 5% cash commission on all sales through the portal (e.g. $5,000 cash on a raise of $100,000)	None	Common Stock		50000	2.0		100000.0	Y	Other	First-come, first-served with rolling closings.	1000000.0	2017-02-15	2	58738	0	0	0	0	0	237164	0	0	0	0	0	0	0	0	0	-178426	0
0001665160-16-000160	7 percent	N/A	Common Stock		40000	1.25	N/A	50000.0	Y	First-come, first-served basis		1000000.0	2017-01-30	50	552153	289025	133554	271760	42508	10766	1704117.42	634938.3	1610840.01	1257223.01	3321382	859876	3239998	1201939	0	0	-1550890	-1432698
0001670254-16-000205	3.0% of the offering amount upon a successful fundraise.	No	Other	Simple Agreement for Future Equity (SAFE)	200000	1.0	Pro-rated portion of the total principal value of $200,000; interests will be sold in increments of $1; each investment is convertible to one share of stock as described under Item 13.	200000.0	Y	Other	As determined by the issuer	1000000.0	2016-11-21	3	230909	441532	193376	432140	-1097	0	589120	569251	230909	441532	5694	1115	0	0	0	0	-298573	-361237
0001685706-16-000005	NextSeed charges the Issuer 10% of the total offering amount as compensation for its services provided in connection with the offering, provided that NextSeed will only charge 5% for funds raised from investors referred by the Issuer.	None	Debt				The value of the security is the face value of the note purchased by the investor.	100000.0	Y	First-come, first-served basis		150000.0	2016-11-15	17	0	0	0	0	0	0	0	0	0	0	0	0	0	0	0	0	0	0
0001670254-16-000203	3.0% of the offering amount upon a successful fundraise.	No	Other	Simple Agreement for Future Equity (SAFE)	25000	1.0	Pro-rated portion of the total principal value of $25,000; interests will be sold in increments of $1; each investment is convertible to one share of stock as described under Item 13.	25000.0	Y	Other	As determined by the issuer	100000.0	2017-05-12	5	20254.25	65496.130000000005	17677.98	65496.130000000005	0	0	0	300.94	278.33	2247.8	5002.21	374.74	11955.29	847.85	0	0	-42971.47	-32290.61
0001670254-16-000201	3.0% of the offering amount upon a successful fundraise	No	Preferred Stock		600	500.0	Pro-rated portion of the total principal value of $300,000; interests will be sold in increments of $500.	300000.0	Y	Other	As determined by the issuer	1000000.0	2017-01-06	20	661672	559379	17911	16580	0	0	240501	190945	283291	247698	1288438	1248091	321132	367180	0	0	184842	-75585
0001665160-16-000152	As compensation for the services provided hereunder by StartEngine Capital, Issuer shall pay to StartEngine Capital at the conclusion of the offering a fee consisting of a 5% (five percent) commission based on the amount of investments raised.		Common Stock		1000	100.0		100000.0	Y	First-come, first-served basis		1000000.0	2016-12-31	12	2602000	2120000	294000	359000	133000	1288	100000	50000	1208000	1458000	788000	76000	106000	58000	0	0	-76000	-300000
0001684570-16-000008																																
0001684570-16-000007																																
0001684570-16-000006																																
0001144204-16-135022	North Capital Private Securities (NCPS) will receive commissions equal to 7% for investments solicited by NCPS and 1.5% for investments not solicited by NCPS.  The company will pay a $5.00 fee for each investor qualification and $1,750 for escrow services.	The company has also agreed to issue to NCPS warrants to purchase a number of shares of Common Stock equal to 1% of the total number of shares purchased by all investors whether or not solicited by NCPS.	Common Stock		9091	11.0		100000.0	Y	First-come, first-served basis		1000000.0	2017-02-16	8	2531201	2413943	92379	76366	97508	132173	97236	82652	578511	1195759	2820115	3417077	825478	882039	0	0	-188301	290353
0001674421-16-000012	3% of the amount raised	None	Other	Units of Class B LLC Membership Interests	7000	10.0		70000.0	Y	First-come, first-served basis		1000000.0	2017-10-16	0	738636	799612	6697	2432	23876	24193	148073	148170	464128	485224	790683	789927	493335	323187	0	0	-381628	-326093
0001688545-16-000002	StartEngine Capital will receive a 5% cash commission on all sales through the portal (e.g. $5,000 cash on a raise of $100,000)	None	Common Stock		50000	2.0		100000.0	Y	Other	First-come, first-served with rolling closings.	1000000.0	2017-02-15	2	58738	0	0	0	0	0	237164	0	0	0	0	0	0	0	0	0	-178426	0
0001597895-16-000001	SI Securities, LLC will receive a 5% cash commission and 5% equity commission on all sales through the portal and (e.g., $5,000 cash and $5,000 equity on a raise of $100,000)	The intermediary will acquire an equity interest in the issuer valued at 5% of the amount raised through SI Securities, LLC.	Debt			1.0	$1.00 at par	150000.0	Y	First-come, first-served basis		300000.0	2017-02-10	5	170088	611545	78960	543048	0	0	867931	0	0	862965	32560	12363	46541	11544	0	0	-531862	-299639
0001665160-16-000150	5 percent	N/A	Common Stock		4500	6.63	N/A	29835.0	Y	First-come, first-served basis		999804.0	2017-01-31	1	0	0	0	0	0	0	0	0	0	0	0	0	0	0	0	0	0	0
0001670254-16-000200	4.0% of the offering amount upon a successful fundraise	No	Other	Convertible Note	200000	1.0	Pro-rated portion of the total principal value of $100,000; interests will be sold in increments of $1; each investment is convertible to one share of stock as described under Item 13.	200000.0	Y	Other	As determined by the issuer	1000000.0	2017-04-17	4	789678	833451	774459	827900	10000	0	22021	38652	3195292	2430292	282981	124862	0	0	2464	2372	-802014	-977491
0001669760-16-000095																																
0001690042-16-000004	7.0% and $0.00	1% of stock	Other	SAFE (Simple Agreement for Future Equity)	50000	1.0		50000.0	Y	Other	As determined by the issuer	1000000.0	2017-01-17	5	9353	14800	9353	14800	0	0	4100	3300	0	0	235508	97896	0	158671.74	800	1700	-6247	-3939
0001690042-16-000001	7.0% and $0.00	1% of stock	Other	SAFE (Simple Agreement for Future Equity)	50000	1.0		50000.0	Y	Other	As determined by the issuer	1000000.0	2017-01-17	5	9353	14800	9353	14800	0	0	4100	3300	0	0	235508	97896	0	158671.74	800	1700	-6247	-3939
0001689758-16-000001	The company will pay the intermediary 10% from the money raised via 3rd party marketing efforts and 7% for the everything else, we assume an average of 8.5%.	None	Common Stock		33333	9.0	Equidam.com	300000.0	Y	First-come, first-served basis		1000000.0	2017-02-28	2	170000	0	0	0	0	0	0	0	170000	0	0	0	0	0	0	0	0	0
0001664526-16-000007	7.0%	Warrants to purchase that number of shares of Series Seed-3 Preferred Stock equal to 1% of the total number of securities issued during the raise.	Preferred Stock		133929	1.12		150000.0	Y	Other	As determined by the issuer	1000000.0	2017-01-16	31	855863	741827	744494	713258	0	0	0	0	0	0	31445	0	0	0	0	0	-3488790	-1374306
0001144204-16-134497	The issuer will pay Start Engine Capital a commission equal to 5% based on the total amount raised in the Offering.	None	Common Stock		5310	10.0		53100.0	Y	First-come, first-served basis		1000000.0	2017-04-23	3	10241878.66	0	3878.66	0	5000	0	0	0	20050	0	5000	0	0	0	0	0	-11521.34	0
0001664526-16-000003	7.0% and $0.00	2% of the total number of securities issued during the raise.	Other	SAFE (Simple Agreement for Future Equity)	50000	1.0		50000.0	Y	Other	As determined by the issuer	500000.0	2017-01-17	2	322	0	322	0	0	0	0	0	0	0	0	0	0	0	0	0	-19624	-10881
0001664526-16-000005	7.0% and $0.00	2% of the total number of securities issued during the offering.	Debt				The Secured Promissory Notes shall be issued at the amount of the obligation.	50000.0	Y	Other	As determined by the issuer	300000.0	2017-01-13	9	1633216	200081	979242	119614	0	0	32000	0	1588819	100000	0	0	0	0	0	0	-277547	-28608
0001670254-16-000198	3.0% of the offering amount upon a successful fundraise	No	Other	Simple Agreement for Future Equity (SAFE)	50000	1.0	Pro-rated portion of the total principal value of $50,000; interests will be sold in increments of $1; each investment is convertible to one share of stock as described under Item 13.	50000.0	Y	Other	As determined by the issuer	100000.0	2017-05-12	5	261055.77000000002	176000.91	641.15	4498.62	7.62	0	332753.01	250794.91	0	0	4919.81	21191.25	0	0	0	0	3096.76	-30542.61
0001681345-16-000004																																
0001682664-16-000006																																
0001682664-16-000005																																
0001682664-16-000004																																
0001669191-16-000062	4.9% of amount raised for a successful offering.	None.	Common Stock		500	40.0	In trying to disrupt the jewelry industry, driving it to self-service design, Troupe has made a significant investment in software development.  Specifically, we've in... [Truncated: see complete discussion in attachment QuestionsAnswers.pdf, question 21.]	20000.0	Y	First-come, first-served basis		40000.0	2016-12-19	6	127803	0	0	0	0	0	127562	0	7065	0	0	0	0	0	0	0	129663	0
0001670254-16-000195	3.0% of the offering amount upon a successful fundraise.	No	Debt			1.0	Pro-rated portion of the total principal value of $25,000; interests will be sold in increments of $1.	25000.0	Y	Other	As determined by the issuer	100000.0	2017-03-31	1	4551918.97	3651353.81	-3286	1838.28	375	-850	15211.2	-91.34	3496391.37	2735860.0300000003	578652.66	310799.8	106790.93000000001	1505	29082.46	0	124522.43000000001	-33698.97
0001670254-16-000196	3.0% of the offering amount upon a successful fundraise.	No	Other	Simple Agreement for Future Equity (SAFE)	50000	1.0	Pro-rated portion of the total principal value of $50,000; interests will be sold in increments of $1; each investment is convertible to one share of stock as described under Item 13.	50000.0	Y	Other	As determined by the issuer	1000000.0	2016-11-27	2	218410.55000000002	0	208960.92	0	0	0	14702.92	0	376275.49	0	0	0	0	0	0	0	-192650.78	0
0001670254-16-000193	3.0% of the offering amount upon a successful fundraise.	No	Other	Simple Agreement for Future Equity (SAFE)	50000	1.0	Pro-rated portion of the total principal value of $50,000; interests will be sold in increments of $1; each investment is convertible to one share of stock as described under Item 13.	50000.0	Y	Other	As determined by the issuer	200000.0	2016-12-19	2	138159	48801	1534	1512	0	0	58778	64570	226418	0	112399	82564	80098	41699	0	0	-144819	-51274
0001670254-16-000197	3.0% of the offering amount upon a successful fundraise.	No	Debt			10.0	Pro-rated portion of the total principal value of $60,000; interests will be sold in increments of $10.	60000.0	Y	Other	As determined by the issuer	100000.0	2017-03-31	5	105693	11664	22497.07	1686.1100000000001	0	0	10118	2173	0	0	136384	41011	53267	25804	0	0	-12796	3716
0001670254-16-000192	3.0% of the offering amount upon a successful fundraise.	No	Other	Simple Agreement for Future Equity (SAFE)	25000	1.0	Pro-rated portion of the total principal value of $25,000; interests will be sold in increments of $1; each investment is convertible to one share of stock as described under Item 13.	25000.0	Y	Other	As determined by the issuer	100000.0	2016-11-18	4	342658	446980	105271	213039	0	0	58872	79205	577657	491548	579304	407227	286627	183133	0	0	-184589	-214102
0001670254-16-000191																																
0001670254-16-000190	3.0% of the offering amount upon a successful fundraise.	No	Other	Simple Agreement for Future Equity (SAFE)	25000	1.0	Pro-rated portion of the total principal value of $25,000; interests will be sold in increments of $1; each investment is convertible to one share of stock as described under Item 13.	25000.0	Y	Other	As determined by the issuer	100000.0	2016-11-18	4	342658	446980	105271	213039	0	0	58872	79205	577657	491548	579304	407227	286627	183133	0	0	-184589	-214102
0001670254-16-000187	3.0% of the offering amount upon a successful fundraise.	No	Other	Simple Agreement for Future Equity (SAFE)	100000	1.0	Pro-rated portion of the total principal value of $100,000; interests will be sold in increments of $1; each investment is convertible to one share of stock as described under Item 13.	100000.0	Y	Other	As determined by the issuer	1000000.0	2017-05-12	0	43306.42	0	14062.14	0	0	0	20000	0	25000	0	787.14	0	0	0	0	0	-16505.49	0
0001670254-16-000189	3.0% of the offering amount upon a successful fundraise.	No	Preferred Stock		10000	5.0	Pro-rated portion of the total principal value of $50,000; interests will be sold in increments of $5	50000.0	Y	Other	As determined by the issuer	300000.0	2017-05-12	4	335856	0	132659	0	0	0	11597	0	0	0	0	0	0	0	0	0	-111841	0
0001685501-16-000008																																
0001625242-16-000175	7% of Funds raised	None	Common Stock		12000	83.33	NA	400000.0	Y	Other	At the descretion of company management	1000000.0	2016-12-31	0	0	0	0	0	0	0	0	0	0	0	0	0	0	0	0	0	0	0
0001677548-16-000005																																
0001647869-16-000005	5.0% of the amount raised	2.0% of the same securities sold in the offering	Other	SAFE (Simple Agreement for Future Equity)	70000	1.0		70000.0	Y	First-come, first-served basis		500000.0	2016-10-31	1	22199	12219	22199	12219	0	0	0	0	60000	0	0	0	49917	7781	0	0	51179	7781
0001684570-16-000005	5% of funds raised and the preparation fees.	None	Common Stock		2000000	0.02	Based on the average revenue estimated.	100000.0	Y	First-come, first-served basis		1000000.0	2016-12-23	1	0	0	0	0	0	0	0	0	0	0	0	0	0	0	0	0	0	0
0001682883-16-000004	5% of fund raised	None	Common Stock		2000000	0.02	Based on Target Number of Securities and Target Offering Amount	100000.0	Y	First-come, first-served basis		1000000.0	2016-11-30	1	0	0	0	0	0	0	0	0	0	0	0	0	0	0	0	0	0	0
0001682385-16-000002	5% of funds raised	none	Common Stock		2000000	0.03	Based on the average revenue estimated	100000.0	Y	First-come, first-served basis		1000000.0	2016-11-17	2	0	0	0	0	0	0	0	0	0	0	0	0	0	0	0	0	0	0
0001682495-16-000011	5% of Funds Raised	No	Common Stock		2000000	0.02	Target Number of Securities and Target Offering Amount	100000.0	Y	First-come, first-served basis		1000000.0	2016-11-17	2	0	0	0	0	0	0	0	0	0	0	0	0	0	0	0	0	0	0
0001685501-16-000007	5% of funds raised	None	Common Stock		5000000	0.02	Based on the average revenue in the next three years	100000.0	Y	First-come, first-served basis		1000000.0	2016-12-23	3	0	0	0	0	0	0	0	0	0	0	0	0	0	0	0	0	0	0
0001670254-16-000186	3.0% of the offering amount upon a successful fundraise.	No	Other	Simple Agreement for Future Equity (SAFE)	50000	1.0	Pro-rated portion of the total principal value of $50,000; interests will be sold in increments of $1; each investment is convertible to one share of stock as described under Item 13.	50000.0	Y	Other	As determined by the issuer	500000.0	2016-12-03	2	400	0	400	0	0	0	0	0	0	0	0	0	0	0	0	0	-596	0
0001670254-16-000185	3.0% of the offering amount upon a successful fundraise.	No	Preferred Stock		10000	5.0	10,000 shares of Preferred Stock	50000.0	Y	Other	As determined by the issuer	1000000.0	2016-11-03	4	335856	0	132659	0	0	0	11597	0	0	0	0	0	0	0	0	0	-111841	0
0001670254-16-000184	3.0% of the offering amount upon a successful fundraise.	No	Other	Simple Agreement for Future Equity (SAFE)	100000	1.0	Pro-rated portion of the total principal value of $100,000; interests will be sold in increments of $1; each investment is convertible to one share of stock as described under Item 13.	100000.0	Y	Other	As determined by the issuer	1000000.0	2016-11-03	5	187737	249450	66031	200425	30156	3473	991	3595	430138	405988	116730	35596	16163	7548	0	0	-83890	-78722
0001670254-16-000183	3.0% of the offering amount upon a successful fundraise.	No	Other	Simple Agreement for Future Equity (SAFE)	50000	1.0	Pro-rated portion of the total principal value of $50,000; interests will be sold in increments of $1; each investment is convertible to one share of stock as described under Item 13.	50000.0	Y	Other	As determined by the issuer	1000000.0	2016-11-10	7	266801	85834	260071	79249	0	0	0	0	0	0	0	0	435194	23760	0	0	-602419	-13510
0001688437-16-000006	12% of the offering amount upon a successful fund raise	No	Common Stock		1000000	1.0	fair market value.	50000.0	Y	First-come, first-served basis		1000000.0	2017-08-31	0	0	0	0	0	0	0	0	0	0	0	0	0	0	0	0	0	0	0
0001688437-16-000004	12% of the offering amount upon a successful fund raise	No	Common Stock		1000000	1.0	fair market value.	500000.0	Y	First-come, first-served basis		1000000.0	2017-08-31	0	0	0	0	0	0	0	0	0	0	0	0	0	0	0	0	0	0	0
0001683264-16-000003	6% of the proceeds from the capital raise, a 3% warrant and reimbursement for any agreed upon expenses	none	Other	LLC Units	50000	1.0	Comparisons to competition in this market and revenue projections	50000.0	Y	First-come, first-served basis		100000.0	2017-01-04	3	70764	72105	10054	21	0	0	0	1660	0	53327	23397	4005	791	0	0	0	-10793	-12745
0001677548-16-000004	5% of the funds raised	None	Common Stock		100000	1.0	based on the potential and estimate revenue	100000.0	Y	First-come, first-served basis		1000000.0	2017-01-31	5	0	0	0	0	0	0	0	0	0	0	0	0	6573	0	0	0	0	0
0001670254-16-000182	3.0% of the offering amount upon a successful fundraise.	No	Other	Simple Agreement for Future Equity (SAFE)	50000	1.0	Pro-rated portion of the total principal value of $50,000; interests will be sold in increments of $1; each investment is convertible to one share of stock as described under Item 13.	50000.0	Y	Other	As determined by the issuer	100000.0	2016-10-28	10	583711	246008	383616	107231	116862	57087	0	0	1099957	799957	1483560	790158	-1057865	-549546	0	0	-72133	-9560
0001665160-16-000142	For the services provided hereunder by StartEngine Capital, Issuer shall pay to StartEngine Capital at the conclusion of the offering a fee consisting of a 5% (five percent) commission based on the amount of investments raised in the Offering.	Up to $50,000 for the marketing and promotion of this campaign has been advanced to the Issuer by StartEngine as part of its Marketing Fund Advance Program, to be recouped by the Issuer regardless of campaign success.	Common Stock		8333	6.0		49998.0	Y	First-come, first-served basis		999996.0	2017-01-30	1	18834	0	13563	0	0	0	0	0	47000	0	251	0	3339	0	0	0	-102394	0
0001665160-16-000141	As compensation for the services provided hereunder by StartEngine Capital, Issuer shall pay to StartEngine Capital at the conclusion of the offering a fee consisting of a 5% (five percent) commission based on the amount of investments raised.		Common Stock		1000	100.0		100000.0	Y	First-come, first-served basis		1000000.0	2016-11-20	12	2602000	2120000	294000	359000	133000	1288	100000	50000	1208000	1458000	788000	76000	106000	58000	0	0	-76000	-300000
0001680454-16-000005	FlashFunders shall be entitled to compensation for services equal to five (5%) of gross proceeds, and be entitled to reimbursement for out-of-pocket third party expenses it pays or incurs on behalf of the Issuer in connection with the offering.		Other	Convertible Security.	50000	1.0	The security is not being sold in individual units. Investors will purchase a pro-rata portion of the total principal value of $50,000. Each investment is convertible into stock as described in Appendix C to the Issuer Disclosure Questionnaire.	50000.0	Y	Other	At the Issuer's discretion.	100000.0	2016-12-31	4	307.29	100	307.29	100	0	0	0	0	0	0	0	0	0	0	0	0	-2992.71	0
0001688226-16-000002	5.0%	none	Other	LLC/Membership Interests	200	250.0		50000.0	Y	Other	At the Company's discretion	1000000.0	2017-01-31	0	0	0	0	0	0	0	0	0	0	0	0	0	0	0	0	0	0	0
0001687197-16-000002	5% of the total amount raised	2% of the equity offered for services provided	Other	Crowd Safe	10000	1.0	Founder used best judgement based on the maximum valuation	10000.0	Y	First-come, first-served basis		100000.0	2017-09-26	0	0	0	0	0	0	0	0	0	0	0	0	0	0	0	0	0	0	0
0001677351-16-000004	FlashFunders Shall be entitled to compensation for services equal to five percent (5%) of gross proceeds, and be entitled to reimbursement for out of pocket third party expenses it pays or incurs on behalf of the Issuer in connection with the offering.		Other	Revenue Participation Note.	200	250.0	Price per unit is equal to loan amount. Par value.	50000.0	Y	First-come, first-served basis		600000.0	2016-12-31	4	1000	0	1000	0	0	0	0	0	0	0	0	0	0	0	0	0	-32356	0
0001670254-16-000180	3.0% of the offering amount upon a successful fundraise	No	Other	Simple Agreement for Future Equity (SAFE)	65000	1.0	Pro-rated portion of the total principal value of $65,000; interests will be sold in increments of $1; each investment is convertible to one share of stock as described under Item 13.	65000.0	Y	Other	As determined by the issuer	100000.0	2017-01-27	1	27571.850000000002	0	27571.850000000002	0	0	0	0	0	0	0	5031.84	0	0	0	0	0	-132428.15	0
0001683856-16-000003	FlashFunders Funding Portal, LLC, shall be entitled to compensation for services equal to five (5%) of gross proceeds, and to reimbursement for out-of-pocket third party expenses it pays or incurs on behalf of the Issuer in connection with the offering.		Other	Convertible Security	50000	1.0	The security is not being sold in individual units. Investors will purchase a pro-rata portion of the total principal value of $50,000. Each investment is convertible into stock as described in Appendix C to the Issuer Disclosure Questionnaire.	50000.0	Y	Other	At the Issuer's discretion.	100000.0	2017-01-14	4	9875	35000	9875	35000	0	0	0	0	0	0	0	0	0	0	0	0	0	0
0001688437-16-000003	12% of the offering amount upon a successful fund raise	No	Common Stock		1000000	1.0	fair market value.	500000.0	Y	First-come, first-served basis		1000000.0	2017-08-31	0	0	0	0	0	0	0	0	0	0	0	0	0	0	0	0	0	0	0
0001670254-16-000176	3.0% of the offering amount upon a successful fundraise	No	Debt			1.0	Pro-rated portion of the total principal value of $20,000; interests will be sold in increments of $1.	20000.0	Y	Other	As determined by the issuer	25000.0	2017-04-28	9	44293	0	35293	0	0	0	14323	0	49200	800	0	0	0	0	0	0	-19230	-800
0001670254-16-000178	3.0% of the offering amount upon a successful fundraise	No	Debt			1.0	Pro-rated portion of the total principal value of $50,000; interests will be sold in increments of $1.	50000.0	Y	Other	As determined by the issuer	1000000.0	2017-04-28	6	398638	52042	23347	21495	6608	13610	259736	180500	565041	580124	576766	259163	105073	276227	0	0	-181769	-561639
0001679373-16-000006	5.0% of the amount raised	2.0% of same securities	Other	SAFE (Simple Agreement for Future Equity)	100000	1.0		100000.0	Y	First-come, first-served basis		999999.0	2016-12-16	2	1000	2706	0	1039	0	0	60000	0	145000	135000	0	0	0	0	0	0	-258943	-183821
0001688072-16-000005	5.0%	2% of the Securities being issued in this Offering	Other	SAFE (Simple Agreement for Future Equity)	50000	1.0		50000.0	Y	First-come, first-served basis		500000.0	2016-12-31	0	7529	71997	7529	71997	0	0	12953	4070	280000	200000	0	0	0	0	2025	800	-155595	-137086
0001688072-16-000003	5.0% and $0.00	2% of the Securities being issued in this Offering	Other	SAFE (Simple Agreement for Future Equity)	50000	1.0		50000.0	Y	First-come, first-served basis		500000.0	2016-12-31	0	1	1	1	1	1	1	1	1	1	1	1	1	1	1	1	1	1	1
0001688129-16-000001	The company will pay the intermediary 10% from the money raised via 3rd party marketing efforts and 7% for the everything else, we assume an average of 8.5%.	NONE	Common Stock		5156	11.66	Equidam.com	60000.0	Y	First-come, first-served basis		1000000.0	2017-02-28	1	0	0	0	0	0	0	0	0	0	0	0	0	0	0	0	0	0	0
0001670254-16-000172	3.0% of the offering amount upon a successful fundraise.	No	Other	Simple Agreement for Future Equity (SAFE) with a $4m valuation cap	50000	1.0	Pro-rated portion of the total principal value of $50,000; interests will be sold in increments of $1; each investment is convertible to one unit as described under Item 13.	50000.0	Y	Other	As determined by the issuer	100000.0	2016-10-21	2	43882.04	48920.1	3007.9700000000003	30688.28	0	0	36260.13	28237.350000000002	94434.51	78342.73	13903.53	50565.61	12846.79	22945.04	0	0	-29152.62	20089.15
0001670254-16-000175	3.0% of the offering amount upon a successful fundraise.	No	Common Stock		50000	1.0	Pro-rated portion of the total principal value of $50,000; interests will be sold in increments of $1;	50000.0	Y	Other	As determined by the issuer	500000.0	2016-12-13	3	88228	83533	5857	1944	45979	20879	201320	66815	70000	57424	540097	300519	175898	82077	0	0	-142386	-25327
0001682664-16-000003	5% of funds raised	NO	Common Stock		2000000	0.01	Based on target number of securities to be offered and target offering amount	100000.0	Y	First-come, first-served basis		1000000.0	2016-11-18	1	0	0	0	0	0	0	0	0	0	0	0	0	0	0	0	0	0	0
0001670254-16-000173	3.0% of the offering amount upon a successful fundraise	No	Other	Simple Agreement for Future Equity (SAFE)	100000	1.0	Pro-rated portion of the total principal value of $100,000; interests will be sold in increments of $1; each investment is convertible to one share of stock as described under Item 13.	100000.0	Y	Other	As determined by the issuer	1000000.0	2017-04-21	6	166527	48746	154146	33509	0	0	94771	1943	836671	300084	0	0	0	0	0	0	-536633	-606414
0001684628-16-000004	5% of funds raised and the preparation fees	none	Common Stock		2000000	0.05	Based on the average revenue estimated	100000.0	Y	First-come, first-served basis		1000000.0	2017-01-12	2	0	0	0	0	0	0	0	0	0	0	0	0	0	0	0	0	0	0
0001682864-16-000007	5% of funds raised and the preparation fees.	None	Common Stock		2000000	0.05	Based on target number of securities and the total valuation.	100000.0	Y	First-come, first-served basis		1000000.0	2016-12-16	3	0	0	0	0	0	0	0	0	0	0	0	0	0	0	0	0	0	0
0001679372-16-000009																																
0001684568-16-000004	5% of funds raised and the preparation fees.	none	Common Stock		2500000	0.04	Based on the average revenue estimated	100000.0	Y	First-come, first-served basis		1000000.0	2017-01-03	2	0	0	0	0	0	0	0	0	0	0	0	0	0	0	0	0	0	0
0001685112-16-000007	5% of funds raised and the preparation fees.	none	Common Stock		2000000	0.05	Based on target number of securities and target offering amount	100000.0	Y	First-come, first-served basis		1000000.0	2016-12-20	2	0	0	0	0	0	0	0	0	0	0	0	0	0	0	0	0	0	0
0001684570-16-000004	5% of funds raised and the preparation fees.	None	Common Stock		2000000	0.02	Based on the average revenue estimated.	100000.0	Y	First-come, first-served basis		1000000.0	2016-12-23	1	0	0	0	0	0	0	0	0	0	0	0	0	0	0	0	0	0	0
0001684463-16-000002	5% of funds raised	none	Common Stock		2500000	0.04	based on target number of securities and target offering amount	100000.0	Y	First-come, first-served basis		1000000.0	2017-01-03	2	0	0	0	0	0	0	0	0	0	0	0	0	0	0	0	0	0	0
0001682495-16-000010	5% of Funds Raised	No	Common Stock		2000000	0.02	Target Number of Securities and Target Offering Amount	100000.0	Y	First-come, first-served basis		1000000.0	2016-11-17	2	0	0	0	0	0	0	0	0	0	0	0	0	0	0	0	0	0	0
0001682883-16-000003	5% of fund raised	None	Common Stock		2000000	0.02	Based on Target Number of Securities and Target Offering Amount	100000.0	Y	First-come, first-served basis		1000000.0	2016-11-30	1	0	0	0	0	0	0	0	0	0	0	0	0	0	0	0	0	0	0
0001682385-16-000001	5% of funds raised	none	Common Stock		2000000	0.03	Based on the average revenue estimated	100000.0	Y	First-come, first-served basis		1000000.0	2016-11-17	2	0	0	0	0	0	0	0	0	0	0	0	0	0	0	0	0	0	0
0001684570-16-000003	5% of funds raised	None	Common Stock		2000000	0.02	based on target number of securities and target offering amount.	100000.0	Y	First-come, first-served basis		1000000.0	2016-12-23	1	0	0	0	0	0	0	0	0	0	0	0	0	0	0	0	0	0	0
0001681345-16-000003	5% of funds raised	none	Common Stock		2000000	0.02	Based on the average revenue estimated	100000.0	Y	First-come, first-served basis		1000000.0	2017-02-02	4	0	0	0	0	0	0	0	0	0	0	0	0	0	0	0	0	0	0
0001670254-16-000170	3% of the offering amount upon a successful fundraise.	No	Other	Limited Liability Company Common Units	37175	2.69	37,175 units at $2.69 per unit	100000.0	Y	Other	As determined by the issuer	1000000.0	2016-10-19	7	1228213	965104	200802	100811	67538	97723	938684	778223	316426	344994	1075304	964192	477495	589419	0	0	-85411	-577998
0001670254-16-000171	3% of the offering amount upon a successful fundraise.	No	Other	Limited Liability Company Common Units	37175	2.69	37,175 units at $2.69 per unit	100000.0	Y	Other	As determined by the issuer	1000000.0	2016-10-19	7	1228213	965104	200802	100811	67538	97723	938684	778223	316426	344994	1075304	964192	477495	589419	0	0	-85411	-577998
0001670254-16-000168	4.0% of the offering amount upon a successful fundraise	No	Other	Convertible Note	200000	1.0	Pro-rated portion of the total principal value of $100,000; interests will be sold in increments of $1; each investment is convertible to one share of stock as described under Item 13.	200000.0	Y	Other	As determined by the issuer	1000000.0	2017-04-17	6	789678	833451	774459	827900	10000	0	22021	38652	3195292	2430292	282981	124862	0	0	2464	2372	-802014	-977491
0001670254-16-000167	4.0% of the offering amount upon a successful fundraise, and be entitled to reimbursement for out-of-pocket third party expenses it pays or incurs on behalf of the Issuer in connection with the offering.	No	Debt			1.0	Pro-rated portion of the total principal value of $200,000; interests will be sold in increments of $1.	200000.0	Y	Other	As determined by the issuer	550000.0	2017-04-18	8	559684	0	392970	0	1401	0	0	0	0	0	0	0	0	0	0	0	-57247	0
0001670254-16-000165	4.0% of the offering amount upon a successful fundraise, and be entitled to reimbursement for out-of-pocket third party expenses it pays or incurs on behalf of the Issuer in connection with the offering.	No	Other	Convertible Note	50000	1.0	Pro-rated portion of the total principal value of $50,000; interests will be sold in increments of $1; each investment is convertible to one share of stock as described under Item 13.	50000.0	Y	Other	As determined by the issuer	100000.0	2017-04-17	4	384158	541467	9004	285505	40499	11547	263887	62118	1309979	644979	493819	92402	286942	59359	0	0	-1288982	-469030
0001682240-16-000002	NextSeed charges the Issuer 10% of the total offering amount as compensation for its services provided in connection with the offering, provided that NextSeed will only charge 5% for funds raised from investors referred by the Issuer.	None	Debt				The value of the security is the face value of the note purchased by the investor.	150000.0	Y	First-come, first-served basis		250000.0	2016-10-11	2	70722	0	0	0	0	0	0	0	0	0	0	0	0	0	0	0	0	0
0001445866-16-002763	three percent (3%) of total proceeds received		Common Stock		20000	5.0		100000.0	Y	Other	At issuer's discretion	500000.0	2017-03-30	2	22840	0	19340	0	0	0	40552	0	0	0	0	0	0	0	0	0	0	0
0001685501-16-000005	5% of funds raised	None	Common Stock		2000000	0.02	Based on the average revenue in the next three years	100000.0	Y	First-come, first-served basis		1000000.0	2016-12-23	3	0	0	0	0	0	0	0	0	0	0	0	0	0	0	0	0	0	0
0001685501-16-000004	5% of funds raised	None	Common Stock		2000000	0.02	Based on target number of securities and target offering amount	100000.0	Y	First-come, first-served basis		1000000.0	2016-12-23	3	0	0	0	0	0	0	0	0	0	0	0	0	0	0	0	0	0	0
0001685501-16-000003	5% of funds raised	None	Common Stock		2000000	0.02	Based on target number of securities and target offering amount	100000.0	Y	First-come, first-served basis		1000000.0	2016-12-23	3	0	0	0	0	0	0	0	0	0	0	0	0	0	0	0	0	0	0
0001670254-16-000161	3.0% of the offering amount upon a successful fundraise.	No	Other	Simple Agreement for Future Equity (SAFE)	50000	1.0	Pro-rated portion of the total principal value of $50,000; interests will be sold in increments of $1; each investment is convertible to one share of stock as described under Item 13.	50000.0	Y	Other	As determined by the issuer	1000000.0	2017-04-16	6	22365	700	1002	700	0	0	0	8965	0	0	0	0	0	0	-1622	0	-45992	-8965
0001670254-16-000163	3.0% of the offering amount upon a successful fundraise	No	Preferred Stock		75734	1.32042	Management based on market feedback	100000.0	Y	Other	As determined by the issuer	1000000.0	2017-04-17	4	1088600	443871	764414	158041	0	0	274823	169698	736097	121327	1753914	1402813	850144	704790	1456	15585	-55666	73128
0001670254-16-000160	3.0% of the offering amount upon a successful fundraise.	No	Other	Convertible Note	25000	1.0	Pro-rated portion of the total principal value of $25,000; interests will be sold in increments of $1; each investment is convertible to one share of stock as described under Item 13.	25000.0	Y	Other	As determined by the issuer	100000.0	2016-10-18	6	843125	0	70337	0	0	0	70000	0	175000	0	0	0	0	0	0	0	-174663	0
0001680153-16-000003	7% of money raised	none	Common Stock		180328	0.61	Used 5 different venture valuation methods	110000.0	Y	First-come, first-served basis		1000000.0	2017-01-31	0	2359	0	2359	0	0	0	1000	0	0	0	0	0	1200	0	0	0	0	0
0001670254-16-000158	3.0% of the offering amount upon a successful fundraise.	No	Other	Convertible Debt	50000	1.0	Pro-rated portion of the total principal value of $50,000; interests will be sold in increments of $1; each investment is convertible to one share of stock as described under Item 13.	50000.0	Y	Other	As determined by the issuer	1000000.0	2017-04-16	7	1293377	1704357	425569	809238	57600	83142	2416993	2339580	0	0	0	0	0	0	2150	-2878	-2381300	-2726626
0001670254-16-000155	3.0% of the offering amount upon a successful fundraise.	No	Debt			1.0	Pro-rated portion of the total principal value of $40,000; interests will be sold in increments of $1.	40000.0	Y	Other	As determined by the issuer	200000.0	2016-12-01	28	557996	9383	359913	1932	19881	1713	71735	3693	706111	3693	456060	88990	238926	41891	0	2329	-153805	-14339
0001670254-16-000156	3.0% of the offering amount upon a successful fundraise	No	Other	Convertible Note	20000	1.0	Pro-rated portion of the total principal value of $20,000; interests will be sold in increments of $1; each investment is convertible to one share of stock as described under Item 13.	20000.0	Y	Other	As determined by the issuer	1000000.0	2017-04-21	0	4048	0	4048	0	0	0	0	0	0	0	865	0	36	0	0	0	-4048	0
0001670254-16-000154	3.0% of the offering amount upon a successful fundraise.	No	Other	Simple Agreement for Future Equity (SAFE)	40000	1.0	Pro-rated portion of the total principal value of $40,000; interests will be sold in increments of $1; each investment is convertible into stock as described under Item 13.	40000.0	Y	Other	As determined by the issuer	200000.0	2017-02-21	2	4143	0	4143	0	0	0	1092	0	0	0	0	0	0	0	0	0	-6075	0
0001678208-16-000007																																
0001670254-16-000153	3.0% of the offering amount upon a successful fundraise.	No	Other	Simple Agreement for Future Equity (SAFE)	50000	1.0	Pro-rated portion of the total principal value of $50,000; interests will be sold in increments of $1; each investment is convertible to one share of stock as described under Item 13.	50000.0	Y	Other	As determined by the issuer	1000000.0	2017-03-12	3	8967	23686	8967	7296	0	16390	8374	6885	0	0	51013	35270	0	0	0	0	-22414	2113
0001684972-16-000003	NextSeed charges the Issuer 5% of the total offering amount as compensation for its services provided in connection with the offering.	None	Debt				The value of the security is the face value of the note purchased by the investor	65000.0	Y	First-come, first-served basis		100000.0	2016-10-27	1	89288.22	0	38295.22	0	0	0	5079.36	0	38159.98	0	99043.05	0	1798.0900000000001	0	0	0	15732.09	0
0001062993-16-011751	Seven Percent (7%) of the gross amount raised in the offering	NO	Other	Limited Liability Company Membership Interests (Units)	150	2000.0		1000000.0	N				2016-12-30	1	100	0	100	0	0	0	0	0	0	0	0	0	0	0	0	0	0	0
0001674421-16-000011	3% of the amount raised	None	Other	Units of Class B LLC Membership Interests	7000	10.0		70000.0	Y	First-come, first-served basis		1000000.0	2017-12-16	0	738636	799612	6697	2432	23876	24193	148073	148170	464128	485224	790683	789927	493335	323187	0	0	-381628	-326093
0001445866-16-002753	Three percent (3%) of the total proceeds received.	No	Common Stock		20000	5.0	Company estimate	100000.0	Y	Pro-rata basis		500000.0	2016-12-31	2	22840	0	19340	0	0	0	422	0	40552	0	0	0	0	0	0	0	-22780	0
0001680041-16-000003	5.0% of the amount raised	2.0% of same security	Other	SAFE (Simple Agreement for Future Equity)	100000	1.0		100000.0	Y	First-come, first-served basis		500000.0	2016-12-20	2	47264	44509	16351	8399	4727	6051	100645	80364	0	0	169268	130231	94897	70588	500	500	-50654	-35506
0001677548-16-000003	5% of the offering amount	None	Common Stock		100000	1.0	based on the potential and estimate revenue	100000.0	Y	First-come, first-served basis		1000000.0	2016-10-31	5	0	0	0	0	0	0	0	0	0	0	0	0	6573	0	0	0	0	0
0001684628-16-000003	5% of funds raised	none	Common Stock		2000000	0.05	based on target number of securities and target offering amount	100000.0	Y	First-come, first-served basis		1000000.0	2017-01-12	2	0	0	0	0	0	0	0	0	0	0	0	0	0	0	0	0	0	0
0001684628-16-000002	5% of funds raised	none	Common Stock		2000000	0.05	based on target number of securities and target offering amount	100000.0	Y	First-come, first-served basis		1000000.0	2017-01-12	2	0	0	0	0	0	0	0	0	0	0	0	0	0	0	0	0	0	0
0001670254-16-000152	3.0% of the offering amount upon a successful fundraise.	No	Debt			1.0	Pro-rated portion of the total principal value of $50,000; interests will be sold in increments of $1.	50000.0	Y	Other	As determined by the issuer	1000000.0	2016-10-11	1	0	0	0	0	0	0	0	0	0	0	0	0	0	0	0	0	0	0
0001683856-16-000001	FlashFunders Funding Portal, LLC, shall be entitled to compensation for services equal to five (5%) of gross proceeds, and to reimbursement for out-of-pocket third party expenses it pays or incurs on behalf of the Issuer in connection with the offering.		Other	Convertible Security	50000	1.0	The security is not being sold in individual units. Investors will purchase a pro-rata portion of the total principal value of $50,000. Each investment is convertible into stock as described in Appendix C to the Issuer Disclosure Questionnaire.	50000.0	Y	Other	At the Issuer's discretion.	100000.0	2017-01-14	4	9875	35000	9875	35000	0	0	0	0	0	0	0	0	0	0	0	0	0	0
0001644600-16-000201																																
0001670254-16-000151	3.0% of the offering amount upon a successful fundraise.	No	Other	Simple Agreement for Future Equity (SAFE)	100000	1.0	Pro-rated portion of the total principal value of $100,000; interests will be sold in increments of $1; each investment is convertible to one share of stock as described under Item 13.	100000.0	Y	Other	As determined by the issuer	1000000.0	2016-10-17	5	187737	249450	66031	200425	30156	3473	991	3595	430138	405988	116730	35596	16163	7548	0	0	-83890	-78722
0001665160-16-000134	For the services provided hereunder by StartEngine Capital, Issuer shall pay to StartEngine Capital at the conclusion of the offering a fee consisting of a 5% (five percent) commission based on the amount of investments raised in the Offering.		Common Stock		5000	2.0		10000.0	Y	First-come, first-served basis		100000.0	2016-12-31	5	4657	3750	4657	3750	0	0	0	0	0	0	0	0	0	0	0	0	-38768	-20350
0001670254-16-000150	3.0% of the offering amount upon a successful fundraise.	No	Other	Convertible Note	25000	1.0	Pro-rated portion of the total principal value of $25,000; interests will be sold in increments of $1; each investment is convertible to one share of stock as described under Item 13.	25000.0	Y	Other	As determined by the issuer	100000.0	2016-10-11	6	843125	0	70337	0	0	0	70000	0	175000	0	0	0	0	0	0	0	-174663	0
0001665160-16-000131	For the services provided hereunder by StartEngine Capital, Issuer shall pay to StartEngine Capital at the conclusion of the offering a fee consisting of a 5% (five percent) commission based on the amount of investments raised in the Offering.		Common Stock		50000	1.0		50000.0	Y	First-come, first-served basis		1000000.0	2016-11-21	2	32369	5866	31076	5866	0	0	0	0	0	0	1118	0	0	0	0	0	-174690	-9134
0001670254-16-000149	3.0% of the offering amount upon a successful fundraise.	No	Other	Simple Agreement for Future Equity (SAFE) with a $4m valuation cap	50000	1.0	Pro-rated portion of the total principal value of $50,000; interests will be sold in increments of $1; each investment is convertible to one unit as described under Item 13.	50000.0	Y	Other	As determined by the issuer	100000.0	2016-10-11	2	43882.04	48920.1	3007.9700000000003	30688.28	0	0	36260.13	28237.350000000002	94434.51	78342.73	13903.53	50565.61	12846.79	22945.04	0	0	-29152.62	20089.15
0001670254-16-000148	3.0% of the offering amount upon a successful fundraise.	No	Debt			1.0	Pro-rated portion of the total principal value of $100,000; interests will be sold in increments of $1.	100000.0	Y	Other	As determined by the issuer	500000.0	2016-10-14	7	685989	0	114505	0	29412	0	331814	0	94000	0	2597111	0	1464177	0	9600	0	-272109	0
0001670254-16-000147	3.0% of the offering amount upon a successful fundraise.	No	Other	Simple Agreement for Future Equity (SAFE)	40000	1.0	Pro-rated portion of the total principal value of $40,000; interests will be sold in increments of $1; each investment is convertible into stock as described under Item 13.	40000.0	Y	Other	As determined by the issuer	99999.0	2017-02-21	2	0	0	0	0	0	0	0	0	0	0	0	0	0	0	0	0	0	0
0001670254-16-000145	3.0% of the offering amount upon a successful fundraise.	No	Other	Simple Agreement for Future Equity (SAFE)	50000	1.0	SAFE amount converts to shares based on the lower of priced round or valuation cap (see details below)	50000.0	Y	Other	As determined by the issuer	1000000.0	2017-04-07	4	44069.32	94170.58	25686.5	85437.41	14000	4375.35	288816.74	214714.79	700052.83	626862.51	966907.42	841429.81	0	0	0	0	-278655.68	-428787.41000000003
0001669191-16-000060	4.9% of amount raised for a successful offering.	None.	Other	Class A	2000	12.5	We reviewed both the Berkus Method for valuing start-ups, as well as our most recent sales data to determine an appropriate valuation.  Using last 30 days gross sales ... [Truncated: see complete discussion in attachment QuestionsAnswers.pdf, question 21.]	25000.0	Y	First-come, first-served basis		100000.0	2016-12-03	3	116973	0	92412	0	0	0	0	0	0	0	2527	15809	1120	20345	0	0	-40552	-15000
0001684568-16-000002	5% of funds raised	none	Common Stock		2000000	0.05	based on target number of securities and target offering amount	100000.0	Y	First-come, first-served basis		1000000.0	2017-01-03	2	0	0	0	0	0	0	0	0	0	0	0	0	0	0	0	0	0	0
0001665160-16-000130	For the services provided hereunder by StartEngine Capital, Issuer shall pay to StartEngine Capital at the conclusion of the offering a fee consisting of a 5% (five percent) commission based on the amount of investments raised in the Offering.		Common Stock		2000	25.0		50000.0	Y	First-come, first-served basis		1000000.0	2016-11-21	2	32369	5866	31076	5866	0	0	0	0	0	0	1118	0	0	0	0	0	-174690	-9134
0001647869-16-000004	5.0% of the amount raised	2.0% of the same securities sold in the offering	Other	SAFE (Simple Agreement for Future Equity)	70000	1.0		70000.0	Y	First-come, first-served basis		500000.0	2016-10-31	1	22199	12219	22199	12219	0	0	0	0	60000	0	0	0	49917	7781	0	0	51179	7781
0001669191-16-000057	4.9% of amount raised for a successful offering.	None.	Other	Class A	2000	12.5	We reviewed both the Berkus Method for valuing start-ups, as well as our most recent sales data to determine an appropriate valuation.  Using last 30 days gross sales ... [Truncated: see complete discussion in attachment QuestionsAnswers.pdf, question 21.]	25000.0	Y	First-come, first-served basis		100000.0	2016-12-02	3	116973	0	92412	0	0	0	0	0	0	0	2527	15809	1120	20345	0	0	-40552	-15000
0001644600-16-000196	SI Securities, LLC will receive a 5% cash commission and 5% equity commission on all sales through the portal (e.g., $5,000 cash and $5,000 equity on a raise of $100,000)	The intermediary will acquire an equity interest in the issuer valued at 5% of the amount raised through SI Securities, LLC.	Debt			1.0		100000.0	Y	First-come, first-served basis		1000000.0	2016-12-17	0	0	0	0	0	0	0	0	0	0	0	0	0	0	0	0	0	0	0
0001670254-16-000144	3.0% of the offering amount upon a successful fundraise.	No	Other	Convertible Note	25000	1.0	Pro-rated portion of the total principal value of $25,000; interests will be sold in increments of $1; each investment is convertible to one share of stock as described under Item 13.	25000.0	Y	Other	As determined by the issuer	100000.0	2016-10-10	6	843125	0	70337	0	0	0	70000	0	175000	0	0	0	0	0	0	0	-174663	0
0001670254-16-000143	3.0% of the offering amount upon a successful fundraise.	No	Other	Simple Agreement for Future Equity (SAFE) with a $4m valuation cap	50000	1.0	Pro-rated portion of the total principal value of $50,000; interests will be sold in increments of $1; each investment is convertible to one unit as described under Item 13.	50000.0	Y	Other	As determined by the issuer	100000.0	2016-10-10	2	43882.04	48920.1	3007.9700000000003	30688.28	0	0	36260.13	28237.350000000002	94434.51	78342.73	13903.53	50565.61	12846.79	22945.04	0	0	-29152.62	20089.15
0001670254-16-000142	3.0% of the offering amount upon a successful fundraise.	No	Other	Simple Agreement for Future Equity (SAFE)	50000	1.0	Pro-rated portion of the total principal value of $50,000; interests will be sold in increments of $1; each investment is convertible to one share of stock as described under Item 13.	50000.0	Y	Other	As determined by the issuer	100000.0	2016-10-03	10	583711	246008	383616	107231	116862	57087	0	0	1099957	799957	1483560	790158	-1057865	-549546	0	0	-72133	-9560
0001670254-16-000141	3.0% of the offering amount upon a successful fundraise.	No	Other	Simple Agreement for Future Equity (SAFE)	40000	1.0	Pro-rated portion of the total principal value of $40,000; interests will be sold in increments of $1; each investment is convertible into stock as described under Item 13.	40000.0	Y	Other	As determined by the issuer	99999.0	2016-10-07	2	0	0	0	0	0	0	0	0	0	0	0	0	0	0	0	0	0	0
