ACCESSION_NUMBER	ISAMENDMENT	PROGRESSUPDATE	NATUREOFAMENDMENT	NAMEOFISSUER	LEGALSTATUSFORM	LEGALSTATUSOTHERDESC	JURISDICTIONORGANIZATION	DATEINCORPORATION	STREET1	STREET2	CITY	STATEORCOUNTRY	ZIPCODE	ISSUERWEBSITE	COMPANYNAME	COMMISSIONCIK	COMMISSIONFILENUMBER	CRDNUMBER
0001670254-18-000100	0			Storeboard, Inc.	Corporation		VT	2016-12-02	28 South Main Street		Rutland	VT	05701	http://www.storeboard.com	Wefunder Portal LLC	0001670254	007-00033	283503
0001669191-18-000176	0			Maingear, Inc.	Corporation		DE	2002-09-12	206 Market St		Kenilworth	NJ	07033	www.maingear.com	NetCapital Funding Portal Inc.	0001669191	007-00035	283596
0001704090-18-000003	0		Extended expiration date to April 30, 2018.	Gulf Coast Canna Meds, Inc.	Corporation		FL	2016-11-14	695 CENTRAL AVE	#202	ST PETERSBURG	FL	33701	gulfcoastcannameds.com	truCrowd, Inc	0001667145	007-00015	
0001665160-18-000255	0			Power Hero Corp.	Corporation		DE	2017-01-06	2105 Foothill Blvd.	Suite B360	LA VERNE	CA	91750	www.powerhero.com	StartEngine Capital, LLC	0001665160	007-00007	
0001665160-18-000258	0			Wordego, Incorporated	Corporation		DE	2016-02-17	222 W Merchandise Mart Plaza Suite 1212		Chicago	IL	60654	https://www.wordego.com	StartEngine Capital, LLC	0001665160	007-00007	
0001734621-18-000002	0			Jobletics, Inc	Corporation		MA	2015-07-16	5 MIDDLESEX AVE		SOMERVILLE	MA	02145	https://jobletics.com	SI SECURITIES, LLC	0001603038	008-69440	000170937
0001710332-18-000002	0	The issuer raised approximately $390,000 during the offering period. Payment are still being processed; the exact amount has yet to be determined.		Duralogic USA Inc	Corporation		DE	2015-09-04	12 LA MONTAGNE LN		SANDY	UT	84092	https://www.ravean.com	SI SECURITIES, LLC	0001603038	008-69440	000170937
0001728855-18-000003	0		The issuer is increasing the minimum investment amount per purchaser from $100 to $250.	Boon VR LLC	Limited Liability Company		DE	2016-03-09	404 BRYANT ST		SAN FRANCISCO	CA	94107	http://boonvr.com/	OpenDeal Inc.	0001672732	007-00046	
0001665160-18-000251	0	At the close of the offering, the amount closed on is $23,191.00 and 23,191 securities sold, final amount subject to change pending final receipt of committed investments.		LifeBridge 10000, LLC	Limited Liability Company		FL	2015-01-05	862 E WILDMERE AVE		LONGWOOD	FL	32750	http://www.lifebridge10000.com/	StartEngine Capital, LLC	0001665160	007-00007	
0001724637-18-000001	0	The Issuer has raised the maximum offering amount.		BuffBrew Taproom, LLC	Limited Liability Company		TX	2017-09-25	5301 NOLDA ST		HOUSTON	TX	77007	www.buffbrew.com	NextSeed US LLC	0001667892	007-00023	283225
0001724714-18-000004	0	The issuer raised approximately $725,000 during the offering period. Payment are still being processed; the exact amount has yet to be determined.		Gryphon Online Safety, Inc.	Corporation		DE	2014-01-30	10265 PRAIRIE SPRINGS ROAD		SAN DIEGO	CA	92127	https://www.gryphonconnect.com/	SI SECURITIES, LLC	0001603038	008-69440	000170937
0001670254-18-000099	1		Lowered target offering amount, and updated business plan.	Orthogonal Thinker Inc.	Corporation		DE	2016-12-20	1215 South Kihei Rd. #424		Kihei	HI	96753	http://OrthogonalThinker.com	Wefunder Portal LLC	0001670254	007-00033	283503
0001665160-18-000249	0			UniCoin Blockchain Inc.	Corporation		DE	2018-02-26	13393 Samantha Ave		San Diego	CA	92129	www.unicoin.life	StartEngine Capital, LLC	0001665160	007-00007	
0001723487-18-000001	0			Lynwood Financial Group														
0001735522-18-000001	0			Squirrel Capital Investments Inc.	Corporation		NV	2017-09-28	7250 EMPRESS DR		LAS VEGAS	NV	89147	greenhazeleasing.com	truCrowd, Inc	0001667145	007-00015	
0001710013-18-000001	0		Extend closing date to December 31, 2018.	Distributed Security, Inc.	Corporation		IL	2011-03-16	518 S. ROUTE 31 #238		MCHENRY	IL	60050	www.distributedsecurity.com	truCrowd, Inc	0001667145	007-00015	
0001669191-18-000173	0		Issuer extended offering deadline	ChoiceTrade Holdings, Inc.	Corporation		PR	2014-10-23	151 San Francisco Street	Suite 200	San Juan	PR	00901	www.choicetrade.com	NetCapital Funding Portal Inc.	0001669191	007-00035	283596
0001665160-18-000246	1		Issuer is extending, adjusting their minimum purchase price, and updating the terms of their offering.	Bioclonetics Immunotherapeutics, Inc.	Corporation		TX	2009-12-24	1756 BISON MEADOW LANE		HEATH	TX	75032	www.bioclonetics.com	StartEngine Capital, LLC	0001665160	007-00007	
0001665160-18-000245	1		The issuer is extending their offering, increasing their maximum funding goal, and increasing their minimum purchase price.	StorEn Technologies Inc.	Corporation		DE	2017-01-03	25 HEALTH SCIENCES DRIVE		STONY BROOK	NY	11790	www.storen.tech	StartEngine Capital, LLC	0001665160	007-00007	
0001669191-18-000170	0		Issuer extended offering deadline	City Windmills Inc.	Corporation		DE	2011-04-13	37 Bayne Street		Norwalk	CT	06851	www.city-windmills.com	NetCapital Funding Portal Inc.	0001669191	007-00035	283596
0001665160-18-000242	0			WORDEGO INC														
0001723949-18-000012	1		The issuer has decided to extend the campaign until 4/14/18. Also, the issuer is providing an independent CPA review of their financials (i.e. the balance sheet) for investors. Now attached.	Fatwood LLC	Limited Liability Company		OH	2017-08-28	7406 JAGER CT.		CINCINNATI	KY	45230	www.flipdaddys.com	Thrivera Ventures Fund I, LLC	0001707360	007-00116	
0001665160-18-000243	1		The issuer is extending their campaign	TotalSource Solutions, Inc	Corporation		VA	2016-10-31	1020 JOHN PAUL JONES DRIVE		STAFFORD	VA	22554	https://www.totalsource.solutions	StartEngine Capital, LLC	0001665160	007-00007	
0001665160-18-000244	1		Issuer is extending the offering.	General Presence Inc.	Corporation		DE	2011-02-28	26 WESTMINSTER AVENUE UNIT 4		VENICE	CA	90291	https://zenvideo.co	StartEngine Capital, LLC	0001665160	007-00007	
0001669191-18-000167	0		Amending language for Regulation CF	4Gen Technology Group, Inc.	Corporation		DE	2017-11-09	1 Devonshire pl	suite 1506	Boston	MA	02109	4gtg.com	NetCapital Funding Portal Inc.	0001669191	007-00035	283596
0001669191-18-000165	0		Amending language for Regulation CF	Finnest, Inc.	Corporation		DE	2017-02-22	185 Bowen Street	Unit 2	Providence	RI	02906	www.finnest.co	NetCapital Funding Portal Inc.	0001669191	007-00035	283596
0001665160-18-000241	1		The company is extending their offering and has added their 2017 financial statements.	LIFE RECOVERY SYSTEMS HD LLC	Limited Liability Company		LA	2002-06-06	711 KIMBALL AVE		ALEXANDRIA	LA	71301	www.life-recovery.com	StartEngine Capital, LLC	0001665160	007-00007	
0001709244-18-000001	0			Gab Al Inc	Corporation		DE	2016-09-09	1900 Market Street		PHILADELPHIA	PA	19103	WWW.GAB.AOI				
0001735243-18-000001	0			Platform at 930, LLC	Limited Liability Company		DE	2018-03-02	456 S GRAHAM ST.		PITTSBURGH	PA	15232	www.plattformpgh.com	NSSC Funding Portal, LLC	0001665614	007-00012	282942
0001665160-18-000240	0	At the close of the offering, the amount closed on is $35,485.00 and 28,388 number of securities sold, final amount subject to change pending final receipt of committed investments.		Vibrant TV, LLC	Limited Liability Company		IL	2011-08-15	990 GROVE STREET, SUITE 300		EVANSTON	IL	60201	https://vibrant.tv	StartEngine Capital, LLC	0001665160	007-00007	
0001665160-18-000239	0	At the close of the offering, the amount closed on is $88,500.32 and 48,098 number of securities sold, final amount subject to change pending final receipt of committed investments.		WitFoo, Inc.	Corporation		DE	2016-02-05	1155 MT VERNON HWY NE	SUITE 800	ATLANTA	GA	30338	https://www.witfoo.com	StartEngine Capital, LLC	0001665160	007-00007	
0001715749-18-000001	0	The issuer raised approximately $94,000 during the offering period.		3DaGoGo, Inc	Corporation		DE	2013-09-23	101 West Broadway, Suite 1120		San Diego	CA	92101	http://AstroPrint.com	First Democracy VC	0001683054	007-00076	285360
0001670254-18-000095	0			V-PLAN INC.	Corporation		VA	2017-12-29	13800 Coppermine Road		Herndon	VA	20171	http://WWW.ALLESTIMATOR.COM	Wefunder Portal LLC	0001670254	007-00033	283503
0001670254-18-000097	0			Loop Devices Inc.	Corporation		DE	2014-12-23	1127 10th Ave East		Seattle	WA	98102	http://www.gogemio.com	Wefunder Portal LLC	0001670254	007-00033	283503
0001670254-18-000094	0			Better Network, Inc.	Corporation		DE	2015-06-19	151 West 25th Street	11th Floor	New York	NY	10001	https://withfriends.co	Wefunder Portal LLC	0001670254	007-00033	283503
0001669191-18-000162	0		Amendment is to correct the extended offering date	ICEBREAKER, INC.	Corporation		DE	2017-02-13	25 Lyman St		North Attleboro	MA	02760-3306	http://icebr.kr/	NetCapital Funding Portal Inc.	0001669191	007-00035	283596
0001669191-18-000160	0		Amendment is to extend the offering date and reflect the allocation of outstanding shares from a former minority owner to the co-founders	ICEBREAKER, INC.	Corporation		DE	2017-02-13	25 Lyman St		North Attleboro	MA	02760-3306	http://icebr.kr/	NetCapital Funding Portal Inc.	0001669191	007-00035	283596
0001721104-18-000010	0		Extending the offering termination date to April 22, 2018	Cloud Cover Media, Inc.	Corporation		CA	2011-10-10	1634 19TH STREET		SANTA MONICA	CA	90404	www.cloudcovermusic.com	EquityBender LLC	0001681493	007-00092	285983
0001721104-18-000009	0		Extending the termination date of the offering to April 22, 2018	Cloud Cover Media, Inc.	Corporation		CA	2011-10-10	1634 19TH STREET		SANTA MONICA	CA	90404	www.cloudcovermusic.com	EquityBender LLC	0001681493	007-00092	285983
0001670254-18-000092	0			Simple Machine, LLC	Limited Liability Company		AZ	2016-04-29	2375 East Camelback Road	6th Floor	Phoenix	AZ	85016	http://arena.com/ & http://arenamerchandising.com	Wefunder Portal LLC	0001670254	007-00033	283503
0001669191-18-000156	0			Finnest, Inc.	Corporation		DE	2017-02-22	185 Bowen Street	Unit 2	Providence	RI	02906	www.finnest.co	NetCapital Funding Portal Inc.	0001669191	007-00035	283596
0001669191-18-000158	0			4Gen Technology Group, Inc.	Corporation		DE	2017-11-09	1 Devonshire pl	suite 1506	Boston	MA	02109	4gtg.com	NetCapital Funding Portal Inc.	0001669191	007-00035	283596
0001665160-18-000237	0			Whetstone International Network LLC	Limited Liability Company		CA	2017-11-30	2017 East Hillcrest Drive		Visalia	CA	93292	win.repair	StartEngine Capital, LLC	0001665160	007-00007	
0001665160-18-000234	1		The issuer is extending offering.	EPEC Holdings, Inc	Corporation		FL	2008-10-09	1776 PINE ISLAND RD.	SUITE 316	PLANTATION	FL	33322	http://www.jamesfchyde.com/	StartEngine Capital, LLC	0001665160	007-00007	
0001665160-18-000232	0			Apparent Energy, Inc.	Corporation		NV	2013-11-01	295 East Main St	#1	Ashland	OR	97520	www.apparent-energy.com	StartEngine Capital, LLC	0001665160	007-00007	
0001665160-18-000228	0			Rentah, Incorporated	Corporation		NY	2014-03-04	67 West Street	4th Floor - Suite B-1	Brooklyn	NY	11222	https://www.rentah.com/	StartEngine Capital, LLC	0001665160	007-00007	
0001665160-18-000226	1		The issuer is extending their campaign	Real Bloody Mary Co., LLC	Limited Liability Company		DE	2016-05-20	12711 VENTURA BLVD. #290		STUDIO CITY	CA	91604	https://www.vampire.com/bloodymary	StartEngine Capital, LLC	0001665160	007-00007	
0001734991-18-000002	0			Local X Change, LLC	Limited Liability Company		PA	2008-05-08	824 WHITMER ROAD		SLIGO	PA	16255	http://www.clarionriverorganics.com/	Honeycomb Portal LLC	0001705726	007-00119	289015
0001722710-18-000004	0		Added disclosure that Company has not conducted any exempt offerings in the past three years.	Myways, Inc.	Corporation		DE	2017-05-22	1355 Market St	#488	San Francisco	CA	94103	http://www.circleof.io/	First Democracy VC	0001683054	007-00076	285360
0001731640-18-000004	0		Corrected a typo: Security Price was mistyped at $500/unit instead of $50/unit	WealthZoo, LLC	Limited Liability Company		IL	2017-05-16	350 N. ORLEANS ST.	SUITE #9000N	CHICAGO	IL	60654	www.wealthzoo.com	truCrowd, Inc	0001667145	007-00015	
0001669191-18-000148	0		This amendment is filed to update information about directors and officers of the company	Fathom Drones Inc.	Corporation		DE	2017-06-30	401 Hall St	Suite 213	Grand Rapids	MI	49503	fathomdrone.com	NetCapital Funding Portal Inc.	0001669191	007-00035	283596
0001665160-18-000224	0			PlantSnap Inc.	Corporation		DE	2016-06-16	PO Box 3740		Telluride	CO	81435	PlantSnap.net	StartEngine Capital, LLC	0001665160	007-00007	
0001665160-18-000222	0			EpigenCare Inc.	Corporation		NY	2017-04-28	110 Bi County Blvd.	Ste. 122	Farmingdale	NY	11735	https://token.epigencare.com	StartEngine Capital, LLC	0001665160	007-00007	
0001730062-18-000004	1		"This Amendment is filed to add a description of the exempt offerings conducted in the last three years in the ""Capitalization and Ownership"" section."	Los Pinos Ranch Vineyards, LLC	Limited Liability Company		TX	2005-08-26	658 County Road 1334		Pittsburg	TX	75686	lospinosranchvineyards.com	First Democracy VC	0001683054	007-00076	285360
0001730062-18-000003	1		"This Amendment is filed to add a description of the exempt offerings conducted in the last three years in the ""Capitalization and Ownership"" section."	Los Pinos Ranch Vineyards, LLC	Limited Liability Company		TX	2005-08-26	658 County Road 1334		Pittsburg	TX	75686	lospinosranchvineyards.com	First Democracy VC	0001683054	007-00076	285360
0001726537-18-000003	1		This Form C is amended to (i) extend the campaign to April 30, 2018 at 11:59pm PT, (ii) lower the minimum investment to $25.00, and (iii) clarify that any additional Class B membership units may be issued pursuant to the Issuer's agreements	Pistil & Pollen, LLC	Limited Liability Company		DE	2016-03-16	5082 EAST HAMPDEN AVENUE SUITE 242		DENVER	CO	80222	www.janewest.com	OpenDeal Inc.	0001672732	007-00046	283874
0001723348-18-000003	0	Offering successfully completed. $49,700 total raise.		Millie's Ice Cream Truck, LLC	Limited Liability Company		PA	2017-11-14	6901 LYNN WAY		PITTSBURGH	PA	15208	http://www.millieshomemade.com/	Honeycomb Portal LLC	0001705726	007-00119	289015
0001670254-18-000090	0			Jeeva Medical Corp	Corporation		DE	2015-04-06	135 Maine Street, #122		Brunswick	ME	04011	http://jeevamed.com/#	Wefunder Portal LLC	0001670254	007-00033	283503
0001670254-18-000088	0			bid2bed, LLC	Limited Liability Company		FL	2018-01-04	151 N Nob Hill Rd		Plantation	FL	33324	http://bid2bed.com	Wefunder Portal LLC	0001670254	007-00033	283503
0001665160-18-000216	1		Issuer is extending their campaign.	Solar Direct LLC	Limited Liability Company		FL	1985-11-26	6935 15TH ST E	120	SARASOTA	FL	34243	www.SolarDirect.com	StartEngine Capital, LLC	0001665160	007-00007	
0001730206-18-000004	1		Amendment to target raise	Acropolis Games LLC	Limited Liability Company		IN	2015-04-07	105 SAND CREEK HWY		ADRIAN	MI	49221	http://www.acropolisgames.net	LOCALSTAKE MARKETPLACE LLC	0001544442	008-69063	000162726
0001716456-18-000001	0	Issuer successfully raised $18,150 selling 363 shares		Digital Direct IR, Inc	Corporation		NY	1998-01-01	61-21 183RD STREET		FRESH MEADOWS	NY	11365	http://www.ir3inc.com	GrowthFountain Capital LLC	0001668506	007-00028	
0001665160-18-000211	0			Life Recovery Systems HD, LLC	Limited Liability Company		LA	2002-06-06	711 Kimball Ave		Alexandria	LA	71301	www.life-recovery.com	StartEngine Capital, LLC	0001665160	007-00007	
0001665160-18-000214	0			Atlis Motor Vehicles, Inc	Corporation		DE	2016-11-09	7259 East Posada Ave		MESA	AZ	85212	atlismotorvehicles.com	StartEngine Capital, LLC	0001665160	007-00007	
0001665160-18-000207	1		The company is extending the length of their campaign and increasing maximum funding goal.	Atmos Home Inc.	Corporation		FL	2017-08-30	13761 WEATHERSTONE DR.		SPRING HILL	FL	34609	http://atmoshome.tech/	StartEngine Capital, LLC	0001665160	007-00007	
0001670254-18-000086	0			Arolucha, Inc.	Corporation		DE	2017-10-06	PO Box 680276		Franklin	TN	37068	http://www.arolucha.com	Wefunder Portal LLC	0001670254	007-00033	283503
0001722710-18-000003	0		Revised pitch deck.	Myways, Inc.	Corporation		DE	2017-05-22	1355 Market St	#488	San Francisco	CA	94103	http://www.circleof.io/	First Democracy VC	0001683054	007-00076	285360
0001669191-18-000144	0	End of offering. Issuer raised an estimated $50,443.		Atmos Digital Inc	Corporation		DE	2016-03-12	142 W 57th St	11th Floor	New York	NY	10019	atmosxr.com	NetCapital Funding Portal Inc.	0001669191	007-00035	283596
0001669191-18-000140	0		Issuer extended offering deadline	Verdant Power Inc.	Corporation		DE	2006-06-28	20 River Road	Suite 20C	New York	NY	10044	www.verdantpower.com	NetCapital Funding Portal Inc.	0001669191	007-00035	283596
0001670254-18-000083	1		updated contracts so major investors do not get pro-rata rights ; updated risks ; updated questions 13, 21, 26, and 28 ; updated business plan	ClassApps, Inc.	Corporation		DE	2017-12-15	706 E 19th Street		Kansas City	MO	64108	http://www.classapps.com	Wefunder Portal LLC	0001670254	007-00033	283503
0001665160-18-000199	0			Buying Collective Holdings Inc														
0001682510-18-000003	1		Updating the offering end date and the number of shares authorized.	Splash Wines, Inc	Corporation		ID	2014-10-02	1191 E IRON EAGLE DRIVE	SUITE 100	EAGLE	ID	83616	https://splashwines.com	SI SECURITIES, LLC	0001603038	008-69440	000170937
0001670254-18-000084	0			Attic Brewing Company LLC	Limited Liability Company		PA	2017-06-29	137 Berkley Street		Philadelphia	PA	19144	http://atticbrewing.com	Wefunder Portal LLC	0001670254	007-00033	283503
0001665160-18-000200	0	At the close of the offering, the amount closed on is $196,515.00 and 196,515 number of securities sold, final amount subject to change pending final receipt of committed investments.		Buying Collective Holdings Inc	Corporation		DE	2016-12-12	1450 SOUTH BLACKHAWK BOULEVARD		MT. PLEASANT	UT	84647	www.greenpolkadotbox.com	StartEngine Capital, LLC	0001665160	007-00007	
0001665160-18-000198	0		Correction to offering document in Use of Proceeds.	Contenders Clothing, LLC	Corporation		NV	2018-02-23	4040 PIONEER AVENUE SUITE 205		LAS VEGAS	NV	89102	www.contendersclothing.com	StartEngine Capital, LLC	0001665160	007-00007	
0001730741-18-000001	0			When it Changed Inc.	Corporation		DE	2014-07-29	26 SAINT JAMES PLACE	3F	BROOKLYN	NY	11205	https://www.are.na	OpenDeal Inc.	0001672732	007-00046	283874
0001730100-18-000002	0	The offering is fully subscribed, the offering will close on Friday March 23rd, 2018 at 11:59:59 PM EST. All cancellations must be received before March 21st, 11:59:59 PM EST. The issuer will continue to accept investment commitments through this period.		Witnet Foundation	Corporation		DE	2018-01-08	C/O K&L GATES,	925 FOURTH AVENUE, SUITE 2900	SEATTLE	WA	98104	https://witnet.foundation	OpenDeal Inc.	0001672732	007-00046	283874
0001704091-18-000002	0			360913 S Saratoga LLC	Limited Liability Company		DE	2017-03-31	1336 MAGAZINE ST STE 1		NEW ORLEANS	LA	70130	www.officejt.com				
0001704091-18-000001	0			360913 S Saratoga LLC	Limited Liability Company		DE	2017-03-31	1336 MAGAZINE ST STE 1		NEW ORLEANS	LA	70130	www.officejt.com				
0001729427-18-000001	0			CNS Pharmaceuticals, Inc.	Corporation		NV	2017-07-27	2100 WEST LOOP SOUTH	SUITE 900	HOUSTON	TX	77027	cnspharma.com	OpenDeal Inc.	0001672732	007-00046	283874
0001665160-18-000197	0		Updating offering document before company goes live.	POUNDWISHES INC.	Corporation		CA	2015-02-09	909 ELECTRIC AVENUE	SUITE 209	SEAL BEACH	CA	90740	poundwishes.com	StartEngine Capital, LLC	0001665160	007-00007	
0001665160-18-000195	0			PoundWishes Inc.	Corporation		CA	2015-02-09	909 Electric Avenue	Suite 209	Seal Beach	CA	90740	poundwishes.com	StartEngine Capital, LLC	0001665160	007-00007	
0001724862-18-000001	0	Issuer raised $174,000. The actual processing time to confirm the commitments may take longer than the filing deadline, and the total amount is our best estimate at this time. The actual amount may be lower.		PST Evergreen Investment, Inc.	Corporation		CA	2017-05-26	2156 ESPERANCA AVE		SANTA CLARA	CA	95054	www.mumuhotpot.com	NextSeed US LLC	0001667892	007-00023	283225
0001665160-18-000193	1		The company is extending their offering.	STAYBLGEAR LLC	Limited Liability Company		WA	2014-06-18	10645 N TATUM BLVD #288		PHOENIX	AZ	85028	www.stayblcam.com	StartEngine Capital, LLC	0001665160	007-00007	
0001727469-18-000004	0			Majik Water LLC														
0001719648-18-000001	0		The company is changing the expiration date of its offering to August 1, 2018.  In addition, the company has issued additional non-voting common stock warrants.  There are still 891,898 units authorized (as before) but now 103,500 are outstanding.	Freerolls Entertainment, Inc.	Corporation		UT	2017-09-18	6725 SOUTH FRY ROAD 321		KATY	TX	77494	http://freerollspokerclubs.com	GrowthFountain Capital LLC	0001668506	007-00028	
0001665160-18-000188	0			MAGNABID, INC.	Corporation		DE	2015-11-19	9735 Wilshire Blvd,	Unit 123	Beverly Hills	CA	90212	www.magnabid.com	StartEngine Capital, LLC	0001665160	007-00007	
0001665160-18-000191	0			Gyomo, Inc.	Corporation		DE	2016-03-29	2214 Rock Hill Rd	Suite 270	Herdon	VA	20170	https://www.gyomo.com	StartEngine Capital, LLC	0001665160	007-00007	
0001665160-18-000185	0			ElectroniXiQ, Inc.	Corporation		GA	2015-04-15	88 North Avondale Rd.	#506	Avondale Estates	GA	30002	https://electronixiq.com/	StartEngine Capital, LLC	0001665160	007-00007	
0001682510-18-000002	0			Splash Wines, Inc	Corporation		ID	2014-10-02	1191 E IRON EAGLE DRIVE	SUITE 100	EAGLE	ID	83616	https://splashwines.com	SI SECURITIES, LLC	0001603038	008-69440	000170937
0001670254-18-000078	0			Pedal Holdings Inc.	Corporation		DE	2018-01-24	11332 Belmont Lake Drive		Las Vegas	NV	89135	http://www.pedal.com	Wefunder Portal LLC	0001670254	007-00033	283503
0001670254-18-000077	0			OODLES CORPORATION	Other	S Corporation	CA	2017-02-10	3626 Sandalford Way		San Ramon	CA	94582	http://www.oodlescorp.com	Wefunder Portal LLC	0001670254	007-00033	283503
0001665160-18-000182	0			Contenders Clothing, Inc.	Corporation		NV	2018-02-23	4040 Pioneer Avenue Suite 205		Las Vegas	NV	89102	www.contendersclothing.com	StartEngine Capital, LLC	0001665160	007-00007	
0001608695-18-000002	0			G. Randall & Sons, Inc.	Corporation		CA	2014-04-08	2069 COAST BLVD		DEL MAR	CA	92014	randysclub.com				
0001608695-18-000001	0			G. Randall & Sons, Inc.	Corporation		CA	2014-04-08	2069 COAST BLVD		DEL MAR	CA	92014	randysclub.com				
0001733434-18-000001	0			Viri Systems Inc.	Corporation		IL	2018-01-20	5327 WEST GRACE STREET		CHICAGO	IL	60641	www.eazl.co	truCrowd, Inc	0001667145	007-00015	
0001665160-18-000180	1		Issuer is extending their campaign and increasing their maximum funding goal.	Kind Katie Movie Partners, LLC	Limited Liability Company		GA	2017-03-04	3973 FOXGLOVE ROAD		TUCKER	GA	30084	www.kindkatiemovie.com	StartEngine Capital, LLC	0001665160	007-00007	
0001726531-18-000005	1		extend offering deadline to March 22, 2018, change Valuation Cap to $10,000,000.00 for Securities sold over $1,350,000, increase total offering for the combined total of this and Regulation D Rule 506 (c) offering to $1,600,000, add video transcript	Unlimited Tomorrow, Inc.	General Partnership		DE	2014-02-06	2918 Eastborough Dr.		Fort Collins	CO	80525	http://www.unlimitedtomorrow.com/	First Democracy VC	0001683054	007-00076	285360
0001727168-18-000003	0		Adding a video transcript.	Hackrod Inc.	Corporation		DE	2017-02-21	21700 Oxnard St	Suite 2070	Woodland Hills	CA	91367	hackrod.com	First Democracy VC	0001683054	007-00076	285360
0001690165-18-000007	0		Adding second video transcript to Exhibits.	ReGrained, Inc.	Corporation		CA	2016-12-14	1550 Carroll Ave		San Francisco	CA	94124	regrained.com	First Democracy VC	0001683054	007-00076	285360
0001670254-18-000074	0			Hustle Fitness, Inc.	Corporation		DE	2016-02-01	2000 Smallman Street		Pittsburgh	PA	15222	http://hustle.fitness	Wefunder Portal LLC	0001670254	007-00033	283503
0001679372-18-000001	0			Youngry, LLC														
0001732334-18-000002	0			Witty Inventions LLC	Limited Liability Company		AZ	2018-02-14	2302 E MAGNOLIA ST. SUITE 2		PHOENIX	AZ	85034	www.wittyinventionsllc.com	truCrowd, Inc	0001667145	007-00015	
0001665160-18-000179	0			ARTICHOKE, LLC	Limited Liability Company		MD	2004-03-19	1111 Light Street	4th Floor (Betamore)	Baltimore	MD	21230	https://getartichoke.com/	StartEngine Capital, LLC	0001665160	007-00007	
0001729813-18-000004	0			Molly B Industries, LLC	Limited Liability Company		CA	2015-05-06	3952 JEWELL STREET	APT. P106	SAN DIEGO	CA	92109-6020	https://frommollywithlove.com/	SI SECURITIES, LLC	0001603038	008-69440	000170937
0001731479-18-000001	0			Rodin, Inc.	Corporation		DE	2016-06-20	9415 TELFAIR AVE		SUN VALLEY	CA	91352	https://rodin.io/	SI SECURITIES, LLC	0001603038	008-69440	000170937
0001732447-18-000002	0			Gather Voices, Inc.	Corporation		DE	2017-05-22	4021 N. Broadway		Chicago	IL	60613	https://gathervoicesapp.com/	First Democracy VC	0001683054	007-00076	285360
0001728560-18-000001	0			SynTouch, Inc.	Corporation		DE	2016-02-17	3720 CLIFTON PLACE		MONTROSE	CA	91020	https://www.syntouchinc.com/	SI SECURITIES, LLC	0001603038	008-69440	000170937
0001639718-18-000001	0	On February 28, 2018, Roomi concluded its offering of Units of SAFE (Simple Agreement for Future Equity).  Roomi raised approximately $331,254.89 in the offering, however final accounting has not been completed.		Roomi Inc.	Corporation		DE	2013-04-17	33 IRVING PLACE		NEW YORK	NY	10003	rommiapp.com	OpenDeal Inc., dba Republic	0001672732	007-00046	283874
0001670254-18-000073	0	The final number is $149,054.98 in investments.		I-PASS Patient Safety Institute, Inc.	Corporation		DE	2016-04-22	161 Worcester Road	Suite 402	Framingham	MA	01701	https://ipassinstitute.com/	Wefunder Portal LLC	0001670254	007-00033	283503
0001705975-18-000001	0	Issuer raised $550,000. The actual processing time to confirm the commitments may take longer than the filing deadline, and the total amount is our best estimate at this time. The actual amount may be lower.		Pitch 25, LLC	Limited Liability Company		TX	2015-12-29	PO BOX 924372		HOUSTON	TX	77292-4372	pitch25.com	NextSeed US LLC	0001667892	007-00023	283225
0001665160-18-000177	0	At the close of the offering, the amount closed on is $118,150.00 and 118,150 number of securities sold.		PlantSnap, Inc.	Corporation		DE	2016-06-16	604 ARIZONA AVENUE		SANTA MONICA	CA	90401	http://www.plantsnap.net	Wefunder Portal LLC	0001670254	007-00033	283503
0001705496-18-000001	0	Issuer closed the investment offering on January 15, 2018 after meeting its target offering amount of $90,000. Issuer received the funds of $90,000 on January 29,2018.		Stanley Grove LLC	Limited Liability Company		CA	2017-02-24	21 GRANDVIEW AVE		IRVINE	CA	92603	stanleygrove.com	MinnowCfunding LLC	0001665872	007-00020	
0001598982-18-000001	0	The intermediary has indicated that at the end of the offering, the issuer has closed on approximately $79,925 in securities sold.		True Gault, Inc.	Corporation		DE	2014-01-31	154 Cobblestone Court	Suite 175	Victor	NY	14564	www.truegault.com	OpenDeal Inc. dba &quot;Republic&quot;	0001672732	007-00046	283874
0001720822-18-000001	0	The issuer raised approximately $104, 973 during the offering period.    Payments are still being processed so the final amount has not been determined.		SilkRoll Inc.	Corporation		DE	2016-05-04	833 Market St	Suite 312	SAN FRANCISCO	CA	94103	https://silkroll.com	OpenDeal Inc. dba &quot;Republic&quot;	0001672732	007-00046	283874
0001670254-18-000071	0			Beer District Brewing LLC	Limited Liability Company		NV	2017-04-13	914 South Main		Las Vegas	NV	89101	http://beerdistrictbrewing.com	Wefunder Portal LLC	0001670254	007-00033	283503
0001665160-18-000175	0			DLYTE, LLC	Limited Liability Company		CA	2011-07-26	9301 Wilshire Blvd	Suite 613	Beverly Hills	CA	90210	DLYTED.com	StartEngine Capital, LLC	0001665160	007-00007	
0001670254-18-000069	1		Corrected voting power of Vega Trading, and updated business plan.	Coppertino Inc	Corporation		DE	2009-04-29	300 Delaware Ave ste 210-A		Wilmington	DE	19801	https://vox.rocks	Wefunder Portal LLC	0001670254	007-00033	283503
0001670254-18-000068	0	The final number is $48,025.00 in investments.		Chateau Marcel, Inc.	Corporation		DE	2015-03-25	833 Broadway	2nd floor	New York	NY	10003	http://www.drinkmarcel.com	Wefunder Portal LLC	0001670254	007-00033	283503
0001669753-18-000003	1		The Form C of the Company dated January 8, 2018 is hereby amended to extend the offering deadline to April 29, 2018 at 11:59pm PT.	Whoseyourlandlord, Inc.	Corporation		DE	2015-04-08	413 HALSEY ST.	STE 3	BROOKLYN	NY	11233	https://www.whoseyourlandlord.com/	OpenDeal Inc.	0001672732	007-00046	283874
0001726073-18-000003	1		Change offering closing date from 3/8/18 to 3/30/18	Woodland Rockwell No. 1 GP	General Partnership		TX	2017-12-19	1700 POST OAK BLVD	2 BLVD PLACE, STE 600	HOUSTON	TX	77056	cf0008.crudefunders.com	ENTORO SECURITIES, LLC	0000914873	008-46630	000035192
0001730062-18-000001	0			Los Pinos Ranch Vineyards, LLC	Limited Liability Company		TX	2005-08-26	658 County Road 1334		Pittsburg	TX	75686	lospinosranchvineyards.com	First Democracy VC	0001683054	007-00076	285360
0001665160-18-000170	0			Eclipse Diagnostics Inc.	Corporation		DE	2018-02-05	750 North San Vicente Blvd		West Hollywood	CA	90069	www.eclipsedx.com	StartEngine Capital, LLC	0001665160	007-00007	
0001669191-18-000136	0		Formatting issue	ChoiceTrade Holdings, Inc.	Corporation		PR	2014-10-23	151 San Francisco Street	Suite 200	San Juan	PR	00901	www.choicetrade.com	NetCapital Funding Portal Inc.	0001669191	007-00035	283596
0001722007-18-000005	0	Campaign successful: $38,850 raised.		Pittsburgh Juice Co	Limited Liability Company		PA	2013-03-16	3418 PENN AVENUE		PITTSBURGH	PA	15201	https://pittsburghjuicecompany.com/	Honeycomb Portal LLC	0001705726	007-00119	
0001670254-18-000063	0			Coppertino Inc	Corporation		DE	2009-04-29	300 Delaware Ave ste 210-A		Wilmington	DE	19801	https://vox.rocks	Wefunder Portal LLC	0001670254	007-00033	283503
0001670254-18-000065	0			Twins Chicken INC	Corporation		NV	2014-02-21	500 N Rainbow Blvd		Las Vegas	NV	89107	http://www.twinschicken.com	Wefunder Portal LLC	0001670254	007-00033	283503
0001670254-18-000067	0	The final number is $808,454.00 in investments.		Neurohacker Collective, LLC	Limited Liability Company		WY	2015-12-11	179 Calle Magdalena	Suite 100	Encinitas	CA	92024	http://neurohacker.com	Wefunder Portal LLC	0001670254	007-00033	283503
0001670254-18-000061	0			KetoNatural Pet Foods, Inc.	Corporation		DE	2017-04-11	181 Edith Avenue		Salt Lake City	UT	84111	http://www.ketonaturalpetfoods.com	Wefunder Portal LLC	0001670254	007-00033	283503
0001665160-18-000147	0			LiteScape Technologies, Inc.	Corporation		CA	2003-10-17	12707 High Bluff Drive	Suite 200	San Diego	CA	92130	http://www.litescape.com	StartEngine Capital, LLC	0001665160	007-00007	
0001665160-18-000149	1		The issuer will be extending the end date of their offering	Space Division Inc.	Corporation		DE	2017-11-16	1313 W. 135TH STREET		GARDENA	CA	90247	https://www.spacedivisioninc.com	StartEngine Capital, LLC	0001665160	007-00007	
0001712427-18-000001	0			Kookaburra Sustainable Solutions Inc	Corporation		DE	2017-07-11	8565 S. EASTERN AVENUE		LAS VEGAS	NV	89107	www.kookaburrasustainablesolutions.com	truCrowd, Inc	0001667145	007-00015	
0001665160-18-000145	0	At the close of the offering, the amount closed on is $874,667.00 and 874,667 number of securities sold, final amount subject to change pending final receipt of committed investments.		JINGLZ, INC.	Corporation		FL	2017-03-09	10802 LAKE WYNDS COURT		BOYNTON BEACH	FL	33437	https://www.playjinglz.com	StartEngine Capital, LLC	0001665160	007-00007	
0001669191-18-000132	0			City Windmills Inc.	Corporation		DE	2011-04-13	37 Bayne Street		Norwalk	CT	06851	www.city-windmills.com	NetCapital Funding Portal Inc.	0001669191	007-00035	283596
0001730100-18-000001	0			Witnet Foundation	Corporation		DE	2018-01-08	C/O K&L GATES,	925 FOURTH AVENUE, SUITE 2900	SEATTLE	WA	98104	https://witnet.foundation	OpenDeal Inc.	0001672732	007-00046	283874
0001669191-18-000127	0	End of offering. Issuer raised an estimated $95,809.		Neurotez Inc.	Corporation		DE	2005-10-14	991 Highway 22	SUITE 200A	Bridgewater	NJ	08807	www.neurotez.com	NetCapital Funding Portal Inc.	0001669191	007-00035	283596
0001669191-18-000125	0	End of offering. Issuer raised an estimated $30,125.		Charlotte's Closet, LLC	Limited Liability Company		DE	2016-02-22	14 Vanderventer Avenue	Suite L5	Port Washington	NY	11050	http://charlottes-closet.com/	NetCapital Funding Portal Inc.	0001669191	007-00035	283596
0001732797-18-000002	0		Including Form C	QUINN INC	Corporation		NY	2013-11-19	12 EAST 49TH STREET	11TH FLOORT	NEW YORK	NY	10017	https://www.quinnstyle.com/	Slice Capital Inc.	0001676048	007-00061	284433
0001719379-18-000001	0			BLOCKSTACK TOKEN LLC	Limited Liability Company		DE	2017-09-25	111 TOWN SQUARE PLACE	SUITE 1203	JERSEY CITY	NJ	07310	blockstack.com	OpenDeal Inc.	0001672732	007-00046	283874
0001732797-18-000001	0			QUINN INC	Corporation		NY	2013-11-19	12 EAST 49TH STREET	11TH FLOORT	NEW YORK	NY	10017	https://www.quinnstyle.com/	Slice Capital Inc.	0001676048	007-00061	284433
0001731540-18-000001	0			WolfPack Systems, Inc	Corporation		MD	2017-02-24	1 RESEARCH CT, SUITE 450		ROCKVILLE	MD	20850	www.wolfpack.run	OpenDeal Inc.	0001672732	007-00046	283874
0001670254-18-000059	0	The final number is $1,070,000.00 in investments.		Balanced Software, Inc.	Corporation		DE	2016-08-17	548 Market Street #90291		San Francisco	CA	94104	https://balancemy.money	Wefunder Portal LLC	0001670254	007-00033	283503
0001665160-18-000142	0			North Country Showcase Inc	Corporation		NY	2017-03-22	6100 St Lawrence Centre		Massena	NY	13662	https://www.northcountryshowcase.com	StartEngine Capital, LLC	0001665160	007-00007	
0001670254-18-000060	0		Extended deadline date, and updated business plan.	GlobeChat, Inc.	Corporation		DE	2016-03-28	29200 Paseo Carmona		San Juan Capistrano	CA	92675	http://info.GlobeChat.com	Wefunder Portal LLC	0001670254	007-00033	283503
0001665160-18-000144	1		Issuer will be extending the end date of their offering and removing a board member.	GeoOrbital Inc.	Corporation		DE	2014-08-07	1 BROADWAY 14TH FLOOR		CAMBRIDGE	MA	02142	www.geoo.com	StartEngine Capital LLC	0001665160	007-00007	
0001669191-18-000116	0			ChoiceTrade Holdings, Inc.	Corporation		PR	2014-10-23	151 San Francisco Street	Suite 200	San Juan	PR	00901	www.choicetrade.com	NetCapital Funding Portal Inc.	0001669191	007-00035	283596
0001669191-18-000123	1		Replacing original offering statement with correct version.	ChoiceTrade Holdings, Inc.	Corporation		PR	2014-10-23	151 San Francisco Street	Suite 200	San Juan	PR	00901	www.choicetrade.com	NetCapital Funding Portal Inc.	0001669191	007-00035	283596
0001670254-18-000058	0	The final number is $89,420.00 in investments.		Ganaz Inc.	Corporation		DE	2017-04-26	6312 32nd Ave NW	Unit E	Seattle	WA	98107	http://www.ganazapp.com	Wefunder Portal LLC	0001670254	007-00033	283503
0001731640-18-000002	0			WealthZoo, LLC	Limited Liability Company		IL	2017-05-16	350 N. ORLEANS ST.	SUITE #9000N	CHICAGO	IL	60654	www.wealthzoo.com	truCrowd, Inc	0001667145	007-00015	
0001669191-18-000113	0			Verdant Power Inc.	Corporation		DE	2006-06-28	20 River Road	Suite 20C	New York	NY	10044	www.verdantpower.com	NetCapital Funding Portal Inc.	0001669191	007-00035	283596
0001684321-18-000002	1		Amend Offering Deadline to July 31, 2018, Amend Par. (g) to show new Offering Deadline, Amend Par. (p) and (s) to update Indebtedness and Financial Condition with 2016 financial results, Amend Par. (I) to Disclose Marketing Contracts and Costs.	Italian Cafe, LLC	Limited Liability Company		IL	2014-07-14	21020 N. RAND RD., STE. C-4		LAKE ZURICH	IL	60047	www.goitaliancafellc.com	crowdsourcefunded.com	0001667727	007-00027	001400667
0001723477-18-000001	1		The offering deadline is hereby amended, the new offering deadline is April 29th, 2018 at midnight PST.	Vacayo, Inc.	Corporation		DE	2017-03-06	444 CASTRO STREET		MOUNTAIN VIEW	CA	94041	https://vacayo.com/	OpenDeal Inc.	0001672732	007-00046	283874
0001722850-18-000001	0			Krav Maga NYC, LLC	Limited Liability Company		NY	2010-06-24	122 W 27th ST	Ground FL	New York	NY	10001	www.krav-maga.nyc	First Democracy VC	0001683054	007-00076	285360
0001665160-18-000130	1		The issuer is extending their offering and updating their irregular use of proceeds.	MedChain Inc	Corporation		DE	2017-10-16	1175 CASTLE POINTE DRIVE		CASTLE ROCK	CO	80104	https://med-chain.co	StartEngine Capital, LLC	0001665160	007-00007	
0001665160-18-000136	0			Three Flip Studios, Inc	Corporation		DE	2015-02-24	3900 W Alameda	Suite 1200	Burbank	CA	91505	http://www.threeflip.com/	StartEngine Capital, LLC	0001665160	007-00007	
0001724091-18-000001	0		Submitting a better resolution of the offering page.	Bravery Chef Hall, LP	Limited Partnership		TX	2017-07-10	1008 PRAIRIE ST		HOUSTON	TX	77002	braverychefhall.com	NextSeed US LLC	0001667892	007-00023	283225
0001665160-18-000138	0	At the close of the offering, the amount closed on is $29,660.00 and 14,830 number of securities sold, final amount subject to change pending final receipt of committed investments.		Phoenix Settlements LLC	Limited Liability Company		AZ	2013-08-02	3302 E INDIAN SCHOOL ROAD		PHOENIX	AZ	85018	https://www.emergentsolar.com	StartEngine Capital, LLC	0001665160	007-00007	
0001665160-18-000133	0			Eliport, Inc.	Corporation		DE	2017-07-14	Carrer de Roc Boronat, 117		Barcelona	U3	08018	http://eliport.com	StartEngine Capital, LLC	0001665160	007-00007	
0001670254-18-000057	0			Nemucore Medical Innovations, Inc.	Corporation		DE	2008-02-04	One Hollis Street	Suite 232	Wellesley	MA	02482	http://www.nemucore.com	Wefunder Portal LLC	0001670254	007-00033	283503
0001725458-18-000003	0		Submitting a better resolution of the offering page.	California 88, LLC	Limited Liability Company		NY	2017-05-25	2 LINCOLN PLACE 4R		BROOKLYN	NY	11217	ca88wine.com	NextSeed US LLC	0001667892	007-00023	283225
0001670254-18-000056	0		Converted from an S-Corp to a C-Corp, changed deadline date, included video transcripts, and updated business plan.	Impact Science Education, Inc.	Corporation		CA	2015-09-02	834 Ashbury Ave		El Cerrito	CA	94530	http://impactscience.co/	Wefunder Portal LLC	0001670254	007-00033	283503
0001670254-18-000055	0	The final number is $107,000.00 in investments.		OODLES CORPORATION	Corporation		CA	2017-02-10	3626 Sandalford Way		San Ramon	CA	94582	http://www.oodlescorp.com	Wefunder Portal LLC	0001670254	007-00033	283503
0001684321-18-000001	1		Amend Offering Deadline to March 31, 2018, amend Par. (b)(1) and Par. (c) for management and ownership information of Manager Ranulfo Vizcarra, add audited statement and amend Par. (s) accordingly, amend Par. (I) to disclose marketing contracts and costs.	Italian Cafe, LLC	Limited Liability Company		IL	2014-07-14	21020 N. RAND RD., STE. C-4		LAKE ZURICH	IL	60047	www.goitaliancafellc.com	crowdsourcefunded.com	0001667727	007-00027	001400667
0001726998-18-000001	0			Avant Media Institute LLC	Limited Liability Company		TX	2014-11-07	256 NORTH SAM HOUSTON PKWY E	STE 130	HOUSTON	TX	77060	https://www.avantmediainstitute.com/	NextSeed US LLC	0001667892	007-00023	283225
0001727744-18-000001	0			Trouvaille LLC	Limited Liability Company		NM	2017-02-01	6790 EAST CALLE LA PAZ	UNIT 2101	TUCSON	AZ	85715	trouvaille.club	truCrowd, Inc	0001667145	007-00015	
0001720880-18-000002	0	The issuer has raised approximately $100,000 during the offering period. Payments are still being processed and the exact amount has yet to be determined.		MJ Hybrid Solutions, Inc.	Corporation		DE	2017-03-10	427 9th Ave	Unit 1006	San Diego	CA	92101	https://mjhybridsolutions.com/	SI Securities, LLC	0001603038	008-69440	170937
0001721392-18-000004	0			SmarterD,Inc.														
0001715895-18-000001	0			Coding Autism, LLC														
0001721392-18-000003	0			SmarterD,Inc.														
0001665160-18-000128	0			FireBot, Inc.	Corporation		VA	2017-09-01	8816 Hampton Station Ct		Lorton	VA	22079	www.firebotsuppression.com	StartEngine Capital, LLC	0001665160	007-00007	
0001654438-18-000003	0			BarLink, LLC	Limited Liability Company		MD	2015-08-07	5431 WOODLAND BLVD.	SUITE B	OXON HILL	MD	20745	http://www.getbfly.com	GrowthFountain Capital LLC	0001668506	007-00028	
0001704205-18-000002	0			Ideal Conceal, Inc.	Corporation		MN	2015-10-15	4300 SCHOOL BOULEVARD		MONTICELLO	MN	55362	www.idealconceal.com				
0001704205-18-000001	0			Ideal Conceal, Inc.	Corporation		MN	2015-10-15	4300 SCHOOL BOULEVARD		MONTICELLO	MN	55362	www.idealconceal.com				
0001665160-18-000126	0	At the close of the offering, the amount closed on is $252,634.00 and 25,638 number of securities sold, final amount subject to change pending final receipt of committed investments.		PlantSnap, Inc.	Corporation		DE	2016-06-11	604 ARIZONA AVENUE		SANTA MONICA	CA	90401	PlantSnap.net	StartEngine Capital, LLC	0001665160	007-00007	
0001670254-18-000054	1		Increase maximum offering amount.	Orthogonal Thinker Inc.	Corporation		DE	2016-12-20	1215 South Kihei Rd. #424		Kihei	HI	96753	http://OrthogonalThinker.com	Wefunder Portal LLC	0001670254	007-00033	283503
0001731189-18-000002	0		Corrected lease comparable data in business plan.	3451 Benning LLC	Limited Liability Company		DC	2017-11-28	3232 GEORGIA AVE NW	SUITE 100	WASHINGTON DC	DC	20010	www.neighborhooddevelopment.com	NSSC Funding Portal, LLC	0001665614	007-00012	
0001665160-18-000125	1		The issuer will be extending their campaign.	Cryptid LLC	Limited Liability Company		DE	2017-09-05	130 BAY RIDGE PARKWAY	APT 2D	BROOKLYN	NY	11209	www.cryptidmovie.com	StartEngine Capital, LLC	0001665160	007-00007	
0001690909-18-000001	0	The Issuer raised $72,600 during the offering period.		Ellison Eyewear, Inc	Corporation		DE	2014-03-19	314 WEST INSTITUTE PLACE	LOFT 2E	CHICAGO	IL	60610	www.WearEllison.com	OpenDeal Inc.	0001672732	007-00046	283874
0001670254-18-000052	0			Orthogonal Thinker Inc.	Corporation		DE	2016-12-20	1215 South Kihei Rd. #424		Kihei	HI	96753	http://OrthogonalThinker.com	Wefunder Portal LLC	0001670254	007-00033	283503
0001670254-18-000050	0			Barrel Harbor Brewing Company, LLC	Limited Liability Company		CA	2012-12-31	2575 Pioneer Avenue, Suite 104		Vista	CA	92081	https://www.barrelharborbrewing.com	Wefunder Portal LLC	0001670254	007-00033	283503
0001719488-18-000001	0	Issuer raised $191,600. The actual processing time to confirm the commitments may take longer than the filing deadline, and the total amount is our best estimate at this time. The actual amount may be lower.		619 North Park LLC	Limited Liability Company		CA	2017-10-01	3015 LINCOLN AVE		SAN DIEGO	CA	92104	https://619Spirits.com/	NextSeed US LLC	0001667892	007-00023	283225
0001665160-18-000123	0			CBL Worldwide II, Inc.	Corporation		AZ	2011-04-19	925 W. Baseline Rd.	Suite 105-229	Tempe	AZ	85283	www.cblhoopsusa.com	StartEngine Capital, LLC	0001665160	007-00007	
0001712328-18-000001	0		Extend the expiration date of the offering to 3/15/2018	Blue Cord Farms Inc	Corporation		DE	2017-06-22	2061 LE MANS DR		CARROLLTON	TX	75006	www.bluecordfarms.com	truCrowd, Inc	0001667145	007-00015	
0001669191-18-000109	0		Updating web page	Atmos Digital Inc	Corporation		DE	2016-03-12	142 W 57th St	11th Floor	New York	NY	10019	atmosxr.com	NetCapital Funding Portal Inc.	0001669191	007-00035	283596
0001731189-18-000001	0			3451 Benning LLC	Limited Liability Company		DC	2017-11-28	3232 GEORGIA AVE NW	SUITE 100	WASHINGTON DC	DC	20010	www.neighborhooddevelopment.com	NSSC Funding Portal, LLC	0001665614	007-00012	
0001665160-18-000121	0	At the close of the offering, the amount closed on is $24,660.00 and 1,644 number of securities sold, final amount subject to change pending final receipt of committed investments.		Perfict Inc.	Corporation		DE	2017-11-09	1942 OVERLAND AVE	APT #3	LOS ANGELES	CA	90025	perfict.co	StartEngine Capital, LLC	0001665160	007-00007	
0001665160-18-000120	0	At the close of the offering, the amount closed on is $12,280 and 12,280 securities sold, final amount subject to change pending final receipt of committed investments.		WORDEGO INC	Corporation		DE	2016-02-17	222 W MERCHANDISE MART PLAZA SUITE 1212		CHICAGO	IL	60654	https://www.wordego.com	StartEngine Capital, LLC	0001665160	007-00007	
0001665160-18-000119	0	"At the close of the offering, the amount closed on is $13,400 and 13,400 securities sold, final amount subject to change pending final receipt of committed investments."""		HireJoe, Inc	Corporation		CO	2017-09-05	2525 ARAPAHOE AVE.	STE E4-242	BOULDER	CO	80302	www.hirejoe.com	StartEngine Capital, LLC	0001665160	007-00007	
0001690447-18-000003	0	The issuer failed to meet their minimum offering.		Owlized, Inc.	Corporation		DE	2013-12-24	1062 FOLSOM ST. SUITE 301		SAN FRANCISCO	CA	94103	www.owlized.com	OpenDeal Inc.	0001672732	007-00046	283874
0001725124-18-000004	0		Clarifying that the exhibited Unaudited Financial Statements were evaluated by Management through February 6th, 2018. (See final comment on page 9 of financials).	Rhymella, Inc.	Corporation		DE	2016-06-15	PO Box 600511, 897 Washington Street		Newtonville	MA	02460	www.rhymella.com	OpenDeal Inc. dba &quot;Republic&quot;	0001672732	007-00046	283874
0001665160-18-000117	0			CannaKorp, Inc.	Corporation		DE	2014-02-04	74  Maple Street	Suite C	Stoneham	MA	02180	http://www.wispvapor.com	StartEngine Capital, LLC	0001665160	007-00007	
0001665160-18-000115	1		The company is extending their campaign.	Biotech Restorations Holdings, LLC	Limited Liability Company		FL	2017-02-02	137 CROSS CREEK ROAD #137		DENVER	NC	26037	http://www.biotechrestorations.com/	StartEngine Capital, LLC	0001665160	007-00007	
0001670254-18-000048	0			iPianoLab LLC	Limited Liability Company		NV	2014-10-01	1180 North Town Center Drive, Suite 100		Las Vegas	NV	89144	https://ipianolab.com	Wefunder Portal LLC	0001670254	007-00033	283503
0001669191-18-000106	0			Atmos Digital Inc	Corporation		DE	2016-03-12	142 W 57th St	11th Floor	New York	NY	10019	atmosxr.com	NetCapital Funding Portal Inc.	0001669191	007-00035	283596
0001730609-18-000001	0			Love Goodly Inc.	Corporation		DE	2015-03-17	1308 FACTORY PLACE #309		LOS ANGELES	CA	90049	www.lovegoodly.com	SI SECURITIES, LLC	0001603038	008-69440	000170937
0001722710-18-000001	0			Myways, Inc.	Corporation		DE	2017-05-22	1355 Market St	#488	San Francisco	CA	94103	http://www.circleof.io/	First Democracy VC	0001683054	007-00076	285360
0001665160-18-000113	0			OSSIC Corporation	Corporation		DE	2014-08-08	1470 Encinitas Blvd #123		Encinitas	CA	92024	www.ossic.com	StartEngine Capital, LLC	0001665160	007-00007	
0001670254-18-000043	0			Hawaiian Ola Brewing Corporation	Corporation		HI	2015-12-22	89-1368 MAMALAHOA HWY		Captain Cook	HI	96704	http://www.hawaiianola.com	Wefunder Portal LLC	0001670254	007-00033	283503
0001670254-18-000046	0			Kwame Palace LLC	Limited Liability Company		TX	2008-01-07	3515 Sycamore School Rd		Fort Worth	TX	76133	http://www.kwamebaah.com	Wefunder Portal LLC	0001670254	007-00033	283503
0001670254-18-000044	0			Eve Fund 1, LLC.	Limited Liability Company		WY	2016-09-21	8306 Wilshire Blvd.		Beverly Hills	CA	90211	http://www.theevestudios.co	Wefunder Portal LLC	0001670254	007-00033	283503
0001574738-18-000001	0			FileThis, Inc.	Corporation		DE	2010-04-21	351 JEAN STREET		MILL VALLEY	CA	94941	filethis.com	SI SECURITIES, LLC	0001603038	008-69440	000170937
0001729314-18-000002	0			Dante Labs International LLC	Limited Liability Company		DE	2017-05-03	325 5TH AVE	SUITE 38A	NEW YORK	NY	10016	dantelabs.com	SI SECURITIES, LLC	0001603038	008-69440	000170937
0001670254-18-000042	0		Extended deadline date, and updated business plan.	SpaceFab.US, Inc.	Corporation		DE	2016-01-07	30542 Via Estoril		Laguna Niguel	CA	92677	http://www.spacefab.us	Wefunder Portal LLC	0001670254	007-00033	283503
0001670254-18-000040	0		Extended deadline date, and updated business plan.	M and M MEDIA, INC.	Corporation		DE	2014-05-13	2500 Broadway, Building F	Ste F-125	Santa Monica	CA	90404	https://trebel.io/	Wefunder Portal LLC	0001670254	007-00033	283503
0001728670-18-000006	0		Updated the Form C Q&A document with more disclosures. Also, including the balance sheet (unaudited), and un updated perks agreement.	CrownMob Inc.	Corporation		OH	2017-03-13	112 W PIKE STREET		Covington	KY	41011	https://crownmob.com	Thrivera Ventures Fund I, LLC	0001707360	007-00116	
0001731055-18-000001	0		We are selling 47% of our Company at a price of $395,625.00, which would suggest a total valuation for the company of $850,000.00.	ROYALTY BEAUTY SUPPLY, LLC	Limited Liability Company		OH	2017-03-23	996 CHALKERS ST		AKRON	OH	44310	www.royaltybeautysupply.com	Buy The Block	0001693877	007-00098	
0001665160-18-000110	0	At the close of the offering, the amount closed on is $69,000 and 69,000 securities sold, final amount subject to change pending final receipt of committed investments.		Ceres Greens LLC	Limited Liability Company		DE	2016-10-31	21 METRO WAY	UNIT 8	BARRE	VT	05641	www.ceresgreens.com	StartEngine Capital, LLC	0001665160	007-00007	
0001670254-18-000039	0	The final number is $270,788.00 in investments		Sam Lee Laundry LLC	Limited Liability Company		CA	2015-01-02	644 Broadway, Unit 10		San Francisco	CA	94133	http://www.thespeakeasysf.com/	Wefunder Portal LLC	0001670254	007-00033	283503
0001669191-18-000103	0			Gamify, Inc.	Corporation		DE	2017-01-23	105 Adena Rd		Newton	MA	02465	gamify.science	NetCapital Funding Portal Inc.	0001669191	007-00035	283596
0001688786-18-000001	0			Jetpack Aviation Corp	Corporation		DE	2016-09-14	14218 AETNA STREET		VAN NUYS	CA	91401	www.jetpackaviation.com				
0001730727-18-000004	1		Issuer is extending the offering period to August 13, 2018	320 Kingsland, LLC	Limited Liability Company		NY	2016-09-28	320 KINGSLAND AVENUE		BROOKLYN	NY	11222	http://www.production-brooklyn.com	GrowthFountain Capital LLC	0001668506	007-00028	
0001665160-18-000109	1		The issuer is extending their offering.	Zoi, Inc.	Corporation		DE	2017-01-06	611 N. COMMONWEALTH AVE		LOS ANGELES	CA	90004	www.whatiszoi.com	StartEngine Capital, LLC	0001665160	007-00007	
0001723850-18-000001	0		Updated Form C to reflect that a new employee partner, Dave Rinderle is now on the team. Additionally, the target raise is now $25,000 and goes up to $107,000. Unaudited financials are available here, and the offering end date is revised to 4/13/2018.	609 Fairfield LLC	Limited Liability Company		KY	2017-01-27	PO BOX 8163		CINCINNATI	OH	45208	www.mariannetheatre.com	Thrivera Ventures Fund I, LLC	0001707360	007-00116	
0001719921-18-000001	0			Wichita Falls Brewing Company, LLC	Limited Liability Company		TX	2016-12-16	2701 Taft Blvd		WICHITA FALLS	TX	76308	http://wichitafallsbrewing.com/	NextSeed US LLC	0001667892	007-00023	283225
0001723949-18-000010	1		Updated the Form C Q&A to include disclosures about transfer of securities, documentation of where you can find updates from the issuer, and Added Ed Biery as COO on form C	Fatwood LLC	Limited Liability Company		OH	2017-08-28	7406 JAGER CT.		CINCINNATI	KY	45230	www.flipdaddys.com	Thrivera Ventures Fund I, LLC	0001707360	007-00116	
0001665160-18-000108	0	At the close of the offering, the amount closed on is $36,600 and 774 securities sold, final amount subject to change pending final receipt of committed investments		BioHealthonomics Inc	Corporation		CA	2011-07-25	810 CALIFORNIA AVENUE	SUITE 100	SANTA MONICA	CA	90403	http://biohealthonomics.com/	StartEngine Capital, LLC	0001665160	007-00007	
0001670254-18-000038	0	The final number is $496,140.00 in investments.		Hawaiian Ola Brewing Corporation	Corporation		HI	2015-12-22	89-1368 MAMALAHOA HWY		Captain Cook	HI	96704	http://www.hawaiianola.com	Wefunder Portal LLC	0001670254	007-00033	283503
0001693877-18-000004	0			ROYALTY BEAUTY SUPPLY, LLC	Limited Liability Company		OH	2017-03-23	996 CHALKERS ST		AKRON	OH	44310	www.royaltybeautysupply.com	Buy The Block	0001693877	007-00098	
0001725124-18-000003	0		Updating minimum investment amount from $100.00 to $50.00.	Rhymella, Inc.	Corporation		DE	2016-06-15	PO Box 600511, 897 Washington Street		Newtonville	MA	02460	www.rhymella.com	OpenDeal Inc. dba &quot;Republic&quot;	0001672732	007-00046	283874
0001730727-18-000003	0		Changed $ sign to % sign for outstanding securities	320 Kingsland, LLC	Limited Liability Company		NY	2016-09-28	320 KINGSLAND AVENUE		BROOKLYN	NY	11222	http://www.production-brooklyn.com	GrowthFountain Capital LLC	0001668506	007-00028	
0001730727-18-000001	0			320 Kingsland, LLC	Limited Liability Company		NY	2016-09-28	320 KINGSLAND AVENUE		BROOKLYN	NY	11222	http://www.production-brooklyn.com	GrowthFountain Capital LLC	0001668506	007-00028	
0001670254-18-000034	0			ClassApps, Inc.	Corporation		DE	2017-12-15	706 E 19th Street		Kansas City	MO	64108	http://www.classapps.com	Wefunder Portal LLC	0001670254	007-00033	283503
0001670254-18-000032	0			smartQED, Inc.	Corporation		DE	2016-04-13	421 37th Ave		San Mateo	CA	94403	http://www.smartqed.com	Wefunder Portal LLC	0001670254	007-00033	283503
0001716298-18-000001	1		Extending offering deadline date to March 31, 2018.	Mighty Well, Inc.	Corporation		DE	2016-09-27	45 Catherine Street		Newport	RI	02840	www.mighty-well.com	OpenDeal Inc. dba &quot;Republic&quot;	0001672732	007-00046	283874
0001670254-18-000036	0			Vela Motor Company LLC	Limited Liability Company		UT	2016-11-14	1447 Easthills Cir		Bountiful	UT	84010	http://www.velamotorcompany.com	Wefunder Portal LLC	0001670254	007-00033	283503
0001730206-18-000001	0			Acropolis Games LLC	Limited Liability Company		IN	2015-04-07	105 SAND CREEK HWY		ADRIAN	MI	49221	http://www.acropolisgames.net	LOCALSTAKE MARKETPLACE LLC	0001544442	008-69063	000162726
0001670254-18-000031	0		Changed deadline date, included video transcripts, and updated business plan.	Malibu Compost Inc.	Corporation		CA	2017-09-11	1331 8th St. Suite E		Berkeley	CA	94710	http://www.malibucompost.com	Wefunder Portal LLC	0001670254	007-00033	283503
0001580960-18-000001	0			Pigeonly, Inc.	Corporation		DE	2013-06-18	701 Bridger Ave, Suite 690		LAS VEGAS	NV	89101	www.pigeon.ly	OpenDeal Inc. dba &quot;Republic&quot;	0001672732	007-00046	283874
0001728855-18-000001	0			Boon VR LLC	Limited Liability Company		DE	2016-03-09	404 BRYANT ST		SAN FRANCISCO	CA	94107	http://boonvr.com/	OpenDeal Inc.	0001672732	007-00046	
0001665160-18-000107	1		Issuer is extending the end date of their offering.	VolAero UAV & Drones Holdings Corp.	Corporation		FL	2016-05-17	14530 BISCAYNE BLVD		NORTH MIAMI	FL	33181	volaerodrones.com	StartEngine Capital, LLC	0001665160	007-00007	
0001719882-18-000002	0	The Issuer raised approximately $164,575 during the offering period. Payments are still being processed. The exact amount is yet to be determined.		MiqroTech	Limited Liability Company		PA	2016-05-04	111 PICADILLY ROAD		PORT MATILDA	PA	16870	www.miqrotech.com	OpenDeal Inc.	0001672732	007-00046	284874
0001665160-18-000106	1		Extending the end date of their campaign.	Samsara Luggage Inc.	Corporation		DE	2017-08-12	ONE UNIVERSITY PLAZA, SUITE 505		HACKENSACK	NJ	07601	www.SamsaraLuggage.com	StartEngine Capital, LLC	0001665160	007-00007	
0001720051-18-000001	0	Issuer raised $189,600. The actual processing time to confirm the commitments may take longer than the filing deadline, and the total amount is our best estimate at this time. The actual amount may be lower.		Semper Fi Restaurants LLC	Limited Liability Company		TX	2016-04-14	11511 LAWSON CYPRESS DRIVE		TOMBALL	TX	77377	https://pokeology.com/	NextSeed US LLC	0001667892	007-00023	283225
0001725124-18-000001	0			Rhymella, Inc.	Corporation		DE	2016-06-15	PO Box 600511, 897 Washington Street		Newtonville	MA	02460	www.rhymella.com	OpenDeal Inc. dba &quot;Republic&quot;	0001672732	007-00046	283874
0001602930-18-000001	0			WorldViz, LLC	Corporation		DE	2018-02-06	614 Santa Barbara Street		SANTA BARBARA	CA	93101	http://www.worldviz.com	SI SECURITIES, LLC	0001603038	008-69440	000170937
0001725458-18-000001	0			California 88, LLC	Limited Liability Company		NY	2017-05-25	2 Lincoln Place 4R		BROOKLYN	NY	11217	ca88wine.com	NextSeed US LLC	0001667892	007-00023	283225
0001728670-18-000004	0		Adding the Foudners, Ricardo Grant and Jordan Crone, Resumes to the Offering.	CrownMob Inc.	Corporation		OH	2017-03-13	112 W PIKE STREET		CINCINNATI	OH	41011	https://crownmob.com	Thrivera Ventures Fund I, LLC	0001707360	007-00116	
0001728670-18-000001	0			CrownMob Inc.	Corporation		OH	2017-03-13	112 W PIKE STREET		CINCINNATI	KY	41011	https://crownmob.com	Thrivera Ventures Fund I, LLC	0001707360	007-00116	
0001726073-18-000002	0		Update documents and correct maximum amount	Woodland Rockwell No. 1 GP	General Partnership		TX	2017-12-19	1700 POST OAK BLVD	2 BLVD PLACE, STE 600	HOUSTON	TX	77056	cf0008.crudefunders.com	ENTORO SECURITIES, LLC	0000914873	008-46630	000035192
0001665160-18-000105	1		Issuer is updating minimum investment amount, increasing maximum offering amount, extending the end date of campaign, and is making updates to campaign page.	General Presence Inc.	Corporation		DE	2011-02-28	26 WESTMINSTER AVENUE UNIT 4		VENICE	CA	90291	https://zenvideo.co	StartEngine Capital, LLC	0001665160	007-00007	
0001725245-18-000002	0			Preemadonna Inc.	Corporation		DE	2013-03-12	1250 Borregas Ave	#75	Sunnyvale	CA	94089	www.preemadonna.com	OpenDeal Inc. dba &quot;Republic&quot;	0001672732	007-00046	283874
0001663940-18-000001	0			Auntie April's														
0001665160-18-000104	0			Trikke Tech Inc.														
0001665160-18-000103	0			Gulfstar Air Charters, Inc.														
0001665160-18-000102	1		Farm One is extending offering and increasing offering maximum. Financials have been updated	Farm One, Inc.	Corporation		DE	2015-12-08	15 WILLIAM STREET	APT 14B	NEW YORK	NY	10005	http://farm.one	StartEngine Capital, LLC	0001665160	007-00007	
0001669654-18-000001	1		"This Amendment is filed to 1) extend the Offering deadline to March 5, 2018, 2) change the ""Valuation Cap"" to $16,000,000 for all of the Securities sold in this Offering, and 3) disclose that two officers invested $10,000 each into this offering."	Onward Method, Inc.	Corporation		DE	2015-12-16	8605 Santa Monica Blvd	STE 39971	Los Angeles	CA	90069	onward.org	First Democracy VC	0001683054	007-00076	285360
0001665160-18-000101	0		Update to the campaign page	HireJoe, Inc	Corporation		CO	2017-09-05	2525 ARAPAHOE AVE.	STE E4-242	BOULDER	CO	80302	www.hirejoe.com	StartEngine Capital, LLC	0001665160	007-00007	
0001665160-18-000100	0		Clarification of startengine fees	EPEC Holdings, Inc	Corporation		FL	2008-10-09	1776 PINE ISLAND RD.	SUITE 316	PLANTATION	FL	33322	http://www.jamesfchyde.com/	StartEngine Capital, LLC	0001665160	007-00007	
0001723949-18-000009	1		Updated the Form C Q&A to include disclosures about primary ownership, different share classes, and Cap Table.	Fatwood LLC	Limited Liability Company		OH	2017-08-28	7406 JAGER CT.		CINCINNATI	OH	45230	www.flipdaddys.com	Thrivera Ventures Fund I, LLC	0001707360	007-00116	
0001670254-18-000029	0			ZYPPAH, Inc.	Corporation		NV	2012-03-01	701 SOUTH CARSON STREET SUITE #200		Carson City	NV	89701-5239	http://www.zyppah.com	Wefunder Portal LLC	0001670254	007-00033	283503
0001670254-18-000027	0			eyeCam, Inc.	Corporation		DE	2014-09-15	2085 Bush Street, #604		San Francisco	CA	94115	http://www.eyehand.com	Wefunder Portal LLC	0001670254	007-00033	283503
0001665160-18-000099	0	At the close of the offering, the amount closed on is $44,330 and 3410 securities sold, the final amount subject to change pending final receipt of committed investments.		15th Round LLC	Limited Liability Company		CA	2017-08-18	3630 SAN FERNANDO RD.		GLENDALE	CA	91204	www.15throundboxing.com	StartEngine Capital, LLC	0001665160	007-00007	
0001729247-18-000001	0			Rosca Finance Inc.	Corporation		DE	2016-07-28	475 WALL STREET	SUITE 228	PRINCETON	NJ	08540	https://app.rosca.io	SI SECURITIES, LLC	0001603038	008-69440	000170937
0001729481-18-000002	0			Apex Farms Corp.	Corporation		NV	2017-09-19	501 SILVERSIDE RD.	PMB 342	WILMINGTON	DE	19809	www.apexfarming.com	FIRST DEMOCRACY VC	0001683054	007-00076	285360
0001665160-18-000097	0			ZipZap, Inc.	Corporation		CA	2010-08-04	21 Orinda Way	#C-260	Orinda	CA	94563	www.zipzap.me	StartEngine Capital, LLC	0001665160	007-00007	
0001670254-18-000025	0			Texas Brewer Support, LLC	Limited Liability Company		TX	2017-10-24	1604 Chatham Ave		Austin	TX	78723	http://www.nxnwbrew.com	Wefunder Portal LLC	0001670254	007-00033	283503
0001665160-18-000095	0		Updated campaign page with video and video transcript	LifeBridge 10000, LLC	Limited Liability Company		FL	2015-01-05	862 E WILDMERE AVE		LONGWOOD	FL	32750	http://www.lifebridge10000.com/	StartEngine Capital, LLC	0001665160	007-00007	
0001665160-18-000094	0	At the close of the offering, the amount closed on is $148,000 and 226 securities sold, final amount subject to change pending final receipt of committed investments		LRF Thoroughbred Fund II LLC	Limited Liability Company		CA	2017-08-28	5950 CANOGA AVE	SUITE 510	WOODLAND HILLS	CA	91367	http://www.littleredfeather.com/	StartEngine Capital, LLC	0001665160	007-00007	
0001665160-18-000093	0	At the close of the offering, the amount closed on is $18,336.50 and 5,239 number of securities sold, final amount subject to change pending final receipt of committed investments.		IJUZE Corp	Corporation		DE	2017-01-05	2516 WAUKEGAN ROAD	SUITE 111	GLENVIEW	IL	60025	www.ijuze.com	StartEngine Capital, LLC	0001665160	007-00007	
0001669191-18-000099	0			Split Mountain Productions Inc														
0001665160-18-000092	1		Issuer is extending the end date of their offering.	Ube, Inc	Corporation		DE	2012-05-01	9800 NORTH LAMAR BLVD	SUITE 310	AUSTIN	TX	78753	www.plumlife.com	StartEngine Capital, LLC	0001665160	007-00007	
0001665160-18-000085	0			ScreenDoor GreenHouse LLC	Limited Liability Company		ID	2018-01-22	273 Birch Banks		Sagle	ID	83860	www.screendoor-greenhouse.com	StartEngine Capital, LLC	0001665160	007-00007	
0001670254-18-000024	0		Updated financial narrative ; updated securities outstanding and voting power ; updated number of current employees ; included video transcripts ; updated business plan.	I-PASS Patient Safety Institute, Inc.	Corporation		DE	2016-04-22	161 Worcester Road	Suite 402	Framingham	MA	01701	https://ipassinstitute.com/	Wefunder Portal LLC	0001670254	007-00033	283503
0001665160-18-000082	0			anyone Media Network, Inc	Corporation		WY	2011-10-12	26100 Newport Rd A12,	Suite 133	Menifee	CA	92584	Yayway.com	StartEngine Capital, LLC	0001665160	007-00007	
0001665160-18-000090	0			BOROUGH FIVE SLATE ONE LLC	Limited Liability Company		DE	2017-01-24	7 NAVY PIER CT UNIT 4064		STATEN ISLAND	NY	10304	www.boroughfivepictures.com	StartEngine Capital, LLC	0001665160	007-00007	
0001670254-18-000023	0		Extend deadline, and include updated business plan.	Modbook Inc.	Corporation		CA	2012-02-02	18341 Sherman Way	Suite 100	Los Angeles (Reseda)	CA	91335	http://www.modbook.com/	Wefunder Portal LLC	0001670254	007-00033	283503
0001665160-18-000079	0			Aurora Sky Events LLC	Limited Liability Company		WA	2017-06-06	1504 Aurora Ave N		Seattle	WA	98109	www.AuroraSkyEvents.com	StartEngine Capital, LLC	0001665160	007-00007	
0001669191-18-000096	0		Update to offering statement questions number 3 and 29	SimpleForms, PBC	Corporation		DE	2016-03-18	550 B St.	Floor 3	San Diego	CA	92101	www.simpleforms.com	NetCapital Funding Portal Inc.	0001669191	007-00035	283596
0001669191-18-000093	0		A corrected Offering Statement is attached, there is a non-material formatting issue with the current filing.	Home61, Inc.	Corporation		DE	2014-04-07	3401 N Miami Ave	Suite 210	Miami	FL	33127	www.home61.com	NetCapital Funding Portal Inc.	0001669191	007-00035	283596
0001665160-18-000077	0			CAKNOW Technology Inc.	Corporation		DE	2016-02-04	3452 E Foothill Blvd.	Suite 720	Pasadena	CA	91107	https://www.caknow.com	StartEngine Capital, LLC	0001665160	007-00007	
0001723146-18-000001	1		This amendment is to 1) correct an error in the Statement of Changes in Equity under Appendix D - FINANCIAL STATEMENTS AND REVIEW REPORT; 2) Extend the deadline for the offering.	Success By Media LLC	Limited Liability Company		NV	2015-10-07	170 S GREEN VALLEY PKWY	SUITE 300	HENDERSON	NV	89013	https://successbymedia.com	Mr. Crowd	0001666102	007-00042	284278
0001669191-18-000091	0		Update to offering statement questions number 3 and 29	Movatic, Inc.	Corporation		DE	2016-08-12	505 E Liberty LL 500		Ann Arbor	MI	48104	movatic.co	NetCapital Funding Portal Inc.	0001669191	007-00035	283596
0001670254-18-000022	0		Included 2017 financials ; update financial narrative and material indebtedness ; extended campaign ; update number of employees ; updated business plan.	LAWRENCEVILLE PLASMA PHYSICS, INC.	Corporation		NJ	2003-05-19	128 Lincoln Boulevard		Middlesex	NJ	08846	https://lppfusion.com	Wefunder Portal LLC	0001670254	007-00033	283503
0001670254-18-000021	0		Converted from S-Corp to C-Corp, included video transcripts, and updated business plan.	Chicago Steak Company, Inc.	Corporation		MD	2007-10-26	350 B  Christopher Ave		Gaithersburg	MD	20879	http://www.mychicagosteak.com	Wefunder Portal LLC	0001670254	007-00033	283503
0001665160-18-000075	0	At the close of the offering, the amount closed on is $32,780.00 and 32,780 number of securities sold, final amount subject to change pending final receipt of committed investments.		Horror Equity Fund, Inc.	Corporation		DE	2015-07-20	208 S. BEVERLY DRIVE, STE 204		BEVERLY HILLS	CA	90212	www.HorrorEquityFund.com	StartEngine Capital, LLC	0001665160	007-00007	
0001683052-18-000002	0	Current Financials		Alchemy Mining Group, Inc.	Corporation		NV	2015-06-30	1515 E. Broadway		Vancouver	Z4	V5N 1V9	https://alchemymininggroupinc.com	SI SECURITIES, LLC	0001603038	008-69440	000170937
0001669191-18-000088	0			ICEBREAKER, INC.	Corporation		DE	2017-02-13	25 Lyman St		North Attleboro	MA	02760-3306	http://icebr.kr/	NetCapital Funding Portal Inc.	0001669191	007-00035	283596
0001719866-18-000001	0			Gulfstar Air Charters, Inc.	Corporation		CA	2017-08-23	ONE WORLD TRADE CENTER	8TH FLOOR	LONG BEACH	CA	90831	www.gulfstarair.com	StartEngine Capital LLC	0001665160	007-00007	
0001669191-18-000086	0		Update answer to Q and A number 26	Charlotte's Closet, LLC	Limited Liability Company		DE	2016-02-22	14 Vanderventer Avenue	Suite L5	Port Washington	NY	11050	http://charlottes-closet.com/	NetCapital Funding Portal Inc.	0001669191	007-00035	283596
0001669191-18-000084	0		Correcting pitch deck error	Home61, Inc.	Corporation		DE	2014-04-07	3401 N Miami Ave	Suite 210	Miami	FL	33127	www.home61.com	NetCapital Funding Portal Inc.	0001669191	007-00035	283596
0001704090-18-000001	0		Extended expiration date to March 31, 2018.	Gulf Coast Canna Meds, Inc.	Corporation		FL	2016-11-14	695 CENTRAL AVE	#202	ST PETERSBURG	FL	33701	gulfcoastcannameds.com	truCrowd, Inc	0001667145	007-00015	
0001665160-18-000074	0		Clarified the compensation owed to the intermediary.	Vibrant TV, LLC	Limited Liability Company		IL	2011-08-15	990 GROVE STREET, SUITE 300		EVANSTON	IL	60201	https://vibrant.tv	StartEngine Capital, LLC	0001665160	007-00007	
0001665160-18-000073	0	At the close of the offering, the amount closed on is $346,034.02 and 103,603 number of securities sold, the final amount subject to change pending final receipt of committed investments.		Bright Locker, Inc.	Corporation		TX	2014-03-23	12731 RESEARCH BLVD. SUITE A102		AUSTIN	TX	78759	https://www.brightlocker.com	StartEngine Capital, LLC	0001665160	007-00007	
0001665160-18-000072	1		The company is extending their offering.	Keezel, Inc.	Corporation		DE	2017-04-27	20377 SW ACACIA STREET, 2ND FLOOR		NEWPORT BEACH	CA	92660	https://www.keezel.us	StartEngine Capital, LLC	0001665160	007-00007	
0001665160-18-000071	0	At the close of the offering, the amount closed on is $78,600.00 and 78,600 number of securities sold, final amount subject to change pending final receipt of committed investments.		Mi Ola, Inc	Corporation		NY	2012-01-25	21 ATLANTIC WALK		BREEZY POINT	NY	11697	http://mi-ola.com/	StartEngine Capital, LLC	0001665160	007-00007	
0001665160-18-000070	0			NetObjex, INC.	Corporation		DE	2015-09-30	92 Corporate Park	Suite C750	Irvine	CA	92606	http://www.netobjex.com	StartEngine Capital, LLC	0001665160	007-00007	
0001722007-18-000004	0	50% of minimum target reached. Fundraising ongoing, final raise to be determined.		Pittsburgh Juice Co	Limited Liability Company		PA	2013-03-16	3418 PENN AVENUE		PITTSBURGH	PA	15201	https://pittsburghjuicecompany.com/	Honeycomb Portal LLC	0001705726	007-00119	289015
0001717605-18-000001	0	Issuer raised $21,385 from 31 investors		American Draft LLC	Limited Liability Company		TN	2017-09-11	1400 MARKET ST		CHATTANOOGA	TN	37402	http://americandraft.beer	GrowthFountain Capital LLC	0001668506	007-00028	
0001665160-18-000066	1		Issuer will be extending the end date of their offering.	JINGLZ, INC.	Corporation		FL	2017-03-09	10802 LAKE WYNDS COURT		BOYNTON BEACH	FL	33437	https://www.playjinglz.com	StartEngine Capital, LLC	0001665160	007-00007	
0001670254-18-000019	0	$165,530.00 in investments. Payments are still being processed; final number is yet to be determined.		MySwimPro, Inc.	Corporation		DE	2015-03-23	301 East Liberty	Suite 701	Ann Arbor	MI	48104	http://myswimpro.com	Wefunder Portal LLC	0001670254	007-00033	283503
0001665160-18-000067	0			4-Scored Inc.														
0001670254-18-000018	0	$91,070.00 in investments. Payments are still being processed; final number is yet to be determined.		Ganaz Inc.	Corporation		DE	2017-04-26	6312 32nd Ave NW	Unit E	Seattle	WA	98107	http://www.ganazapp.com	Wefunder Portal LLC	0001670254	007-00033	283503
0001690447-18-000002	0		The Form C of the Company, filed and dated November 14, 2017, is hereby amended and restated to clarify and include the securities offered in the past three years by the Company, which were originally disclosed in the liabilities section.	Owlized, Inc.	Corporation		DE	2013-12-24	1062 FOLSOM ST. SUITE 301		SAN FRANCISCO	CA	94103	www.owlized.com	OpenDeal Inc.	0001672732	007-00046	283874
0001670254-18-000017	0	$116,721.00 in investments. Payments are still being processed; final number is yet to be determined.		PAYROLL4FREE.COM, LLC	Limited Liability Company		OH	2012-05-23	23297 Commerce Park		Beachwood	OH	44122	http://www.payroll4free.com	Wefunder Portal LLC	0001670254	007-00033	283503
0001715599-18-000001	1		The company has amended the offering statement to disclose the following: 1) additional debt for equipment financing, 2) working capital line of credit, 3) updated use of proceeds	Full Circle Brewing, Co. Ltd. LLC	Limited Liability Company		CA	1988-05-01	620 F. STREET		FRESNO	CA	93706	www.fullcirclebrewing.com	NOBLES & RICHARDS, INC.	0001430284	008-67859	000146870
0001669191-18-000046	0			Leo Aerospace LLC	Limited Liability Company		DE	2017-10-16	4676 Admiralty Way	#1001	Marina Del Rey	CA	90292	leoaerospace.com	NetCapital Funding Portal Inc.	0001669191	007-00035	283596
0001665160-18-000064	0			Seam Tech, Inc.	Corporation		CA	2017-02-23	4937 Templeton Street		Los Angeles	CA	90032	www.seamla.com	StartEngine Capital, LLC	0001665160	007-00007	
0001726537-18-000001	0			Pistil & Pollen, LLC	Limited Liability Company		DE	2016-03-16	5082 EAST HAMPDEN AVENUE SUITE 242		DENVER	CO	80222	www.janewest.com	OpenDeal Inc.	0001672732	007-00046	283874
0001665160-18-000062	1		Issuer will be extending the end date of their offering.	MaestroConference Inc	Corporation		CA	2007-03-20	1025 3RD STREET		OAKLAND	CA	94607	http://www.voicevoice.com	StartEngine Capital, LLC	0001665160	007-00007	
0001665160-18-000061	0	At the close of the offering, the amount closed on is $22,750.00 and 455 number of securities sold, final amount subject to change pending final receipt of committed investments		Affordable Community Energy Services Co	Corporation		IL	2016-06-20	180 N. MICHIGAN AVENUE	SUITE 2405	CHICAGO	IL	60601	www.affordablecommunityenergyservices.com	StartEngine Capital, LLC	0001665160	007-00007	
0001718354-18-000001	0	The issuer has raised approximately $32,070 during the offering period. Payments are still being processed; the exact amount has yet to be determined.		Green Pinata LLC	Limited Liability Company		MA	2015-04-10	2 Blue Jay Circle, #2		Wakefield	MA	01880	www.greenpinatatoys.com	OpenDeal Inc. dba &quot;Republic&quot;	0001672732	007-00046	283874
0001718414-18-000001	0	The final amount of raised was $142,927.		Spikes Beverage Co	Limited Liability Company		OH	2015-09-10	6199 WINDING CREEK BLVD		LIBERTY TOWNSHIP	OH	45011	https://www.spikesbeerice.com/	Thrivera Ventures Fund I, LLC	0001707360	007-00116	
0001660945-18-000001	0			Harvest Fresh Foods, PBC	Other	Delaware Public Benefit Corporation	DE	2015-10-14	1101 W 23RD ST.		LOS ANGELES	CA	90007	www.everytable.com	OpenDeal Inc.	0001672732	007-00046	283874
0001670254-18-000016	0		Include video transcripts, and updated business plan.	Grit Grocery, LLC	Limited Liability Company		TX	2015-06-09	5210 Griggs Rd. #14565		Houston	TX	77021	http://gritgrocery.com/	Wefunder Portal LLC	0001670254	007-00033	283503
0001669191-18-000044	0		Issuer extended offering deadlines	Charlotte's Closet, LLC	Limited Liability Company		DE	2016-02-22	14 Vanderventer Avenue	Suite L5	Port Washington	NY	11050	http://charlottes-closet.com/	NetCapital Funding Portal Inc.	0001669191	007-00035	283596
0001670254-18-000013	0			The Enclave Group LLC	Limited Liability Company		DE	2014-08-13	40 E. Main St.		Newark	DE	19711	http://www.enbev.com	Wefunder Portal LLC	0001670254	007-00033	283503
0001665160-18-000060	0	At the close of the offering, the amount closed on is $145,702.50 and 58,281 number of securities sold, final amount subject to change pending final receipt of committed investments.		MedAnswers	Corporation		DE	2012-12-05	1299 PENNSYLVANIA AVE	SUITE 700	WASHINGTON	DC	20004	www.medanswers.com	StartEngine Capital, LLC	0001665160	007-00007	
0001665160-18-000059	0	At the close of the offering, the amount closed on is $14,530.50 and 9,687 number of securities sold, final amount subject to change pending final receipt of committed investments.		Trikke Tech Inc.	Corporation		CA	2000-02-16	132 EASY STREET, D-1		BUELLTON	CA	93427	www.trikke.com	StartEngine Capital, LLC	0001665160	007-00007	
0001665160-18-000058	1		Issuer is extending the end date of their offering.	N-Gen Technologies, Inc.	Corporation		DE	2017-06-19	13393 SAMANTHA AVE		SAN DIEGO	CA	92129	N-Gen.com	StartEngine Capital, LLC	0001665160	007-00007	
0001720033-18-000002	0		This Form C-A hereby amends and clarifies the previous Form C's filed on behalf of the Company. The Company was incorporated on May 19, 2011. The Company has not conducted a securities offering in the past 3 years, before the filing of this Form C.	Vico Neve LLC	Limited Liability Company		NY	2011-05-19	338 E 67TH STREET, SUITE 29		NEW YORK	NY	10065	www.altaneve.com	OpenDeal Inc.	0001672732	007-00046	283874
0001665160-18-000056	0			Abstract Tube Inc.	Corporation		DE	2017-11-14	82 Chittenden Ave		Columbus	OH	43201	http://www.abstract.tube/	StartEngine Capital, LLC	0001665160	007-00007	
0001727471-18-000003	0		Updated the company's fundraising profile URL. The company did not go live prior to filing this amendment.	Emerald Metrics LLC	Limited Liability Company		OR	2017-02-21	436 SE 6TH AVENUE		PORTLAND	OR	97013	https://www.emeraldmetrics.com/	SI SECURITIES, LLC	0001603038	008-69440	000170937
0001665160-18-000053	0			REVOHLOO, INC.	Corporation		NV	2017-03-07	5710 E. Tropicana Ave #2046		Las Vegas	NV	89122	https://www.revohloo.com	StartEngine Capital, LLC	0001665160	007-00007	
0001670254-18-000011	0			SongVest, Inc.	Corporation		DE	2017-04-20	3724 Congeniality Way		Raleigh	NC	27613	http://www.songvest.com	Wefunder Portal LLC	0001670254	007-00033	283503
0001721104-18-000008	0		Target Amount reduced to $50,000 from $200,000.	Cloud Cover Media, Inc.	Corporation		CA	2011-10-10	1634 19TH STREET		SANTA MONICA	CA	90404	www.cloudcovermusic.com	EquityBender LLC	0001681493	007-00092	285983
0001670254-18-000010	0	The final number is $500,000 in investments.		BOARDWALK HOSPITALITY INC.	Corporation		NV	2017-04-28	400 S 4th Street Suite 500		Las Vegas	NV	89101	http://www.boardwalkhosp.com	Wefunder Portal LLC	0001670254	007-00033	283503
0001669191-18-000040	0			Movatic, Inc.	Corporation		DE	2016-08-12	505 E Liberty LL 500		Ann Arbor	MI	48104	movatic.co	NetCapital Funding Portal Inc.	0001669191	007-00035	283596
0001721104-18-000007	0		Target Amount reduced to $50,000 from $200,000.	Cloud Cover Media, Inc.	Corporation		CA	2011-10-10	1634 19TH STREET		SANTA MONICA	CA	90404	www.cloudcovermusic.com	EquityBender LLC	0001681493	007-00092	285983
0001665160-18-000050	0			ATARI GAME PARTNERS, CORP.	Corporation		DE	2017-09-07	286 Madison Avenue, 8th Floor		New York	NY	10017	www.atarigamepartners.com	StartEngine Capital, LLC	0001665160	007-00007	
0001721104-18-000006	0		Target Amount reduced to $50,000 from $200,000.	Cloud Cover Media, Inc.	Corporation		CA	2011-10-10	1634 19TH STREET		SANTA MONICA	CA	90404	www.cloudcovermusic.com	EquityBender LLC	0001681493	007-00092	285983
0001665160-18-000047	0			LafayetteRaceway.com, LLC	Limited Liability Company		IN	2016-06-24	1705 Greenbush Street		Lafayette	IN	47904	www.LafayetteRaceway.com	StartEngine Capital, LLC	0001665160	007-00007	
0001727471-18-000001	0			Emerald Metrics LLC	Limited Liability Company		OR	2017-02-21	436 SE 6TH AVENUE		PORTLAND	OR	97013	https://www.emeraldmetrics.com/	SI SECURITIES, LLC	0001603038	008-69440	000170937
0001719522-18-000001	0	Issuer raised $176,800. The actual processing time to confirm the commitments may take longer than the filing deadline, and the total amount is our best estimate at this time. The actual amount may be lower.		FC Sugar, LLC	Limited Liability Company		TX	2017-06-08	2257 LONGWOOD DRIVE		CARROLLTON	TX	75010	leelaswinebar.com	NextSeed US LLC	0001667892	007-00023	283225
0001721392-18-000001	0			SmarterD,Inc.	Corporation		DE	2016-10-28	19701 SCOTLAND DRIVE		SARATOGA	CA	95070	www.smarterd.com	OpenDeal Inc.	0001672732	007-00046	283874
0001669191-18-000036	0		Issuer extended offering deadlines	Subba Media Inc	Corporation		DE	2017-10-06	1209 Orange Street		New Castle County	DE	19801	www.subba-cultcha.com	NetCapital Funding Portal Inc.	0001669191	007-00035	283596
0001669191-18-000034	0		This amendment is filed to update information about directors and officers of the company	Split Mountain Productions Inc	Corporation		OK	2017-03-14	19500 Crystal Ct.		Harrah	OK	73045	www.splitmountainproductions.com	NetCapital Funding Portal Inc.	0001669191	007-00035	283596
0001670254-18-000008	0			Keep Healthy, Inc.	Corporation		DE	2017-03-13	1019 Fort Salonga Road		Northport	NY	11768	https://keephealthyinc.com/	Wefunder Portal LLC	0001670254	007-00033	283503
0001665160-18-000043	0	At the end of the offering, the amount closed on is $172,287 and 172,287 number of securities sold, final amount subject to change pending final receipt of committed investments.		Indeco, LLC	Limited Liability Company		DE	2017-11-03	11911 FREEDOM DRIVE	8TH FLOOR	RESTON	VA	20190	https://ind.eco/	StartEngine Capital, LLC	0001665160	007-00007	
0001669191-18-000021	0			Undercurrent VR INC	Corporation		NY	2017-04-26	480 Bushwick Ave	#1	Brooklyn	NY	11206	www.angel.co/undercurrent-vr-inc	NetCapital Funding Portal Inc.	0001669191	007-00035	283596
0001665160-18-000042	0	At the close of the offering, the amount closed on is $40,050.00 and 40,050 number of securities sold, final amount subject to change pending final receipt of committed investments		PAYGEVITY, INC.	Corporation		DE	2015-02-16	TOWER 49	12 EAST 49TH STREET	NEW YORK	NY	10017	www.paygevity.com	StartEngine Capital, LLC	0001665160	007-00007	
0001665160-18-000041	1		Issuer is extending the end date of their campaign and updating their campaign screenshots.	Alkane Truck Company, Inc	Corporation		GA	2011-06-24	1053 LONDON STREET		MYRTLE BEACH	SC	29577	www.alkanetruckcompany.com	StartEngine Capital, LLC	0001665160	007-00007	
0001710332-18-000001	0			Duralogic USA Inc	Corporation		DE	2017-06-28	12 LA MONTAGNE LN		SANDY	UT	84092	https://www.ravean.com	SI SECURITIES, LLC	0001603038	008-69440	000170937
0001719970-18-000003	0		Change name from Digital Currency Growth LLC to Digital Frontier Marketing LLC	Digital Frontier Marketing LLC	Limited Liability Company		FL	2017-09-19	1449 WETHERINGTON WAY		PALM HARBOR	FL	34683	digitalcurrencygrowth.com	truCrowd, Inc	0001667145	007-00015	
0001722994-18-000001	0	The issuer successfully sold 246 shares at $211 per share, raising a total of $51,906.		C.A.S. Handmade Inc.	Corporation		MA	2014-11-28	15 WASHINGTON ST		HUDSON	MA	01749	http://www.cas-handmade.com/	GrowthFountain Capital LLC	0001668506	007-00028	
0001704837-18-000001	0		Clarified section 13 and corrected format for section 29.	500 N3rd St., LLC	Limited Liability Company		PA	2016-12-07	313 CHESSTNUT ST		WEST READING	PA	19611	www.allorganicmedicalmarijuana.com	truCrowd, Inc	0001667145	007-00015	
0001672227-18-000001	0			SMART RX SYSTEMS INC														
0001717615-18-000002	0		"Filing Exhibit D to Offering Statement (""Investing Process"")."	Triumph Wine Group, LLC	Limited Liability Company		CA	2016-09-02	600 TRANCAS STREET	2ND FLOOR	NAPA	CA	94558	http://triumphwinegroup.com/	FlashFunders Funding Portal, LLC	0001665087	007-00009	
0001721104-18-000001	0			Cloud Cover Media, Inc.	Corporation		CA	2011-10-10	1634 19TH STREET		SANTA MONICA	CA	90404	www.cloudcovermusic.com	EquityBender LLC	0001681493	007-00092	285983
0001690165-18-000005	0		Updating the target offering amount to the what is stated in the Form C	ReGrained, Inc.	Corporation		CA	2016-12-14	1550 Carroll Ave		San Francisco	CA	94124	regrained.com	First Democracy VC	0001683054	007-00076	285360
0001690165-18-000003	0			ReGrained, Inc.	Corporation		CA	2016-12-14	1550 Carroll Ave		San Francisco	CA	94124	regrained.com	First Democracy VC	0001683054	007-00076	285360
0001727168-18-000001	0			Hackrod Inc.	Corporation		DE	2017-02-21	21700 Oxnard St	Suite 2070	Woodland Hills	CA	91367	hackrod.com	First Democracy VC	0001683054	007-00076	285360
0001726635-18-000001	0			theCut LLC	Limited Liability Company		VA	2016-01-25	4491 CHESHIRE STATION PLAZA PMB 165		WOODBRIDGE	VA	22193	thecut.co	OpenDeal Inc.	0001672732	007-00046	283874
0001727469-18-000002	0			Majik Water LLC	Limited Liability Company		DE	2017-11-17	Githurai 44		Nairobi	M3	00000	www.majikwater.co	OpenDeal Inc.	0001672732	007-00046	283874
0001670254-18-000007	0		Included video transcripts, and updated business plan.	Daplie, Inc.	Corporation		UT	2015-08-12	250 W Center St.	Suite 240	Provo	UT	84601	https://daplie.com	Wefunder Portal LLC	0001670254	007-00033	283503
0001724714-18-000003	0		Additional risk factor added.	Gryphon Online Safety, Inc.	Corporation		DE	2014-01-30	10265 PRAIRIE SPRINGS ROAD		SAN DIEGO	CA	92127	https://www.gryphonconnect.com/	SI SECURITIES, LLC	0001603038	008-69440	000170937
0001674439-18-000002	0		Extended the campaign until 4/16/2018	NextRX Inc.	Corporation		NV	2015-09-01	8670 WEST CHEYENNE AVENUE	SUITE 120	LAS VEGAS	NV	89129	www.nextrx.net	truCrowd, Inc	0001667145	007-00015	
0001717408-18-000001	0	The issuer raised $5455.00, which fell below its minimum goal of $25,000.00.  Therefore, all funds were returned to the 38 investors.		EvaBot Inc.	Corporation		DE	2015-07-22	1610 Quesada Ave		San Francisco	CA	94124	www.evabot.ai	OpenDeal Inc. dba &quot;Republic&quot;	0001672732	007-00046	283874
0001724714-18-000001	0			Gryphon Online Safety, Inc.	Corporation		DE	2014-01-30	10265 PRAIRIE SPRINGS ROAD		SAN DIEGO	CA	92127	https://www.gryphonconnect.com/	SI SECURITIES, LLC	0001603038	008-69440	000170937
0001726531-18-000003	0		Updating the State of incorporation to Delaware and Date of signature by the Officer.	Unlimited Tomorrow, Inc.	General Partnership		DE	2014-02-06	2918 Eastborough Dr.		Fort Collins	CO	80525	http://www.unlimitedtomorrow.com/	First Democracy VC	0001683054	007-00076	285360
0001665160-18-000040	0	At the close of the offering, the amount closed on is $19,800.00 and 6,600 number of securities sold, final amount subject to change pending final receipt of committed investments.		1787 Financial Corporation, Inc.	Corporation		DE	2016-01-28	2231 CRYSTAL CITY DRIVE #1000		ARLINGTON	VA	22202	www.1787fp.co	StartEngine Capital, LLC	0001665160	007-00007	
0001726531-18-000001	0			Unlimited Tomorrow, Inc.	Corporation		CO	2014-02-06	2918 Eastborough Dr.		Fort Collins	CO	80525	http://www.unlimitedtomorrow.com/	First Democracy VC	0001683054	007-00076	285360
0001665160-18-000039	1		Issuer will be extending the end date of their offering	GeoOrbital Inc.	Corporation		DE	2014-08-07	1 BROADWAY 14TH FLOOR		CAMBRIDGE	MA	02142	www.geoo.com	StartEngine Capital LLC	0001665160	007-00007	
0001719970-18-000001	1		Change name from Digital Currency Growth LLC to Digital Frontier Marketing LLC	Digital Currency Growth LLC	Limited Liability Company		FL	2017-09-19	1449 WETHERINGTON WAY		PALM HARBOR	FL	34683	digitalcurrencygrowth.com	truCrowd, Inc	0001667145	007-00015	
0001724740-18-000001	0	The issuer raised a total of $1,070,000 during the offering period.		YouNow Services LLC	Limited Liability Company		DE	2017-12-04	6324 FAIRMOUNT AVE #2591		EL CERITO	CA	94530	None	OpenDeal Inc.	0001672732	007-00046	283874
0001668287-18-000005	0			English for a Song, Inc.	Corporation		DE	2016-08-01	140 RIVERSIDE DRIVE	APT 5D	NEW YORK	NY	10024	http://www.englishforasong.org	Razitall, Inc.	0001668287	007-00026	
0001717615-18-000001	1		Extending Offering Deadline from 1/31/2018 to 12/31/2018; Correcting Offering Statement; Correcting Business Plan.	Triumph Wine Group, LLC	Limited Liability Company		CA	2016-09-02	600 TRANCAS STREET	2ND FLOOR	NAPA	CA	94558	http://triumphwinegroup.com/	FlashFunders Funding Portal, LLC	0001665087	007-00009	
0001670254-18-000005	0			Wind River Biomass Utility LLC	Limited Liability Company		WA	2012-05-10	250 NE Vista Drive	PO Box 658	Stevenson	WA	98648	https://portofskamania.org/wrbiomass	Wefunder Portal LLC	0001670254	007-00033	283503
0001720033-18-000001	1		The offering deadline is hereby amended from March 1st, 2018 to April 30, 2018.	Vico Neve LLC	Limited Liability Company		NY	2011-05-11	338 E 67TH STREET, SUITE 29		NEW YORK	NY	10065	www.altaneve.com	OpenDeal Inc.	0001672732	007-00046	283874
0001719701-18-000001	0	The issuer raised approximately $66,461 during the offering period.  Payments are still being process; the exact amount has yet to be determined.		Tropical Sunshine Products, LLC	Limited Liability Company		CA	2015-10-27	703 Pier Ave Suite B-320	703 Pier Ave Suite B-320	hermosa beach	CA	90254	www.palmandbean.com	First Democracy VC	0001683054	007-00076	285360
0001724453-18-000001	0	The issuer raised approximately $248,380 during the offering period.  Payments are still being processed; the exact amount has yet to be determined.		Fanchise League Company LLC	Limited Liability Company		DE	2017-10-11	5792 W Jefferson Blvd		Los Angeles	CA	90016	www.fcfl.io	First Democracy VC	0001683054	007-00076	285360
0001665160-18-000035	0			Nexus eWater Holdings, Inc.	Corporation		DE	2014-12-08	5945 Pacific Center Blvd	Suite 509	San Diego	CA	92121	www.nexus-e-water.com	StartEngine Capital, LLC	0001665160	007-00007	
0001665160-18-000033	0	At the close of the offering, the amount closed on is $11,250.00 and 11,250 number of securities sold, final amount subject to change pending final receipt of committed investments		Style Station	Corporation		DE	2016-10-20	7111 SANTA MONICA BLVD., STE B	#174	WEST HOLLYWOOD	CA	90046	www.thestylestation.com	StartEngine Capital, LLC	0001665160	007-00007	
0001705841-18-000001	0	Issuer failed to reach its target offering amount, all funds committed by investors were returned by the escrow agent		PERCEPTRE INC	Corporation		FL	2016-09-09	1422 HENDRY ST	3RD FLOOR	FORT MYERS	FL	33901	perceptre.net	NetCapital Funding Portal Inc.	0001669191	007-00035	283596
0001665160-18-000032	1		Issuer is updating minimum investment amount, maximum offering amount, and extending the end date of the campaign.	General Presence Inc.	Corporation		DE	2011-02-28	26 WESTMINSTER AVENUE UNIT 4		VENICE	CA	90291	https://zenvideo.co	StartEngine Capital, LLC	0001665160	007-00007	
0001670254-18-000003	0	The final number is $307,965.00 in investments.		That Christmas Movie LLC	Limited Liability Company		CA	2017-02-17	PO Box 50201		Studio City	CA	91614	http://www.thatchristmasmovie.com	Wefunder Portal LLC	0001670254	007-00033	283503
0001670254-18-000004	0	$74,856.00 in investments. Payments are still being processed; final number is yet to be determined.		BLAZnTECH, Inc.	Corporation		DE	2016-11-04	13850 Ballantyne Corporate Pl Suite 500		Charlotte	NC	28277	https://blazntech.com	Wefunder Portal LLC	0001670254	007-00033	283503
0001723348-18-000002	0	50% and 100% minimum funding target ($10,000) reached. Final number yet to be determined.		Millie's Ice Cream Truck, LLC	Limited Liability Company		PA	2017-11-14	6901 LYNN WAY		PITTSBURGH	PA	15208	http://www.millieshomemade.com/	Honeycomb Portal LLC	0001705726	007-00119	289015
0001716791-18-000001	0		The Form C of the Company dated October 24, 2017 is hereby amended to shorten the offering deadline to January 31, 2018 at 11:59pm PT.	HireClub.com	Corporation		DE	2017-08-17	385 29TH ST #3		SAN FRANCISCO	CA	94131	https://hireclub.com	OpenDeal Inc.	0001672732	007-00046	283874
0001665160-18-000026	0			GarageSkins, Inc.	Corporation		OR	2014-12-24	2191 Meadow Place SE		Albany	OR	97322	http://www.garageskins.com	StartEngine Capital, LLC	0001665160	007-00007	
0001665160-18-000030	0			Wolfie Services Corporation	Corporation		PA	2015-12-29	65 Golf Club Drive		Langhorne	PA	19047	www.wolfie.com	StartEngine Capital, LLC	0001665160	007-00007	
0001665160-18-000024	0	At the close of the offering, the amount closed on is $27,900.00 and 27,900 number of securities sold (final amount subject to change pending final receipt of committed investments).		YE US. Inc	Corporation		DE	2016-07-11	17/2 YERVAND KOCHAR ST		YEREVAN	1B	0070	www.yecup.org	StartEngine Capital, LLC	0001665160	007-00007	
0001665160-18-000022	0		Corrected date of incorporation and state of formation.	Alkane Truck Company, Inc	Corporation		GA	2011-06-24	1053 LONDON STREET		MYRTLE BEACH	SC	29577	www.alkanetruckcompany.com	StartEngine Capital, LLC	0001665160	007-00007	
0001723949-18-000006	0		Correction to the CIK number of the intermediary, Thrivera Venture Funds I, LLC dba Wunderfund.	Fatwood LLC	Limited Liability Company		OH	2017-08-28	7406 JAGER CT.		CINCINNATI	OH	45230	www.flipdaddys.com	Thrivera Ventures Fund I, LLC	0001707360	007-00116	
0001665160-18-000021	0		Updating end date before company goes live	Powell Development Group Inc.	Corporation		NV	2013-03-20	2600 W. 225TH STREET		TORRANCE	CA	90505	www.galacticcap.com	StartEngine Capital, LLC	0001665160	007-00007	
0001706939-18-000001	0	The company has raised $492,540.23 from 538 investors.		kulaBrands, Inc.	Corporation		DE	2016-05-25	16509 E ARROYO VISTA DR		FOUNTAIN HILLS	AZ	85268	kulabrands.com	truCrowd, Inc	0001667145	007-00015	
0001668287-18-000003	0			Green Saver LLC	Limited Liability Company		NV	2017-02-28	105 Oak Park Drive Suite D		Mooresville	NC	28115	www.greensaveradditive.com/	Razitall Inc	0001668287	007-00026	
0001669191-18-000012	0			ContentOro, Inc.														
0001665160-18-000018	0			Powell Development Group, Inc.	Corporation		NV	2013-03-20	2600 W. 225th Street		Torrance	CA	90505	www.galacticcap.com	StartEngine Capital, LLC	0001665160	007-00007	
0001669753-18-000001	0	The Offering failed due to the Issuer's failure to meet all the terms of the Offering prescribed in the Form C filed on October 14, 2017. All purchases in this Offering were returned to the Purchasers.		Whoseyourlandlord, Inc.	Corporation		DE	2015-04-07	413 HALSEY ST.	STE 3	BROOKLYN	NY	11233	https://www.whoseyourlandlord.com/	SI Securities, LLC	0001603038	008-69440	170937
0001670254-18-000002	0		Changed deadline date, included video transcript, and updated business plan.	MOBODEXTER INC	Corporation		DE	2013-11-22	616 Corporate Way,	Suite 2-6564	Valley Cottage	NY	10989	http://www.mobodexter.com	Wefunder Portal LLC	0001670254	007-00033	283503
0001669753-18-000002	0			Whoseyourlandlord, Inc.	Corporation		DE	2015-04-08	413 HALSEY ST.	STE 3	BROOKLYN	NY	11233	https://www.whoseyourlandlord.com/	OpenDeal Inc.	0001672732	007-00046	283874
0001665160-18-000015	0			StorEn Technologies, Inc.	Corporation		DE	2017-01-03	25 Health Sciences Drive		Stony Brook	NY	11790	www.storen.tech	StartEngine Capital, LLC	0001665160	007-00007	
0001690447-18-000001	1		The Form C of the Company dated November 14, 2017 is hereby amended to extend the offering deadline to February 19, 2018 at 11:59pm PT.	Owlized, Inc.	Corporation		DE	2013-12-24	1062 FOLSOM ST. SUITE 301		SAN FRANCISCO	CA	94103	www.owlized.com	OpenDeal Inc.	0001672732	007-00046	283874
0001715496-18-000001	0	Successfully sold $14,550 of a Revenue Share Security		Liberty Acres Farm LLC	Limited Liability Company		PA	2016-02-02	1823 LAKE MINSI DRIVE		BANGOR	PA	18013	http://www.LibertyAcresFarmPa.com	GrowthFountain Capital LLC	0001668506	007-00028	
0001719434-18-000001	0	Issuer completed offering, selling 31,500 shares and raising $31,500.		Healing Budz, Inc	Corporation		FL	2017-09-22	6826 NW 169 ST		MIAMI	FL	33015	http://www.healingbudz.com	GrowthFountain Capital LLC	0001668506	007-00028	
0001665160-18-000013	1		Issuer is extending their campaign.	Kind Katie Movie Partners, LLC	Limited Liability Company		GA	2017-03-04	3973 FOXGLOVE ROAD		TUCKER	GA	30084	www.kindkatiemovie.com	StartEngine Capital, LLC	0001665160	007-00007	
0001665160-18-000012	1		Extending campaign by 60 days.	Sun Fund Renewables Inc.	Corporation		DE	2017-09-09	185 PLAINS ROAD	SUITE 100E	MILFORD	CT	06461	http://www.sun.fund	StartEngine Capital, LLC	0001665160	007-00007	
0001664957-18-000001	0	The Issuer raised approximately $72,355 during the offering period. Payments are still being processed. The exact amount is yet to be determined.		Pearachute Inc.	Corporation		DE	2015-11-23	320 WEST OHIO STREET	SUITE 3W	CHICAGO	IL	60654	https://www.pearachutekids.com	OpenDeal Inc.	0001672732	007-00046	283874
0001719882-18-000001	1		The Form C filed November 17, 2017 is hereby amended to (i) extend the offering deadline, (ii) insert reviewed financial statements, and  (iii) increase the maximum amount offered.	MiqroTech	Limited Liability Company		PA	2016-05-04	111 PICADILLY ROAD		PORT MATILDA	PA	16870	www.miqrotech.com	OpenDeal Inc.	0001672732	007-00046	284874
0001665160-18-000011	0			BioClonetics Immunotherapeutics, Inc.	Corporation		TX	2009-12-24	1756 Bison Meadow Lane		Heath	TX	75032	www.bioclonetics.com	StartEngine Capital, LLC	0001665160	007-00007	
0001723348-18-000001	0		Update to close date and minimum offering amount.	Millie's Ice Cream Truck, LLC	Limited Liability Company		PA	2017-11-14	6901 LYNN WAY		PITTSBURGH	PA	15208	http://www.millieshomemade.com/	Honeycomb Portal LLC	0001705726	007-00119	289015
0001726062-18-000002	0			GLANCE TECH, INC.	Corporation		DE	2017-10-04	251 LITTLE FALLS DRIVE		WILMINGTON	DE	19808	glanceclock.com	SI SECURITIES, LLC	0001603038	008-69440	000170937
0001665160-18-000008	0			Epec Holdings, Inc.	Corporation		FL	2008-10-09	1776 Pine Island Rd.	Suite 316	Plantation	FL	33322	http://www.jamesfchyde.com/	StartEngine Capital, LLC	0001665160	007-00007	
0001665160-18-000006	0	At the close of offering the issuer has closed on 100,000 securities and $100,000 in funds.		Jasperate, Inc	Corporation		IL	2017-03-30	1932 PLEASANT HILL LANE		LISLE	IL	60532	www.jasperate.com	StartEngine Capital, LLC	0001665160	007-00007	
0001669191-18-000011	1		Issuer changed offering proces and number of shares availabile	CARROT pass, LLC	Limited Liability Company		MI	2014-12-17	628 Parent Ave Suite 100		Royal Oak	MI	48067	carrotwellness.com	NetCapital Funding Portal Inc.	0001669191	007-00035	283596
0001665160-18-000004	0	At the close of offering the issuer sold 32,175 securities for $32,175.		Personal Airline Exchange, Inc.	Corporation		DE	2008-01-29	401 WILSHIRE BLVD.	SUITE 1070	SANTA MONICA	CA	90401	http://www.pax.aero	StartEngine Capital, LLC	0001665160	007-00007	
0001669191-18-000009	0			Neurotez Inc.	Corporation		DE	2005-10-14	991 Highway 22	SUITE 200A	Bridgewater	NJ	08807	www.neurotez.com	NetCapital Funding Portal Inc.	0001669191	007-00035	283596
0001665160-18-000003	0	At the close of offering the issuer has closed on 1,866 securities and $18,660 in funds.		Quad Marine Inc.	Corporation		DE	2017-04-10	P.O. BOX 1434		EL SEGUNDO	CA	90245	www.QuadMarine.com	StartEngine Capital, LLC	0001665160	007-00007	
0001665160-18-000005	0	At the close of offering the issuer sold 32,235 securities for $32,235.00.		Martell Broadcasting Systems Inc	Corporation		DE	2013-11-15	1820 AVENUE M UNIT #515		BROOKYLN	NY	11230	http://www.zenither.com/	StartEngine Capital, LLC	0001665160	007-00007	
0001723949-18-000004	0			Fatwood LLC	Limited Liability Company		OH	2017-08-28	7406 JAGER CT.		CINCINNATI	OH	45230	www.flipdaddys.com	Thrivera	0001683115	007-00075	
0001665160-18-000002	0	The company closed on 199.7 securities and 19,970 funds.		ICFB Productions LLC	Limited Liability Company		NY	2017-04-09	353 W. 48TH ST 4FL #PMB 450		NEW YORK	NY	10036	itcamefrombeyond.com	StartEngine Capital, LLC	0001665160	007-00007	
0001665160-18-000001	0	The company has closed with 29,361.00 securities and $29,361.00 funds		FAMA, Inc.	Corporation		GA	2015-07-10	13010 MORRIS ROAD	BUILDING 1, SUITE 600	ALPHARETTA	GA	30534	https://www.famacash.com	StartEngine Capital, LLC	0001665160	007-00007	
0001722007-18-000003	0		Updated to include campaign page screenshot.	Pittsburgh Juice Co	Limited Liability Company		PA	2013-03-16	3418 PENN AVENUE		PITTSBURGH	PA	15201	https://pittsburghjuicecompany.com/	Honeycomb Portal LLC	0001705726	007-00119	289015
0001670254-18-000001	0		Extend deadline date, and update business plan.	Lizzy and Hae, LLC	Limited Liability Company		CA	2017-04-19	747 54th St.	#4	Oakland	CA	94609	http://OiseauFoods.com	Wefunder Portal LLC	0001670254	007-00033	283503
0001715237-18-000001	0	The issuer raised approximately $123,698 during the offering period.  Payments are still being processed; the exact amount has yet to be determined.		Hammering Hebrew LLC	Limited Liability Company		NV	2017-07-11	7215 Hillside Ave, 2		Los Angeles	CA	90046	http://hammervshitler.com/	First Democracy VC	0001683054	007-00076	285360
0001708151-18-000001	0	The issuer has sold in total 1,212 shares of its common stocks during this offering at $10.00 per share, representing an amount of $12,120.		Uni-Boil MP Inc.	Corporation		CA	2015-05-08	500 NORTH ATLANTIC BLVD.	#127	MONTEREY PARK	CA	91754	http://www.uniboil.com	Mr. Crowd	0001666102	007-00042	284278
0001669191-18-000006	0		Issuer extended offering deadline	Fathom Drones Inc.	Corporation		DE	2017-06-30	401 Hall Street	Suite 213	Grand Rapids	MI	49503	fathomdrone.com	NetCapital Funding Portal Inc.	0001669191	007-00035	283596
0001669191-18-000003	0			CARROT pass, LLC	Limited Liability Company		MI	2014-12-17	628 Parent Ave Suite 100		Royal Oak	MI	48067	carrotwellness.com	NetCapital Funding Portal Inc.	0001669191	007-00035	283596
0001644600-17-000174	0			GoFish Cam, Inc.	Corporation		DE	2015-11-02	4600 COMMANDERS POINT DRIVE		AUSTIN	TX	78734	www.gofishcam.com				
